[debug] [2026-05-11T15:09:31.892Z] [Firebase Plugin] Activating Firebase extension.
[debug] [2026-05-11T15:09:34.712Z] [Firebase Plugin] requireAuthWrapper
[debug] [2026-05-11T15:09:34.714Z] > command requires scopes: ["email","openid","https://www.googleapis.com/auth/cloudplatformprojects.readonly","https://www.googleapis.com/auth/firebase","https://www.googleapis.com/auth/cloud-platform"]
[debug] [2026-05-11T15:09:34.714Z] > authorizing via signed-in user (desarrollo.it@bacarsa.com.ar)
[debug] [2026-05-11T15:09:34.716Z] Checked if tokens are valid: true, expires at: 1778515391571
[debug] [2026-05-11T15:09:34.716Z] Checked if tokens are valid: true, expires at: 1778515391571
[debug] [2026-05-11T15:09:34.716Z] [Firebase Plugin] User found:  desarrollo.it@bacarsa.com.ar
[info] [Firebase Plugin] (Core:Project) New user detected, fetching projects
[debug] [2026-05-11T15:09:34.717Z] Checked if tokens are valid: true, expires at: 1778515391571
[debug] [2026-05-11T15:09:34.718Z] >>> [apiv2][query] GET https://firebase.googleapis.com/v1beta1/projects pageSize=1000
[debug] [2026-05-11T15:09:34.726Z] [Firebase Plugin] VSCode notification server listening on port 40001
[info] [Firebase Plugin] Starting SQL Connect toolkit (version 3.4.5) on port 50001
[debug] [2026-05-11T15:09:35.170Z] 'fdc build' failed with error: Unable to build your SQL Connect schema and connectors (exit code 1): E0511 12:09:35.163345   19732 cmd.go:43] Error loading data connect config: could not find dataconnect.yaml in `c:\Users\Usr\Documents\MiniAgente\dataconnect`
 {"metadata":{"emulator":{"name":"dataconnect"},"message":"'fdc build' failed with error: Unable to build your SQL Connect schema and connectors (exit code 1): E0511 12:09:35.163345   19732 cmd.go:43] Error loading data connect config: could not find dataconnect.yaml in `c:\\Users\\Usr\\Documents\\MiniAgente\\dataconnect`\n"}}
[debug] [2026-05-11T15:09:35.171Z] Ignoring unsupported arg: auto_download {"metadata":{"emulator":{"name":"dataconnect"},"message":"Ignoring unsupported arg: auto_download"}}
[debug] [2026-05-11T15:09:35.171Z] Ignoring unsupported arg: port {"metadata":{"emulator":{"name":"dataconnect"},"message":"Ignoring unsupported arg: port"}}
[debug] [2026-05-11T15:09:35.171Z] Starting SQL Connect Emulator with command {"binary":"C:\\Users\\Usr\\.cache\\firebase\\emulators\\dataconnect-emulator-3.4.5.exe","args":["--logtostderr","-v=2","dev","--listen=localhost:50001","--config_dir=c:\\Users\\Usr\\Documents\\MiniAgente\\dataconnect","--enable_output_schema_extensions=true","--enable_output_generated_sdk=true"],"optionalArgs":["listen","config_dir","enable_output_schema_extensions","enable_output_generated_sdk"],"joinArgs":true,"shell":false,"port":9399} {"metadata":{"emulator":{"name":"dataconnect"},"message":"Starting SQL Connect Emulator with command {\"binary\":\"C:\\\\Users\\\\Usr\\\\.cache\\\\firebase\\\\emulators\\\\dataconnect-emulator-3.4.5.exe\",\"args\":[\"--logtostderr\",\"-v=2\",\"dev\",\"--listen=localhost:50001\",\"--config_dir=c:\\\\Users\\\\Usr\\\\Documents\\\\MiniAgente\\\\dataconnect\",\"--enable_output_schema_extensions=true\",\"--enable_output_generated_sdk=true\"],\"optionalArgs\":[\"listen\",\"config_dir\",\"enable_output_schema_extensions\",\"enable_output_generated_sdk\"],\"joinArgs\":true,\"shell\":false,\"port\":9399}"}}
[info] i  dataconnect: SQL Connect Emulator logging to dataconnect-debug.log {"metadata":{"emulator":{"name":"dataconnect"},"message":"SQL Connect Emulator logging to \u001b[1mdataconnect-debug.log\u001b[22m"}}
[debug] [2026-05-11T15:09:35.214Z] E0511 12:09:35.203548   15348 dev.go:83] Failed to load initial config from "c:\\Users\\Usr\\Documents\\MiniAgente\\dataconnect": could not find dataconnect.yaml in `c:\Users\Usr\Documents\MiniAgente\dataconnect`
E0511 12:09:35.206670   15348 watch.go:116] watchAllDir unable to walk dir `c:\Users\Usr\Documents\MiniAgente\dataconnect`: GetFileAttributesEx c:\Users\Usr\Documents\MiniAgente\dataconnect: The system cannot find the file specified.
 {"metadata":{"emulator":{"name":"dataconnect"},"message":"E0511 12:09:35.203548   15348 dev.go:83] Failed to load initial config from \"c:\\\\Users\\\\Usr\\\\Documents\\\\MiniAgente\\\\dataconnect\": could not find dataconnect.yaml in `c:\\Users\\Usr\\Documents\\MiniAgente\\dataconnect`\nE0511 12:09:35.206670   15348 watch.go:116] watchAllDir unable to walk dir `c:\\Users\\Usr\\Documents\\MiniAgente\\dataconnect`: GetFileAttributesEx c:\\Users\\Usr\\Documents\\MiniAgente\\dataconnect: The system cannot find the file specified.\n"}}
[debug] [2026-05-11T15:09:35.228Z] I0511 12:09:35.222859   15348 dev.go:104] Listening on address (HTTP + gRPC): 127.0.0.1:50001
 {"metadata":{"emulator":{"name":"dataconnect"},"message":"I0511 12:09:35.222859   15348 dev.go:104] Listening on address (HTTP + gRPC): 127.0.0.1:50001\n"}}
[error] [Firebase Plugin] error:  {}
[debug] [2026-05-11T15:09:35.779Z] <<< [apiv2][status] GET https://firebase.googleapis.com/v1beta1/projects 200
[debug] [2026-05-11T15:09:35.779Z] <<< [apiv2][body] GET https://firebase.googleapis.com/v1beta1/projects [omitted]
[debug] [2026-05-11T15:09:45.217Z] E0511 12:09:45.208178   15348 watch.go:40] Failed to load config from "c:\\Users\\Usr\\Documents\\MiniAgente\\dataconnect": could not find dataconnect.yaml in `c:\Users\Usr\Documents\MiniAgente\dataconnect`
 {"metadata":{"emulator":{"name":"dataconnect"},"message":"E0511 12:09:45.208178   15348 watch.go:40] Failed to load config from \"c:\\\\Users\\\\Usr\\\\Documents\\\\MiniAgente\\\\dataconnect\": could not find dataconnect.yaml in `c:\\Users\\Usr\\Documents\\MiniAgente\\dataconnect`\n"}}
[debug] [2026-05-11T15:09:55.208Z] E0511 12:09:55.207912   15348 watch.go:40] Failed to load config from "c:\\Users\\Usr\\Documents\\MiniAgente\\dataconnect": could not find dataconnect.yaml in `c:\Users\Usr\Documents\MiniAgente\dataconnect`
 {"metadata":{"emulator":{"name":"dataconnect"},"message":"E0511 12:09:55.207912   15348 watch.go:40] Failed to load config from \"c:\\\\Users\\\\Usr\\\\Documents\\\\MiniAgente\\\\dataconnect\": could not find dataconnect.yaml in `c:\\Users\\Usr\\Documents\\MiniAgente\\dataconnect`\n"}}
[debug] [2026-05-11T15:10:05.208Z] E0511 12:10:05.207953   15348 watch.go:40] Failed to load config from "c:\\Users\\Usr\\Documents\\MiniAgente\\dataconnect": could not find dataconnect.yaml in `c:\Users\Usr\Documents\MiniAgente\dataconnect`
 {"metadata":{"emulator":{"name":"dataconnect"},"message":"E0511 12:10:05.207953   15348 watch.go:40] Failed to load config from \"c:\\\\Users\\\\Usr\\\\Documents\\\\MiniAgente\\\\dataconnect\": could not find dataconnect.yaml in `c:\\Users\\Usr\\Documents\\MiniAgente\\dataconnect`\n"}}
[debug] [2026-05-11T15:10:15.208Z] E0511 12:10:15.208103   15348 watch.go:40] Failed to load config from "c:\\Users\\Usr\\Documents\\MiniAgente\\dataconnect": could not find dataconnect.yaml in `c:\Users\Usr\Documents\MiniAgente\dataconnect`
 {"metadata":{"emulator":{"name":"dataconnect"},"message":"E0511 12:10:15.208103   15348 watch.go:40] Failed to load config from \"c:\\\\Users\\\\Usr\\\\Documents\\\\MiniAgente\\\\dataconnect\": could not find dataconnect.yaml in `c:\\Users\\Usr\\Documents\\MiniAgente\\dataconnect`\n"}}
[debug] [2026-05-11T15:10:25.208Z] E0511 12:10:25.208297   15348 watch.go:40] Failed to load config from "c:\\Users\\Usr\\Documents\\MiniAgente\\dataconnect": could not find dataconnect.yaml in `c:\Users\Usr\Documents\MiniAgente\dataconnect`
 {"metadata":{"emulator":{"name":"dataconnect"},"message":"E0511 12:10:25.208297   15348 watch.go:40] Failed to load config from \"c:\\\\Users\\\\Usr\\\\Documents\\\\MiniAgente\\\\dataconnect\": could not find dataconnect.yaml in `c:\\Users\\Usr\\Documents\\MiniAgente\\dataconnect`\n"}}
[debug] [2026-05-11T15:10:35.208Z] E0511 12:10:35.208069   15348 watch.go:116] watchAllDir unable to walk dir `c:\Users\Usr\Documents\MiniAgente\dataconnect`: GetFileAttributesEx c:\Users\Usr\Documents\MiniAgente\dataconnect: The system cannot find the file specified.
E0511 12:10:35.208069   15348 watch.go:40] Failed to load config from "c:\\Users\\Usr\\Documents\\MiniAgente\\dataconnect": could not find dataconnect.yaml in `c:\Users\Usr\Documents\MiniAgente\dataconnect`
 {"metadata":{"emulator":{"name":"dataconnect"},"message":"E0511 12:10:35.208069   15348 watch.go:116] watchAllDir unable to walk dir `c:\\Users\\Usr\\Documents\\MiniAgente\\dataconnect`: GetFileAttributesEx c:\\Users\\Usr\\Documents\\MiniAgente\\dataconnect: The system cannot find the file specified.\nE0511 12:10:35.208069   15348 watch.go:40] Failed to load config from \"c:\\\\Users\\\\Usr\\\\Documents\\\\MiniAgente\\\\dataconnect\": could not find dataconnect.yaml in `c:\\Users\\Usr\\Documents\\MiniAgente\\dataconnect`\n"}}
[debug] [2026-05-11T15:10:45.208Z] E0511 12:10:45.208181   15348 watch.go:40] Failed to load config from "c:\\Users\\Usr\\Documents\\MiniAgente\\dataconnect": could not find dataconnect.yaml in `c:\Users\Usr\Documents\MiniAgente\dataconnect`
 {"metadata":{"emulator":{"name":"dataconnect"},"message":"E0511 12:10:45.208181   15348 watch.go:40] Failed to load config from \"c:\\\\Users\\\\Usr\\\\Documents\\\\MiniAgente\\\\dataconnect\": could not find dataconnect.yaml in `c:\\Users\\Usr\\Documents\\MiniAgente\\dataconnect`\n"}}
[debug] [2026-05-11T15:10:55.208Z] E0511 12:10:55.208250   15348 watch.go:40] Failed to load config from "c:\\Users\\Usr\\Documents\\MiniAgente\\dataconnect": could not find dataconnect.yaml in `c:\Users\Usr\Documents\MiniAgente\dataconnect`
 {"metadata":{"emulator":{"name":"dataconnect"},"message":"E0511 12:10:55.208250   15348 watch.go:40] Failed to load config from \"c:\\\\Users\\\\Usr\\\\Documents\\\\MiniAgente\\\\dataconnect\": could not find dataconnect.yaml in `c:\\Users\\Usr\\Documents\\MiniAgente\\dataconnect`\n"}}
[debug] [2026-05-11T15:11:05.208Z] E0511 12:11:05.207911   15348 watch.go:40] Failed to load config from "c:\\Users\\Usr\\Documents\\MiniAgente\\dataconnect": could not find dataconnect.yaml in `c:\Users\Usr\Documents\MiniAgente\dataconnect`
 {"metadata":{"emulator":{"name":"dataconnect"},"message":"E0511 12:11:05.207911   15348 watch.go:40] Failed to load config from \"c:\\\\Users\\\\Usr\\\\Documents\\\\MiniAgente\\\\dataconnect\": could not find dataconnect.yaml in `c:\\Users\\Usr\\Documents\\MiniAgente\\dataconnect`\n"}}
[debug] [2026-05-11T15:11:15.208Z] E0511 12:11:15.208089   15348 watch.go:40] Failed to load config from "c:\\Users\\Usr\\Documents\\MiniAgente\\dataconnect": could not find dataconnect.yaml in `c:\Users\Usr\Documents\MiniAgente\dataconnect`
 {"metadata":{"emulator":{"name":"dataconnect"},"message":"E0511 12:11:15.208089   15348 watch.go:40] Failed to load config from \"c:\\\\Users\\\\Usr\\\\Documents\\\\MiniAgente\\\\dataconnect\": could not find dataconnect.yaml in `c:\\Users\\Usr\\Documents\\MiniAgente\\dataconnect`\n"}}
[debug] [2026-05-11T15:11:25.208Z] E0511 12:11:25.208075   15348 watch.go:40] Failed to load config from "c:\\Users\\Usr\\Documents\\MiniAgente\\dataconnect": could not find dataconnect.yaml in `c:\Users\Usr\Documents\MiniAgente\dataconnect`
 {"metadata":{"emulator":{"name":"dataconnect"},"message":"E0511 12:11:25.208075   15348 watch.go:40] Failed to load config from \"c:\\\\Users\\\\Usr\\\\Documents\\\\MiniAgente\\\\dataconnect\": could not find dataconnect.yaml in `c:\\Users\\Usr\\Documents\\MiniAgente\\dataconnect`\n"}}
[debug] [2026-05-11T15:11:35.208Z] E0511 12:11:35.208098   15348 watch.go:116] watchAllDir unable to walk dir `c:\Users\Usr\Documents\MiniAgente\dataconnect`: GetFileAttributesEx c:\Users\Usr\Documents\MiniAgente\dataconnect: The system cannot find the file specified.
 {"metadata":{"emulator":{"name":"dataconnect"},"message":"E0511 12:11:35.208098   15348 watch.go:116] watchAllDir unable to walk dir `c:\\Users\\Usr\\Documents\\MiniAgente\\dataconnect`: GetFileAttributesEx c:\\Users\\Usr\\Documents\\MiniAgente\\dataconnect: The system cannot find the file specified.\n"}}
[debug] [2026-05-11T15:11:35.208Z] E0511 12:11:35.208098   15348 watch.go:40] Failed to load config from "c:\\Users\\Usr\\Documents\\MiniAgente\\dataconnect": could not find dataconnect.yaml in `c:\Users\Usr\Documents\MiniAgente\dataconnect`
 {"metadata":{"emulator":{"name":"dataconnect"},"message":"E0511 12:11:35.208098   15348 watch.go:40] Failed to load config from \"c:\\\\Users\\\\Usr\\\\Documents\\\\MiniAgente\\\\dataconnect\": could not find dataconnect.yaml in `c:\\Users\\Usr\\Documents\\MiniAgente\\dataconnect`\n"}}
[debug] [2026-05-11T15:11:45.211Z] E0511 12:11:45.211012   15348 watch.go:40] Failed to load config from "c:\\Users\\Usr\\Documents\\MiniAgente\\dataconnect": could not find dataconnect.yaml in `c:\Users\Usr\Documents\MiniAgente\dataconnect`
 {"metadata":{"emulator":{"name":"dataconnect"},"message":"E0511 12:11:45.211012   15348 watch.go:40] Failed to load config from \"c:\\\\Users\\\\Usr\\\\Documents\\\\MiniAgente\\\\dataconnect\": could not find dataconnect.yaml in `c:\\Users\\Usr\\Documents\\MiniAgente\\dataconnect`\n"}}
[debug] [2026-05-11T15:11:55.208Z] E0511 12:11:55.207951   15348 watch.go:40] Failed to load config from "c:\\Users\\Usr\\Documents\\MiniAgente\\dataconnect": could not find dataconnect.yaml in `c:\Users\Usr\Documents\MiniAgente\dataconnect`
 {"metadata":{"emulator":{"name":"dataconnect"},"message":"E0511 12:11:55.207951   15348 watch.go:40] Failed to load config from \"c:\\\\Users\\\\Usr\\\\Documents\\\\MiniAgente\\\\dataconnect\": could not find dataconnect.yaml in `c:\\Users\\Usr\\Documents\\MiniAgente\\dataconnect`\n"}}
[debug] [2026-05-11T15:12:05.208Z] E0511 12:12:05.207826   15348 watch.go:40] Failed to load config from "c:\\Users\\Usr\\Documents\\MiniAgente\\dataconnect": could not find dataconnect.yaml in `c:\Users\Usr\Documents\MiniAgente\dataconnect`
 {"metadata":{"emulator":{"name":"dataconnect"},"message":"E0511 12:12:05.207826   15348 watch.go:40] Failed to load config from \"c:\\\\Users\\\\Usr\\\\Documents\\\\MiniAgente\\\\dataconnect\": could not find dataconnect.yaml in `c:\\Users\\Usr\\Documents\\MiniAgente\\dataconnect`\n"}}
[debug] [2026-05-11T15:12:15.208Z] E0511 12:12:15.208158   15348 watch.go:40] Failed to load config from "c:\\Users\\Usr\\Documents\\MiniAgente\\dataconnect": could not find dataconnect.yaml in `c:\Users\Usr\Documents\MiniAgente\dataconnect`
 {"metadata":{"emulator":{"name":"dataconnect"},"message":"E0511 12:12:15.208158   15348 watch.go:40] Failed to load config from \"c:\\\\Users\\\\Usr\\\\Documents\\\\MiniAgente\\\\dataconnect\": could not find dataconnect.yaml in `c:\\Users\\Usr\\Documents\\MiniAgente\\dataconnect`\n"}}
[debug] [2026-05-11T15:12:25.208Z] E0511 12:12:25.207862   15348 watch.go:40] Failed to load config from "c:\\Users\\Usr\\Documents\\MiniAgente\\dataconnect": could not find dataconnect.yaml in `c:\Users\Usr\Documents\MiniAgente\dataconnect`
 {"metadata":{"emulator":{"name":"dataconnect"},"message":"E0511 12:12:25.207862   15348 watch.go:40] Failed to load config from \"c:\\\\Users\\\\Usr\\\\Documents\\\\MiniAgente\\\\dataconnect\": could not find dataconnect.yaml in `c:\\Users\\Usr\\Documents\\MiniAgente\\dataconnect`\n"}}
[debug] [2026-05-11T15:12:35.208Z] E0511 12:12:35.207876   15348 watch.go:116] watchAllDir unable to walk dir `c:\Users\Usr\Documents\MiniAgente\dataconnect`: GetFileAttributesEx c:\Users\Usr\Documents\MiniAgente\dataconnect: The system cannot find the file specified.
 {"metadata":{"emulator":{"name":"dataconnect"},"message":"E0511 12:12:35.207876   15348 watch.go:116] watchAllDir unable to walk dir `c:\\Users\\Usr\\Documents\\MiniAgente\\dataconnect`: GetFileAttributesEx c:\\Users\\Usr\\Documents\\MiniAgente\\dataconnect: The system cannot find the file specified.\n"}}
[debug] [2026-05-11T15:12:35.208Z] E0511 12:12:35.207876   15348 watch.go:40] Failed to load config from "c:\\Users\\Usr\\Documents\\MiniAgente\\dataconnect": could not find dataconnect.yaml in `c:\Users\Usr\Documents\MiniAgente\dataconnect`
 {"metadata":{"emulator":{"name":"dataconnect"},"message":"E0511 12:12:35.207876   15348 watch.go:40] Failed to load config from \"c:\\\\Users\\\\Usr\\\\Documents\\\\MiniAgente\\\\dataconnect\": could not find dataconnect.yaml in `c:\\Users\\Usr\\Documents\\MiniAgente\\dataconnect`\n"}}
[debug] [2026-05-11T15:12:45.208Z] E0511 12:12:45.207992   15348 watch.go:40] Failed to load config from "c:\\Users\\Usr\\Documents\\MiniAgente\\dataconnect": could not find dataconnect.yaml in `c:\Users\Usr\Documents\MiniAgente\dataconnect`
 {"metadata":{"emulator":{"name":"dataconnect"},"message":"E0511 12:12:45.207992   15348 watch.go:40] Failed to load config from \"c:\\\\Users\\\\Usr\\\\Documents\\\\MiniAgente\\\\dataconnect\": could not find dataconnect.yaml in `c:\\Users\\Usr\\Documents\\MiniAgente\\dataconnect`\n"}}
[debug] [2026-05-11T15:12:55.208Z] E0511 12:12:55.208087   15348 watch.go:40] Failed to load config from "c:\\Users\\Usr\\Documents\\MiniAgente\\dataconnect": could not find dataconnect.yaml in `c:\Users\Usr\Documents\MiniAgente\dataconnect`
 {"metadata":{"emulator":{"name":"dataconnect"},"message":"E0511 12:12:55.208087   15348 watch.go:40] Failed to load config from \"c:\\\\Users\\\\Usr\\\\Documents\\\\MiniAgente\\\\dataconnect\": could not find dataconnect.yaml in `c:\\Users\\Usr\\Documents\\MiniAgente\\dataconnect`\n"}}
[debug] [2026-05-11T15:13:05.207Z] E0511 12:13:05.207770   15348 watch.go:40] Failed to load config from "c:\\Users\\Usr\\Documents\\MiniAgente\\dataconnect": could not find dataconnect.yaml in `c:\Users\Usr\Documents\MiniAgente\dataconnect`
 {"metadata":{"emulator":{"name":"dataconnect"},"message":"E0511 12:13:05.207770   15348 watch.go:40] Failed to load config from \"c:\\\\Users\\\\Usr\\\\Documents\\\\MiniAgente\\\\dataconnect\": could not find dataconnect.yaml in `c:\\Users\\Usr\\Documents\\MiniAgente\\dataconnect`\n"}}
[debug] [2026-05-11T15:13:15.208Z] E0511 12:13:15.208153   15348 watch.go:40] Failed to load config from "c:\\Users\\Usr\\Documents\\MiniAgente\\dataconnect": could not find dataconnect.yaml in `c:\Users\Usr\Documents\MiniAgente\dataconnect`
 {"metadata":{"emulator":{"name":"dataconnect"},"message":"E0511 12:13:15.208153   15348 watch.go:40] Failed to load config from \"c:\\\\Users\\\\Usr\\\\Documents\\\\MiniAgente\\\\dataconnect\": could not find dataconnect.yaml in `c:\\Users\\Usr\\Documents\\MiniAgente\\dataconnect`\n"}}
[debug] [2026-05-11T15:13:25.208Z] E0511 12:13:25.208192   15348 watch.go:40] Failed to load config from "c:\\Users\\Usr\\Documents\\MiniAgente\\dataconnect": could not find dataconnect.yaml in `c:\Users\Usr\Documents\MiniAgente\dataconnect`
 {"metadata":{"emulator":{"name":"dataconnect"},"message":"E0511 12:13:25.208192   15348 watch.go:40] Failed to load config from \"c:\\\\Users\\\\Usr\\\\Documents\\\\MiniAgente\\\\dataconnect\": could not find dataconnect.yaml in `c:\\Users\\Usr\\Documents\\MiniAgente\\dataconnect`\n"}}
[debug] [2026-05-11T15:13:35.208Z] E0511 12:13:35.208257   15348 watch.go:116] watchAllDir unable to walk dir `c:\Users\Usr\Documents\MiniAgente\dataconnect`: GetFileAttributesEx c:\Users\Usr\Documents\MiniAgente\dataconnect: The system cannot find the file specified.
 {"metadata":{"emulator":{"name":"dataconnect"},"message":"E0511 12:13:35.208257   15348 watch.go:116] watchAllDir unable to walk dir `c:\\Users\\Usr\\Documents\\MiniAgente\\dataconnect`: GetFileAttributesEx c:\\Users\\Usr\\Documents\\MiniAgente\\dataconnect: The system cannot find the file specified.\n"}}
[debug] [2026-05-11T15:13:35.209Z] E0511 12:13:35.208257   15348 watch.go:40] Failed to load config from "c:\\Users\\Usr\\Documents\\MiniAgente\\dataconnect": could not find dataconnect.yaml in `c:\Users\Usr\Documents\MiniAgente\dataconnect`
 {"metadata":{"emulator":{"name":"dataconnect"},"message":"E0511 12:13:35.208257   15348 watch.go:40] Failed to load config from \"c:\\\\Users\\\\Usr\\\\Documents\\\\MiniAgente\\\\dataconnect\": could not find dataconnect.yaml in `c:\\Users\\Usr\\Documents\\MiniAgente\\dataconnect`\n"}}
[debug] [2026-05-11T15:13:45.208Z] E0511 12:13:45.208240   15348 watch.go:40] Failed to load config from "c:\\Users\\Usr\\Documents\\MiniAgente\\dataconnect": could not find dataconnect.yaml in `c:\Users\Usr\Documents\MiniAgente\dataconnect`
 {"metadata":{"emulator":{"name":"dataconnect"},"message":"E0511 12:13:45.208240   15348 watch.go:40] Failed to load config from \"c:\\\\Users\\\\Usr\\\\Documents\\\\MiniAgente\\\\dataconnect\": could not find dataconnect.yaml in `c:\\Users\\Usr\\Documents\\MiniAgente\\dataconnect`\n"}}
[debug] [2026-05-11T15:13:55.208Z] E0511 12:13:55.208263   15348 watch.go:40] Failed to load config from "c:\\Users\\Usr\\Documents\\MiniAgente\\dataconnect": could not find dataconnect.yaml in `c:\Users\Usr\Documents\MiniAgente\dataconnect`
 {"metadata":{"emulator":{"name":"dataconnect"},"message":"E0511 12:13:55.208263   15348 watch.go:40] Failed to load config from \"c:\\\\Users\\\\Usr\\\\Documents\\\\MiniAgente\\\\dataconnect\": could not find dataconnect.yaml in `c:\\Users\\Usr\\Documents\\MiniAgente\\dataconnect`\n"}}
[debug] [2026-05-11T15:14:05.208Z] E0511 12:14:05.208028   15348 watch.go:40] Failed to load config from "c:\\Users\\Usr\\Documents\\MiniAgente\\dataconnect": could not find dataconnect.yaml in `c:\Users\Usr\Documents\MiniAgente\dataconnect`
 {"metadata":{"emulator":{"name":"dataconnect"},"message":"E0511 12:14:05.208028   15348 watch.go:40] Failed to load config from \"c:\\\\Users\\\\Usr\\\\Documents\\\\MiniAgente\\\\dataconnect\": could not find dataconnect.yaml in `c:\\Users\\Usr\\Documents\\MiniAgente\\dataconnect`\n"}}
[debug] [2026-05-11T15:14:15.208Z] E0511 12:14:15.208194   15348 watch.go:40] Failed to load config from "c:\\Users\\Usr\\Documents\\MiniAgente\\dataconnect": could not find dataconnect.yaml in `c:\Users\Usr\Documents\MiniAgente\dataconnect`
 {"metadata":{"emulator":{"name":"dataconnect"},"message":"E0511 12:14:15.208194   15348 watch.go:40] Failed to load config from \"c:\\\\Users\\\\Usr\\\\Documents\\\\MiniAgente\\\\dataconnect\": could not find dataconnect.yaml in `c:\\Users\\Usr\\Documents\\MiniAgente\\dataconnect`\n"}}
[debug] [2026-05-11T15:14:25.208Z] E0511 12:14:25.208257   15348 watch.go:40] Failed to load config from "c:\\Users\\Usr\\Documents\\MiniAgente\\dataconnect": could not find dataconnect.yaml in `c:\Users\Usr\Documents\MiniAgente\dataconnect`
 {"metadata":{"emulator":{"name":"dataconnect"},"message":"E0511 12:14:25.208257   15348 watch.go:40] Failed to load config from \"c:\\\\Users\\\\Usr\\\\Documents\\\\MiniAgente\\\\dataconnect\": could not find dataconnect.yaml in `c:\\Users\\Usr\\Documents\\MiniAgente\\dataconnect`\n"}}
[debug] [2026-05-11T15:14:35.207Z] E0511 12:14:35.207829   15348 watch.go:116] watchAllDir unable to walk dir `c:\Users\Usr\Documents\MiniAgente\dataconnect`: GetFileAttributesEx c:\Users\Usr\Documents\MiniAgente\dataconnect: The system cannot find the file specified.
E0511 12:14:35.207829   15348 watch.go:40] Failed to load config from "c:\\Users\\Usr\\Documents\\MiniAgente\\dataconnect": could not find dataconnect.yaml in `c:\Users\Usr\Documents\MiniAgente\dataconnect`
 {"metadata":{"emulator":{"name":"dataconnect"},"message":"E0511 12:14:35.207829   15348 watch.go:116] watchAllDir unable to walk dir `c:\\Users\\Usr\\Documents\\MiniAgente\\dataconnect`: GetFileAttributesEx c:\\Users\\Usr\\Documents\\MiniAgente\\dataconnect: The system cannot find the file specified.\nE0511 12:14:35.207829   15348 watch.go:40] Failed to load config from \"c:\\\\Users\\\\Usr\\\\Documents\\\\MiniAgente\\\\dataconnect\": could not find dataconnect.yaml in `c:\\Users\\Usr\\Documents\\MiniAgente\\dataconnect`\n"}}
[debug] [2026-05-11T15:14:45.208Z] E0511 12:14:45.208105   15348 watch.go:40] Failed to load config from "c:\\Users\\Usr\\Documents\\MiniAgente\\dataconnect": could not find dataconnect.yaml in `c:\Users\Usr\Documents\MiniAgente\dataconnect`
 {"metadata":{"emulator":{"name":"dataconnect"},"message":"E0511 12:14:45.208105   15348 watch.go:40] Failed to load config from \"c:\\\\Users\\\\Usr\\\\Documents\\\\MiniAgente\\\\dataconnect\": could not find dataconnect.yaml in `c:\\Users\\Usr\\Documents\\MiniAgente\\dataconnect`\n"}}
[debug] [2026-05-11T15:14:55.207Z] E0511 12:14:55.207981   15348 watch.go:40] Failed to load config from "c:\\Users\\Usr\\Documents\\MiniAgente\\dataconnect": could not find dataconnect.yaml in `c:\Users\Usr\Documents\MiniAgente\dataconnect`
 {"metadata":{"emulator":{"name":"dataconnect"},"message":"E0511 12:14:55.207981   15348 watch.go:40] Failed to load config from \"c:\\\\Users\\\\Usr\\\\Documents\\\\MiniAgente\\\\dataconnect\": could not find dataconnect.yaml in `c:\\Users\\Usr\\Documents\\MiniAgente\\dataconnect`\n"}}
[debug] [2026-05-11T15:15:05.208Z] E0511 12:15:05.208033   15348 watch.go:40] Failed to load config from "c:\\Users\\Usr\\Documents\\MiniAgente\\dataconnect": could not find dataconnect.yaml in `c:\Users\Usr\Documents\MiniAgente\dataconnect`
 {"metadata":{"emulator":{"name":"dataconnect"},"message":"E0511 12:15:05.208033   15348 watch.go:40] Failed to load config from \"c:\\\\Users\\\\Usr\\\\Documents\\\\MiniAgente\\\\dataconnect\": could not find dataconnect.yaml in `c:\\Users\\Usr\\Documents\\MiniAgente\\dataconnect`\n"}}
[debug] [2026-05-11T15:15:15.207Z] E0511 12:15:15.207822   15348 watch.go:40] Failed to load config from "c:\\Users\\Usr\\Documents\\MiniAgente\\dataconnect": could not find dataconnect.yaml in `c:\Users\Usr\Documents\MiniAgente\dataconnect`
 {"metadata":{"emulator":{"name":"dataconnect"},"message":"E0511 12:15:15.207822   15348 watch.go:40] Failed to load config from \"c:\\\\Users\\\\Usr\\\\Documents\\\\MiniAgente\\\\dataconnect\": could not find dataconnect.yaml in `c:\\Users\\Usr\\Documents\\MiniAgente\\dataconnect`\n"}}
[debug] [2026-05-11T15:15:25.208Z] E0511 12:15:25.207915   15348 watch.go:40] Failed to load config from "c:\\Users\\Usr\\Documents\\MiniAgente\\dataconnect": could not find dataconnect.yaml in `c:\Users\Usr\Documents\MiniAgente\dataconnect`
 {"metadata":{"emulator":{"name":"dataconnect"},"message":"E0511 12:15:25.207915   15348 watch.go:40] Failed to load config from \"c:\\\\Users\\\\Usr\\\\Documents\\\\MiniAgente\\\\dataconnect\": could not find dataconnect.yaml in `c:\\Users\\Usr\\Documents\\MiniAgente\\dataconnect`\n"}}
[debug] [2026-05-11T15:15:35.208Z] E0511 12:15:35.208167   15348 watch.go:116] watchAllDir unable to walk dir `c:\Users\Usr\Documents\MiniAgente\dataconnect`: GetFileAttributesEx c:\Users\Usr\Documents\MiniAgente\dataconnect: The system cannot find the file specified.
 {"metadata":{"emulator":{"name":"dataconnect"},"message":"E0511 12:15:35.208167   15348 watch.go:116] watchAllDir unable to walk dir `c:\\Users\\Usr\\Documents\\MiniAgente\\dataconnect`: GetFileAttributesEx c:\\Users\\Usr\\Documents\\MiniAgente\\dataconnect: The system cannot find the file specified.\n"}}
[debug] [2026-05-11T15:15:35.208Z] E0511 12:15:35.208167   15348 watch.go:40] Failed to load config from "c:\\Users\\Usr\\Documents\\MiniAgente\\dataconnect": could not find dataconnect.yaml in `c:\Users\Usr\Documents\MiniAgente\dataconnect`
 {"metadata":{"emulator":{"name":"dataconnect"},"message":"E0511 12:15:35.208167   15348 watch.go:40] Failed to load config from \"c:\\\\Users\\\\Usr\\\\Documents\\\\MiniAgente\\\\dataconnect\": could not find dataconnect.yaml in `c:\\Users\\Usr\\Documents\\MiniAgente\\dataconnect`\n"}}
[debug] [2026-05-11T15:15:45.208Z] E0511 12:15:45.208144   15348 watch.go:40] Failed to load config from "c:\\Users\\Usr\\Documents\\MiniAgente\\dataconnect": could not find dataconnect.yaml in `c:\Users\Usr\Documents\MiniAgente\dataconnect`
 {"metadata":{"emulator":{"name":"dataconnect"},"message":"E0511 12:15:45.208144   15348 watch.go:40] Failed to load config from \"c:\\\\Users\\\\Usr\\\\Documents\\\\MiniAgente\\\\dataconnect\": could not find dataconnect.yaml in `c:\\Users\\Usr\\Documents\\MiniAgente\\dataconnect`\n"}}
[debug] [2026-05-11T15:15:55.208Z] E0511 12:15:55.207936   15348 watch.go:40] Failed to load config from "c:\\Users\\Usr\\Documents\\MiniAgente\\dataconnect": could not find dataconnect.yaml in `c:\Users\Usr\Documents\MiniAgente\dataconnect`
 {"metadata":{"emulator":{"name":"dataconnect"},"message":"E0511 12:15:55.207936   15348 watch.go:40] Failed to load config from \"c:\\\\Users\\\\Usr\\\\Documents\\\\MiniAgente\\\\dataconnect\": could not find dataconnect.yaml in `c:\\Users\\Usr\\Documents\\MiniAgente\\dataconnect`\n"}}
[debug] [2026-05-11T15:16:05.208Z] E0511 12:16:05.207817   15348 watch.go:40] Failed to load config from "c:\\Users\\Usr\\Documents\\MiniAgente\\dataconnect": could not find dataconnect.yaml in `c:\Users\Usr\Documents\MiniAgente\dataconnect`
 {"metadata":{"emulator":{"name":"dataconnect"},"message":"E0511 12:16:05.207817   15348 watch.go:40] Failed to load config from \"c:\\\\Users\\\\Usr\\\\Documents\\\\MiniAgente\\\\dataconnect\": could not find dataconnect.yaml in `c:\\Users\\Usr\\Documents\\MiniAgente\\dataconnect`\n"}}
[debug] [2026-05-11T15:16:15.208Z] E0511 12:16:15.208113   15348 watch.go:40] Failed to load config from "c:\\Users\\Usr\\Documents\\MiniAgente\\dataconnect": could not find dataconnect.yaml in `c:\Users\Usr\Documents\MiniAgente\dataconnect`
 {"metadata":{"emulator":{"name":"dataconnect"},"message":"E0511 12:16:15.208113   15348 watch.go:40] Failed to load config from \"c:\\\\Users\\\\Usr\\\\Documents\\\\MiniAgente\\\\dataconnect\": could not find dataconnect.yaml in `c:\\Users\\Usr\\Documents\\MiniAgente\\dataconnect`\n"}}
[debug] [2026-05-11T15:16:25.208Z] E0511 12:16:25.208135   15348 watch.go:40] Failed to load config from "c:\\Users\\Usr\\Documents\\MiniAgente\\dataconnect": could not find dataconnect.yaml in `c:\Users\Usr\Documents\MiniAgente\dataconnect`
 {"metadata":{"emulator":{"name":"dataconnect"},"message":"E0511 12:16:25.208135   15348 watch.go:40] Failed to load config from \"c:\\\\Users\\\\Usr\\\\Documents\\\\MiniAgente\\\\dataconnect\": could not find dataconnect.yaml in `c:\\Users\\Usr\\Documents\\MiniAgente\\dataconnect`\n"}}
[debug] [2026-05-11T15:16:35.208Z] E0511 12:16:35.207911   15348 watch.go:116] watchAllDir unable to walk dir `c:\Users\Usr\Documents\MiniAgente\dataconnect`: GetFileAttributesEx c:\Users\Usr\Documents\MiniAgente\dataconnect: The system cannot find the file specified.
E0511 12:16:35.207911   15348 watch.go:40] Failed to load config from "c:\\Users\\Usr\\Documents\\MiniAgente\\dataconnect": could not find dataconnect.yaml in `c:\Users\Usr\Documents\MiniAgente\dataconnect`
 {"metadata":{"emulator":{"name":"dataconnect"},"message":"E0511 12:16:35.207911   15348 watch.go:116] watchAllDir unable to walk dir `c:\\Users\\Usr\\Documents\\MiniAgente\\dataconnect`: GetFileAttributesEx c:\\Users\\Usr\\Documents\\MiniAgente\\dataconnect: The system cannot find the file specified.\nE0511 12:16:35.207911   15348 watch.go:40] Failed to load config from \"c:\\\\Users\\\\Usr\\\\Documents\\\\MiniAgente\\\\dataconnect\": could not find dataconnect.yaml in `c:\\Users\\Usr\\Documents\\MiniAgente\\dataconnect`\n"}}
[debug] [2026-05-11T15:16:45.208Z] E0511 12:16:45.208226   15348 watch.go:40] Failed to load config from "c:\\Users\\Usr\\Documents\\MiniAgente\\dataconnect": could not find dataconnect.yaml in `c:\Users\Usr\Documents\MiniAgente\dataconnect`
 {"metadata":{"emulator":{"name":"dataconnect"},"message":"E0511 12:16:45.208226   15348 watch.go:40] Failed to load config from \"c:\\\\Users\\\\Usr\\\\Documents\\\\MiniAgente\\\\dataconnect\": could not find dataconnect.yaml in `c:\\Users\\Usr\\Documents\\MiniAgente\\dataconnect`\n"}}
[debug] [2026-05-11T15:16:55.208Z] E0511 12:16:55.208258   15348 watch.go:40] Failed to load config from "c:\\Users\\Usr\\Documents\\MiniAgente\\dataconnect": could not find dataconnect.yaml in `c:\Users\Usr\Documents\MiniAgente\dataconnect`
 {"metadata":{"emulator":{"name":"dataconnect"},"message":"E0511 12:16:55.208258   15348 watch.go:40] Failed to load config from \"c:\\\\Users\\\\Usr\\\\Documents\\\\MiniAgente\\\\dataconnect\": could not find dataconnect.yaml in `c:\\Users\\Usr\\Documents\\MiniAgente\\dataconnect`\n"}}
[debug] [2026-05-11T15:17:05.208Z] E0511 12:17:05.208195   15348 watch.go:40] Failed to load config from "c:\\Users\\Usr\\Documents\\MiniAgente\\dataconnect": could not find dataconnect.yaml in `c:\Users\Usr\Documents\MiniAgente\dataconnect`
 {"metadata":{"emulator":{"name":"dataconnect"},"message":"E0511 12:17:05.208195   15348 watch.go:40] Failed to load config from \"c:\\\\Users\\\\Usr\\\\Documents\\\\MiniAgente\\\\dataconnect\": could not find dataconnect.yaml in `c:\\Users\\Usr\\Documents\\MiniAgente\\dataconnect`\n"}}
[debug] [2026-05-11T15:17:15.208Z] E0511 12:17:15.208230   15348 watch.go:40] Failed to load config from "c:\\Users\\Usr\\Documents\\MiniAgente\\dataconnect": could not find dataconnect.yaml in `c:\Users\Usr\Documents\MiniAgente\dataconnect`
 {"metadata":{"emulator":{"name":"dataconnect"},"message":"E0511 12:17:15.208230   15348 watch.go:40] Failed to load config from \"c:\\\\Users\\\\Usr\\\\Documents\\\\MiniAgente\\\\dataconnect\": could not find dataconnect.yaml in `c:\\Users\\Usr\\Documents\\MiniAgente\\dataconnect`\n"}}
[debug] [2026-05-11T15:17:25.207Z] E0511 12:17:25.207903   15348 watch.go:40] Failed to load config from "c:\\Users\\Usr\\Documents\\MiniAgente\\dataconnect": could not find dataconnect.yaml in `c:\Users\Usr\Documents\MiniAgente\dataconnect`
 {"metadata":{"emulator":{"name":"dataconnect"},"message":"E0511 12:17:25.207903   15348 watch.go:40] Failed to load config from \"c:\\\\Users\\\\Usr\\\\Documents\\\\MiniAgente\\\\dataconnect\": could not find dataconnect.yaml in `c:\\Users\\Usr\\Documents\\MiniAgente\\dataconnect`\n"}}
[debug] [2026-05-11T15:17:35.207Z] E0511 12:17:35.207791   15348 watch.go:116] watchAllDir unable to walk dir `c:\Users\Usr\Documents\MiniAgente\dataconnect`: GetFileAttributesEx c:\Users\Usr\Documents\MiniAgente\dataconnect: The system cannot find the file specified.
 {"metadata":{"emulator":{"name":"dataconnect"},"message":"E0511 12:17:35.207791   15348 watch.go:116] watchAllDir unable to walk dir `c:\\Users\\Usr\\Documents\\MiniAgente\\dataconnect`: GetFileAttributesEx c:\\Users\\Usr\\Documents\\MiniAgente\\dataconnect: The system cannot find the file specified.\n"}}
[debug] [2026-05-11T15:17:35.208Z] E0511 12:17:35.207791   15348 watch.go:40] Failed to load config from "c:\\Users\\Usr\\Documents\\MiniAgente\\dataconnect": could not find dataconnect.yaml in `c:\Users\Usr\Documents\MiniAgente\dataconnect`
 {"metadata":{"emulator":{"name":"dataconnect"},"message":"E0511 12:17:35.207791   15348 watch.go:40] Failed to load config from \"c:\\\\Users\\\\Usr\\\\Documents\\\\MiniAgente\\\\dataconnect\": could not find dataconnect.yaml in `c:\\Users\\Usr\\Documents\\MiniAgente\\dataconnect`\n"}}
[debug] [2026-05-11T15:17:45.207Z] E0511 12:17:45.207960   15348 watch.go:40] Failed to load config from "c:\\Users\\Usr\\Documents\\MiniAgente\\dataconnect": could not find dataconnect.yaml in `c:\Users\Usr\Documents\MiniAgente\dataconnect`
 {"metadata":{"emulator":{"name":"dataconnect"},"message":"E0511 12:17:45.207960   15348 watch.go:40] Failed to load config from \"c:\\\\Users\\\\Usr\\\\Documents\\\\MiniAgente\\\\dataconnect\": could not find dataconnect.yaml in `c:\\Users\\Usr\\Documents\\MiniAgente\\dataconnect`\n"}}
[debug] [2026-05-11T15:17:55.207Z] E0511 12:17:55.208082   15348 watch.go:40] Failed to load config from "c:\\Users\\Usr\\Documents\\MiniAgente\\dataconnect": could not find dataconnect.yaml in `c:\Users\Usr\Documents\MiniAgente\dataconnect`
 {"metadata":{"emulator":{"name":"dataconnect"},"message":"E0511 12:17:55.208082   15348 watch.go:40] Failed to load config from \"c:\\\\Users\\\\Usr\\\\Documents\\\\MiniAgente\\\\dataconnect\": could not find dataconnect.yaml in `c:\\Users\\Usr\\Documents\\MiniAgente\\dataconnect`\n"}}
[debug] [2026-05-11T15:18:05.208Z] E0511 12:18:05.208227   15348 watch.go:40] Failed to load config from "c:\\Users\\Usr\\Documents\\MiniAgente\\dataconnect": could not find dataconnect.yaml in `c:\Users\Usr\Documents\MiniAgente\dataconnect`
 {"metadata":{"emulator":{"name":"dataconnect"},"message":"E0511 12:18:05.208227   15348 watch.go:40] Failed to load config from \"c:\\\\Users\\\\Usr\\\\Documents\\\\MiniAgente\\\\dataconnect\": could not find dataconnect.yaml in `c:\\Users\\Usr\\Documents\\MiniAgente\\dataconnect`\n"}}
[debug] [2026-05-11T15:18:15.208Z] E0511 12:18:15.208185   15348 watch.go:40] Failed to load config from "c:\\Users\\Usr\\Documents\\MiniAgente\\dataconnect": could not find dataconnect.yaml in `c:\Users\Usr\Documents\MiniAgente\dataconnect`
 {"metadata":{"emulator":{"name":"dataconnect"},"message":"E0511 12:18:15.208185   15348 watch.go:40] Failed to load config from \"c:\\\\Users\\\\Usr\\\\Documents\\\\MiniAgente\\\\dataconnect\": could not find dataconnect.yaml in `c:\\Users\\Usr\\Documents\\MiniAgente\\dataconnect`\n"}}
[debug] [2026-05-11T15:18:25.208Z] E0511 12:18:25.208088   15348 watch.go:40] Failed to load config from "c:\\Users\\Usr\\Documents\\MiniAgente\\dataconnect": could not find dataconnect.yaml in `c:\Users\Usr\Documents\MiniAgente\dataconnect`
 {"metadata":{"emulator":{"name":"dataconnect"},"message":"E0511 12:18:25.208088   15348 watch.go:40] Failed to load config from \"c:\\\\Users\\\\Usr\\\\Documents\\\\MiniAgente\\\\dataconnect\": could not find dataconnect.yaml in `c:\\Users\\Usr\\Documents\\MiniAgente\\dataconnect`\n"}}
[debug] [2026-05-11T15:18:35.207Z] E0511 12:18:35.207784   15348 watch.go:116] watchAllDir unable to walk dir `c:\Users\Usr\Documents\MiniAgente\dataconnect`: GetFileAttributesEx c:\Users\Usr\Documents\MiniAgente\dataconnect: The system cannot find the file specified.
E0511 12:18:35.207784   15348 watch.go:40] Failed to load config from "c:\\Users\\Usr\\Documents\\MiniAgente\\dataconnect": could not find dataconnect.yaml in `c:\Users\Usr\Documents\MiniAgente\dataconnect`
 {"metadata":{"emulator":{"name":"dataconnect"},"message":"E0511 12:18:35.207784   15348 watch.go:116] watchAllDir unable to walk dir `c:\\Users\\Usr\\Documents\\MiniAgente\\dataconnect`: GetFileAttributesEx c:\\Users\\Usr\\Documents\\MiniAgente\\dataconnect: The system cannot find the file specified.\nE0511 12:18:35.207784   15348 watch.go:40] Failed to load config from \"c:\\\\Users\\\\Usr\\\\Documents\\\\MiniAgente\\\\dataconnect\": could not find dataconnect.yaml in `c:\\Users\\Usr\\Documents\\MiniAgente\\dataconnect`\n"}}
[debug] [2026-05-11T15:18:45.208Z] E0511 12:18:45.207997   15348 watch.go:40] Failed to load config from "c:\\Users\\Usr\\Documents\\MiniAgente\\dataconnect": could not find dataconnect.yaml in `c:\Users\Usr\Documents\MiniAgente\dataconnect`
 {"metadata":{"emulator":{"name":"dataconnect"},"message":"E0511 12:18:45.207997   15348 watch.go:40] Failed to load config from \"c:\\\\Users\\\\Usr\\\\Documents\\\\MiniAgente\\\\dataconnect\": could not find dataconnect.yaml in `c:\\Users\\Usr\\Documents\\MiniAgente\\dataconnect`\n"}}
[debug] [2026-05-11T15:18:55.208Z] E0511 12:18:55.208169   15348 watch.go:40] Failed to load config from "c:\\Users\\Usr\\Documents\\MiniAgente\\dataconnect": could not find dataconnect.yaml in `c:\Users\Usr\Documents\MiniAgente\dataconnect`
 {"metadata":{"emulator":{"name":"dataconnect"},"message":"E0511 12:18:55.208169   15348 watch.go:40] Failed to load config from \"c:\\\\Users\\\\Usr\\\\Documents\\\\MiniAgente\\\\dataconnect\": could not find dataconnect.yaml in `c:\\Users\\Usr\\Documents\\MiniAgente\\dataconnect`\n"}}
[debug] [2026-05-11T15:19:05.208Z] E0511 12:19:05.208077   15348 watch.go:40] Failed to load config from "c:\\Users\\Usr\\Documents\\MiniAgente\\dataconnect": could not find dataconnect.yaml in `c:\Users\Usr\Documents\MiniAgente\dataconnect`
 {"metadata":{"emulator":{"name":"dataconnect"},"message":"E0511 12:19:05.208077   15348 watch.go:40] Failed to load config from \"c:\\\\Users\\\\Usr\\\\Documents\\\\MiniAgente\\\\dataconnect\": could not find dataconnect.yaml in `c:\\Users\\Usr\\Documents\\MiniAgente\\dataconnect`\n"}}
[debug] [2026-05-11T15:19:15.208Z] E0511 12:19:15.207790   15348 watch.go:40] Failed to load config from "c:\\Users\\Usr\\Documents\\MiniAgente\\dataconnect": could not find dataconnect.yaml in `c:\Users\Usr\Documents\MiniAgente\dataconnect`
 {"metadata":{"emulator":{"name":"dataconnect"},"message":"E0511 12:19:15.207790   15348 watch.go:40] Failed to load config from \"c:\\\\Users\\\\Usr\\\\Documents\\\\MiniAgente\\\\dataconnect\": could not find dataconnect.yaml in `c:\\Users\\Usr\\Documents\\MiniAgente\\dataconnect`\n"}}
[debug] [2026-05-11T15:19:25.208Z] E0511 12:19:25.208241   15348 watch.go:40] Failed to load config from "c:\\Users\\Usr\\Documents\\MiniAgente\\dataconnect": could not find dataconnect.yaml in `c:\Users\Usr\Documents\MiniAgente\dataconnect`
 {"metadata":{"emulator":{"name":"dataconnect"},"message":"E0511 12:19:25.208241   15348 watch.go:40] Failed to load config from \"c:\\\\Users\\\\Usr\\\\Documents\\\\MiniAgente\\\\dataconnect\": could not find dataconnect.yaml in `c:\\Users\\Usr\\Documents\\MiniAgente\\dataconnect`\n"}}
[debug] [2026-05-11T15:19:35.208Z] E0511 12:19:35.207851   15348 watch.go:116] watchAllDir unable to walk dir `c:\Users\Usr\Documents\MiniAgente\dataconnect`: GetFileAttributesEx c:\Users\Usr\Documents\MiniAgente\dataconnect: The system cannot find the file specified.
 {"metadata":{"emulator":{"name":"dataconnect"},"message":"E0511 12:19:35.207851   15348 watch.go:116] watchAllDir unable to walk dir `c:\\Users\\Usr\\Documents\\MiniAgente\\dataconnect`: GetFileAttributesEx c:\\Users\\Usr\\Documents\\MiniAgente\\dataconnect: The system cannot find the file specified.\n"}}
[debug] [2026-05-11T15:19:35.208Z] E0511 12:19:35.207851   15348 watch.go:40] Failed to load config from "c:\\Users\\Usr\\Documents\\MiniAgente\\dataconnect": could not find dataconnect.yaml in `c:\Users\Usr\Documents\MiniAgente\dataconnect`
 {"metadata":{"emulator":{"name":"dataconnect"},"message":"E0511 12:19:35.207851   15348 watch.go:40] Failed to load config from \"c:\\\\Users\\\\Usr\\\\Documents\\\\MiniAgente\\\\dataconnect\": could not find dataconnect.yaml in `c:\\Users\\Usr\\Documents\\MiniAgente\\dataconnect`\n"}}
[debug] [2026-05-11T15:19:45.208Z] E0511 12:19:45.208071   15348 watch.go:40] Failed to load config from "c:\\Users\\Usr\\Documents\\MiniAgente\\dataconnect": could not find dataconnect.yaml in `c:\Users\Usr\Documents\MiniAgente\dataconnect`
 {"metadata":{"emulator":{"name":"dataconnect"},"message":"E0511 12:19:45.208071   15348 watch.go:40] Failed to load config from \"c:\\\\Users\\\\Usr\\\\Documents\\\\MiniAgente\\\\dataconnect\": could not find dataconnect.yaml in `c:\\Users\\Usr\\Documents\\MiniAgente\\dataconnect`\n"}}
[debug] [2026-05-11T15:19:55.208Z] E0511 12:19:55.208093   15348 watch.go:40] Failed to load config from "c:\\Users\\Usr\\Documents\\MiniAgente\\dataconnect": could not find dataconnect.yaml in `c:\Users\Usr\Documents\MiniAgente\dataconnect`
 {"metadata":{"emulator":{"name":"dataconnect"},"message":"E0511 12:19:55.208093   15348 watch.go:40] Failed to load config from \"c:\\\\Users\\\\Usr\\\\Documents\\\\MiniAgente\\\\dataconnect\": could not find dataconnect.yaml in `c:\\Users\\Usr\\Documents\\MiniAgente\\dataconnect`\n"}}
[debug] [2026-05-11T15:20:05.208Z] E0511 12:20:05.208154   15348 watch.go:40] Failed to load config from "c:\\Users\\Usr\\Documents\\MiniAgente\\dataconnect": could not find dataconnect.yaml in `c:\Users\Usr\Documents\MiniAgente\dataconnect`
 {"metadata":{"emulator":{"name":"dataconnect"},"message":"E0511 12:20:05.208154   15348 watch.go:40] Failed to load config from \"c:\\\\Users\\\\Usr\\\\Documents\\\\MiniAgente\\\\dataconnect\": could not find dataconnect.yaml in `c:\\Users\\Usr\\Documents\\MiniAgente\\dataconnect`\n"}}
[debug] [2026-05-11T15:20:15.208Z] E0511 12:20:15.208093   15348 watch.go:40] Failed to load config from "c:\\Users\\Usr\\Documents\\MiniAgente\\dataconnect": could not find dataconnect.yaml in `c:\Users\Usr\Documents\MiniAgente\dataconnect`
 {"metadata":{"emulator":{"name":"dataconnect"},"message":"E0511 12:20:15.208093   15348 watch.go:40] Failed to load config from \"c:\\\\Users\\\\Usr\\\\Documents\\\\MiniAgente\\\\dataconnect\": could not find dataconnect.yaml in `c:\\Users\\Usr\\Documents\\MiniAgente\\dataconnect`\n"}}
[debug] [2026-05-11T15:20:25.208Z] E0511 12:20:25.207777   15348 watch.go:40] Failed to load config from "c:\\Users\\Usr\\Documents\\MiniAgente\\dataconnect": could not find dataconnect.yaml in `c:\Users\Usr\Documents\MiniAgente\dataconnect`
 {"metadata":{"emulator":{"name":"dataconnect"},"message":"E0511 12:20:25.207777   15348 watch.go:40] Failed to load config from \"c:\\\\Users\\\\Usr\\\\Documents\\\\MiniAgente\\\\dataconnect\": could not find dataconnect.yaml in `c:\\Users\\Usr\\Documents\\MiniAgente\\dataconnect`\n"}}
[debug] [2026-05-11T15:20:35.208Z] E0511 12:20:35.208013   15348 watch.go:116] watchAllDir unable to walk dir `c:\Users\Usr\Documents\MiniAgente\dataconnect`: GetFileAttributesEx c:\Users\Usr\Documents\MiniAgente\dataconnect: The system cannot find the file specified.
E0511 12:20:35.208013   15348 watch.go:40] Failed to load config from "c:\\Users\\Usr\\Documents\\MiniAgente\\dataconnect": could not find dataconnect.yaml in `c:\Users\Usr\Documents\MiniAgente\dataconnect`
 {"metadata":{"emulator":{"name":"dataconnect"},"message":"E0511 12:20:35.208013   15348 watch.go:116] watchAllDir unable to walk dir `c:\\Users\\Usr\\Documents\\MiniAgente\\dataconnect`: GetFileAttributesEx c:\\Users\\Usr\\Documents\\MiniAgente\\dataconnect: The system cannot find the file specified.\nE0511 12:20:35.208013   15348 watch.go:40] Failed to load config from \"c:\\\\Users\\\\Usr\\\\Documents\\\\MiniAgente\\\\dataconnect\": could not find dataconnect.yaml in `c:\\Users\\Usr\\Documents\\MiniAgente\\dataconnect`\n"}}
[debug] [2026-05-11T15:20:45.208Z] E0511 12:20:45.208062   15348 watch.go:40] Failed to load config from "c:\\Users\\Usr\\Documents\\MiniAgente\\dataconnect": could not find dataconnect.yaml in `c:\Users\Usr\Documents\MiniAgente\dataconnect`
 {"metadata":{"emulator":{"name":"dataconnect"},"message":"E0511 12:20:45.208062   15348 watch.go:40] Failed to load config from \"c:\\\\Users\\\\Usr\\\\Documents\\\\MiniAgente\\\\dataconnect\": could not find dataconnect.yaml in `c:\\Users\\Usr\\Documents\\MiniAgente\\dataconnect`\n"}}
[debug] [2026-05-11T15:20:55.208Z] E0511 12:20:55.207895   15348 watch.go:40] Failed to load config from "c:\\Users\\Usr\\Documents\\MiniAgente\\dataconnect": could not find dataconnect.yaml in `c:\Users\Usr\Documents\MiniAgente\dataconnect`
 {"metadata":{"emulator":{"name":"dataconnect"},"message":"E0511 12:20:55.207895   15348 watch.go:40] Failed to load config from \"c:\\\\Users\\\\Usr\\\\Documents\\\\MiniAgente\\\\dataconnect\": could not find dataconnect.yaml in `c:\\Users\\Usr\\Documents\\MiniAgente\\dataconnect`\n"}}
[debug] [2026-05-11T15:21:05.208Z] E0511 12:21:05.208037   15348 watch.go:40] Failed to load config from "c:\\Users\\Usr\\Documents\\MiniAgente\\dataconnect": could not find dataconnect.yaml in `c:\Users\Usr\Documents\MiniAgente\dataconnect`
 {"metadata":{"emulator":{"name":"dataconnect"},"message":"E0511 12:21:05.208037   15348 watch.go:40] Failed to load config from \"c:\\\\Users\\\\Usr\\\\Documents\\\\MiniAgente\\\\dataconnect\": could not find dataconnect.yaml in `c:\\Users\\Usr\\Documents\\MiniAgente\\dataconnect`\n"}}
[debug] [2026-05-11T15:21:15.208Z] E0511 12:21:15.208202   15348 watch.go:40] Failed to load config from "c:\\Users\\Usr\\Documents\\MiniAgente\\dataconnect": could not find dataconnect.yaml in `c:\Users\Usr\Documents\MiniAgente\dataconnect`
 {"metadata":{"emulator":{"name":"dataconnect"},"message":"E0511 12:21:15.208202   15348 watch.go:40] Failed to load config from \"c:\\\\Users\\\\Usr\\\\Documents\\\\MiniAgente\\\\dataconnect\": could not find dataconnect.yaml in `c:\\Users\\Usr\\Documents\\MiniAgente\\dataconnect`\n"}}
[debug] [2026-05-11T15:21:25.207Z] E0511 12:21:25.207968   15348 watch.go:40] Failed to load config from "c:\\Users\\Usr\\Documents\\MiniAgente\\dataconnect": could not find dataconnect.yaml in `c:\Users\Usr\Documents\MiniAgente\dataconnect`
 {"metadata":{"emulator":{"name":"dataconnect"},"message":"E0511 12:21:25.207968   15348 watch.go:40] Failed to load config from \"c:\\\\Users\\\\Usr\\\\Documents\\\\MiniAgente\\\\dataconnect\": could not find dataconnect.yaml in `c:\\Users\\Usr\\Documents\\MiniAgente\\dataconnect`\n"}}
[debug] [2026-05-11T15:21:35.208Z] E0511 12:21:35.208077   15348 watch.go:116] watchAllDir unable to walk dir `c:\Users\Usr\Documents\MiniAgente\dataconnect`: GetFileAttributesEx c:\Users\Usr\Documents\MiniAgente\dataconnect: The system cannot find the file specified.
 {"metadata":{"emulator":{"name":"dataconnect"},"message":"E0511 12:21:35.208077   15348 watch.go:116] watchAllDir unable to walk dir `c:\\Users\\Usr\\Documents\\MiniAgente\\dataconnect`: GetFileAttributesEx c:\\Users\\Usr\\Documents\\MiniAgente\\dataconnect: The system cannot find the file specified.\n"}}
[debug] [2026-05-11T15:21:35.208Z] E0511 12:21:35.208077   15348 watch.go:40] Failed to load config from "c:\\Users\\Usr\\Documents\\MiniAgente\\dataconnect": could not find dataconnect.yaml in `c:\Users\Usr\Documents\MiniAgente\dataconnect`
 {"metadata":{"emulator":{"name":"dataconnect"},"message":"E0511 12:21:35.208077   15348 watch.go:40] Failed to load config from \"c:\\\\Users\\\\Usr\\\\Documents\\\\MiniAgente\\\\dataconnect\": could not find dataconnect.yaml in `c:\\Users\\Usr\\Documents\\MiniAgente\\dataconnect`\n"}}
[debug] [2026-05-11T15:21:45.208Z] E0511 12:21:45.208203   15348 watch.go:40] Failed to load config from "c:\\Users\\Usr\\Documents\\MiniAgente\\dataconnect": could not find dataconnect.yaml in `c:\Users\Usr\Documents\MiniAgente\dataconnect`
 {"metadata":{"emulator":{"name":"dataconnect"},"message":"E0511 12:21:45.208203   15348 watch.go:40] Failed to load config from \"c:\\\\Users\\\\Usr\\\\Documents\\\\MiniAgente\\\\dataconnect\": could not find dataconnect.yaml in `c:\\Users\\Usr\\Documents\\MiniAgente\\dataconnect`\n"}}
[debug] [2026-05-11T15:21:55.207Z] E0511 12:21:55.207881   15348 watch.go:40] Failed to load config from "c:\\Users\\Usr\\Documents\\MiniAgente\\dataconnect": could not find dataconnect.yaml in `c:\Users\Usr\Documents\MiniAgente\dataconnect`
 {"metadata":{"emulator":{"name":"dataconnect"},"message":"E0511 12:21:55.207881   15348 watch.go:40] Failed to load config from \"c:\\\\Users\\\\Usr\\\\Documents\\\\MiniAgente\\\\dataconnect\": could not find dataconnect.yaml in `c:\\Users\\Usr\\Documents\\MiniAgente\\dataconnect`\n"}}
[debug] [2026-05-11T15:22:05.208Z] E0511 12:22:05.208140   15348 watch.go:40] Failed to load config from "c:\\Users\\Usr\\Documents\\MiniAgente\\dataconnect": could not find dataconnect.yaml in `c:\Users\Usr\Documents\MiniAgente\dataconnect`
 {"metadata":{"emulator":{"name":"dataconnect"},"message":"E0511 12:22:05.208140   15348 watch.go:40] Failed to load config from \"c:\\\\Users\\\\Usr\\\\Documents\\\\MiniAgente\\\\dataconnect\": could not find dataconnect.yaml in `c:\\Users\\Usr\\Documents\\MiniAgente\\dataconnect`\n"}}
[debug] [2026-05-11T15:22:15.207Z] E0511 12:22:15.207804   15348 watch.go:40] Failed to load config from "c:\\Users\\Usr\\Documents\\MiniAgente\\dataconnect": could not find dataconnect.yaml in `c:\Users\Usr\Documents\MiniAgente\dataconnect`
 {"metadata":{"emulator":{"name":"dataconnect"},"message":"E0511 12:22:15.207804   15348 watch.go:40] Failed to load config from \"c:\\\\Users\\\\Usr\\\\Documents\\\\MiniAgente\\\\dataconnect\": could not find dataconnect.yaml in `c:\\Users\\Usr\\Documents\\MiniAgente\\dataconnect`\n"}}
[debug] [2026-05-11T15:22:25.208Z] E0511 12:22:25.207853   15348 watch.go:40] Failed to load config from "c:\\Users\\Usr\\Documents\\MiniAgente\\dataconnect": could not find dataconnect.yaml in `c:\Users\Usr\Documents\MiniAgente\dataconnect`
 {"metadata":{"emulator":{"name":"dataconnect"},"message":"E0511 12:22:25.207853   15348 watch.go:40] Failed to load config from \"c:\\\\Users\\\\Usr\\\\Documents\\\\MiniAgente\\\\dataconnect\": could not find dataconnect.yaml in `c:\\Users\\Usr\\Documents\\MiniAgente\\dataconnect`\n"}}
[debug] [2026-05-11T15:22:35.207Z] E0511 12:22:35.207787   15348 watch.go:116] watchAllDir unable to walk dir `c:\Users\Usr\Documents\MiniAgente\dataconnect`: GetFileAttributesEx c:\Users\Usr\Documents\MiniAgente\dataconnect: The system cannot find the file specified.
E0511 12:22:35.207787   15348 watch.go:40] Failed to load config from "c:\\Users\\Usr\\Documents\\MiniAgente\\dataconnect": could not find dataconnect.yaml in `c:\Users\Usr\Documents\MiniAgente\dataconnect`
 {"metadata":{"emulator":{"name":"dataconnect"},"message":"E0511 12:22:35.207787   15348 watch.go:116] watchAllDir unable to walk dir `c:\\Users\\Usr\\Documents\\MiniAgente\\dataconnect`: GetFileAttributesEx c:\\Users\\Usr\\Documents\\MiniAgente\\dataconnect: The system cannot find the file specified.\nE0511 12:22:35.207787   15348 watch.go:40] Failed to load config from \"c:\\\\Users\\\\Usr\\\\Documents\\\\MiniAgente\\\\dataconnect\": could not find dataconnect.yaml in `c:\\Users\\Usr\\Documents\\MiniAgente\\dataconnect`\n"}}
[debug] [2026-05-11T15:22:45.208Z] E0511 12:22:45.207766   15348 watch.go:40] Failed to load config from "c:\\Users\\Usr\\Documents\\MiniAgente\\dataconnect": could not find dataconnect.yaml in `c:\Users\Usr\Documents\MiniAgente\dataconnect`
 {"metadata":{"emulator":{"name":"dataconnect"},"message":"E0511 12:22:45.207766   15348 watch.go:40] Failed to load config from \"c:\\\\Users\\\\Usr\\\\Documents\\\\MiniAgente\\\\dataconnect\": could not find dataconnect.yaml in `c:\\Users\\Usr\\Documents\\MiniAgente\\dataconnect`\n"}}
[debug] [2026-05-11T15:22:55.208Z] E0511 12:22:55.207809   15348 watch.go:40] Failed to load config from "c:\\Users\\Usr\\Documents\\MiniAgente\\dataconnect": could not find dataconnect.yaml in `c:\Users\Usr\Documents\MiniAgente\dataconnect`
 {"metadata":{"emulator":{"name":"dataconnect"},"message":"E0511 12:22:55.207809   15348 watch.go:40] Failed to load config from \"c:\\\\Users\\\\Usr\\\\Documents\\\\MiniAgente\\\\dataconnect\": could not find dataconnect.yaml in `c:\\Users\\Usr\\Documents\\MiniAgente\\dataconnect`\n"}}
[debug] [2026-05-11T15:23:05.208Z] E0511 12:23:05.208174   15348 watch.go:40] Failed to load config from "c:\\Users\\Usr\\Documents\\MiniAgente\\dataconnect": could not find dataconnect.yaml in `c:\Users\Usr\Documents\MiniAgente\dataconnect`
 {"metadata":{"emulator":{"name":"dataconnect"},"message":"E0511 12:23:05.208174   15348 watch.go:40] Failed to load config from \"c:\\\\Users\\\\Usr\\\\Documents\\\\MiniAgente\\\\dataconnect\": could not find dataconnect.yaml in `c:\\Users\\Usr\\Documents\\MiniAgente\\dataconnect`\n"}}
[debug] [2026-05-11T15:23:15.208Z] E0511 12:23:15.208217   15348 watch.go:40] Failed to load config from "c:\\Users\\Usr\\Documents\\MiniAgente\\dataconnect": could not find dataconnect.yaml in `c:\Users\Usr\Documents\MiniAgente\dataconnect`
 {"metadata":{"emulator":{"name":"dataconnect"},"message":"E0511 12:23:15.208217   15348 watch.go:40] Failed to load config from \"c:\\\\Users\\\\Usr\\\\Documents\\\\MiniAgente\\\\dataconnect\": could not find dataconnect.yaml in `c:\\Users\\Usr\\Documents\\MiniAgente\\dataconnect`\n"}}
[debug] [2026-05-11T15:23:25.208Z] E0511 12:23:25.208092   15348 watch.go:40] Failed to load config from "c:\\Users\\Usr\\Documents\\MiniAgente\\dataconnect": could not find dataconnect.yaml in `c:\Users\Usr\Documents\MiniAgente\dataconnect`
 {"metadata":{"emulator":{"name":"dataconnect"},"message":"E0511 12:23:25.208092   15348 watch.go:40] Failed to load config from \"c:\\\\Users\\\\Usr\\\\Documents\\\\MiniAgente\\\\dataconnect\": could not find dataconnect.yaml in `c:\\Users\\Usr\\Documents\\MiniAgente\\dataconnect`\n"}}
[debug] [2026-05-11T15:23:35.208Z] E0511 12:23:35.207933   15348 watch.go:116] watchAllDir unable to walk dir `c:\Users\Usr\Documents\MiniAgente\dataconnect`: GetFileAttributesEx c:\Users\Usr\Documents\MiniAgente\dataconnect: The system cannot find the file specified.
E0511 12:23:35.207933   15348 watch.go:40] Failed to load config from "c:\\Users\\Usr\\Documents\\MiniAgente\\dataconnect": could not find dataconnect.yaml in `c:\Users\Usr\Documents\MiniAgente\dataconnect`
 {"metadata":{"emulator":{"name":"dataconnect"},"message":"E0511 12:23:35.207933   15348 watch.go:116] watchAllDir unable to walk dir `c:\\Users\\Usr\\Documents\\MiniAgente\\dataconnect`: GetFileAttributesEx c:\\Users\\Usr\\Documents\\MiniAgente\\dataconnect: The system cannot find the file specified.\nE0511 12:23:35.207933   15348 watch.go:40] Failed to load config from \"c:\\\\Users\\\\Usr\\\\Documents\\\\MiniAgente\\\\dataconnect\": could not find dataconnect.yaml in `c:\\Users\\Usr\\Documents\\MiniAgente\\dataconnect`\n"}}
[debug] [2026-05-11T15:23:45.208Z] E0511 12:23:45.207833   15348 watch.go:40] Failed to load config from "c:\\Users\\Usr\\Documents\\MiniAgente\\dataconnect": could not find dataconnect.yaml in `c:\Users\Usr\Documents\MiniAgente\dataconnect`
 {"metadata":{"emulator":{"name":"dataconnect"},"message":"E0511 12:23:45.207833   15348 watch.go:40] Failed to load config from \"c:\\\\Users\\\\Usr\\\\Documents\\\\MiniAgente\\\\dataconnect\": could not find dataconnect.yaml in `c:\\Users\\Usr\\Documents\\MiniAgente\\dataconnect`\n"}}
[debug] [2026-05-11T15:23:55.208Z] E0511 12:23:55.208120   15348 watch.go:40] Failed to load config from "c:\\Users\\Usr\\Documents\\MiniAgente\\dataconnect": could not find dataconnect.yaml in `c:\Users\Usr\Documents\MiniAgente\dataconnect`
 {"metadata":{"emulator":{"name":"dataconnect"},"message":"E0511 12:23:55.208120   15348 watch.go:40] Failed to load config from \"c:\\\\Users\\\\Usr\\\\Documents\\\\MiniAgente\\\\dataconnect\": could not find dataconnect.yaml in `c:\\Users\\Usr\\Documents\\MiniAgente\\dataconnect`\n"}}
[debug] [2026-05-11T15:24:05.208Z] E0511 12:24:05.207917   15348 watch.go:40] Failed to load config from "c:\\Users\\Usr\\Documents\\MiniAgente\\dataconnect": could not find dataconnect.yaml in `c:\Users\Usr\Documents\MiniAgente\dataconnect`
 {"metadata":{"emulator":{"name":"dataconnect"},"message":"E0511 12:24:05.207917   15348 watch.go:40] Failed to load config from \"c:\\\\Users\\\\Usr\\\\Documents\\\\MiniAgente\\\\dataconnect\": could not find dataconnect.yaml in `c:\\Users\\Usr\\Documents\\MiniAgente\\dataconnect`\n"}}
[debug] [2026-05-11T15:24:15.208Z] E0511 12:24:15.207828   15348 watch.go:40] Failed to load config from "c:\\Users\\Usr\\Documents\\MiniAgente\\dataconnect": could not find dataconnect.yaml in `c:\Users\Usr\Documents\MiniAgente\dataconnect`
 {"metadata":{"emulator":{"name":"dataconnect"},"message":"E0511 12:24:15.207828   15348 watch.go:40] Failed to load config from \"c:\\\\Users\\\\Usr\\\\Documents\\\\MiniAgente\\\\dataconnect\": could not find dataconnect.yaml in `c:\\Users\\Usr\\Documents\\MiniAgente\\dataconnect`\n"}}
[debug] [2026-05-11T15:24:25.208Z] E0511 12:24:25.207799   15348 watch.go:40] Failed to load config from "c:\\Users\\Usr\\Documents\\MiniAgente\\dataconnect": could not find dataconnect.yaml in `c:\Users\Usr\Documents\MiniAgente\dataconnect`
 {"metadata":{"emulator":{"name":"dataconnect"},"message":"E0511 12:24:25.207799   15348 watch.go:40] Failed to load config from \"c:\\\\Users\\\\Usr\\\\Documents\\\\MiniAgente\\\\dataconnect\": could not find dataconnect.yaml in `c:\\Users\\Usr\\Documents\\MiniAgente\\dataconnect`\n"}}
[debug] [2026-05-11T15:24:35.208Z] E0511 12:24:35.208257   15348 watch.go:116] watchAllDir unable to walk dir `c:\Users\Usr\Documents\MiniAgente\dataconnect`: GetFileAttributesEx c:\Users\Usr\Documents\MiniAgente\dataconnect: The system cannot find the file specified.
E0511 12:24:35.208257   15348 watch.go:40] Failed to load config from "c:\\Users\\Usr\\Documents\\MiniAgente\\dataconnect": could not find dataconnect.yaml in `c:\Users\Usr\Documents\MiniAgente\dataconnect`
 {"metadata":{"emulator":{"name":"dataconnect"},"message":"E0511 12:24:35.208257   15348 watch.go:116] watchAllDir unable to walk dir `c:\\Users\\Usr\\Documents\\MiniAgente\\dataconnect`: GetFileAttributesEx c:\\Users\\Usr\\Documents\\MiniAgente\\dataconnect: The system cannot find the file specified.\nE0511 12:24:35.208257   15348 watch.go:40] Failed to load config from \"c:\\\\Users\\\\Usr\\\\Documents\\\\MiniAgente\\\\dataconnect\": could not find dataconnect.yaml in `c:\\Users\\Usr\\Documents\\MiniAgente\\dataconnect`\n"}}
[debug] [2026-05-11T15:24:45.208Z] E0511 12:24:45.208500   15348 watch.go:40] Failed to load config from "c:\\Users\\Usr\\Documents\\MiniAgente\\dataconnect": could not find dataconnect.yaml in `c:\Users\Usr\Documents\MiniAgente\dataconnect`
 {"metadata":{"emulator":{"name":"dataconnect"},"message":"E0511 12:24:45.208500   15348 watch.go:40] Failed to load config from \"c:\\\\Users\\\\Usr\\\\Documents\\\\MiniAgente\\\\dataconnect\": could not find dataconnect.yaml in `c:\\Users\\Usr\\Documents\\MiniAgente\\dataconnect`\n"}}
[debug] [2026-05-11T15:24:55.208Z] E0511 12:24:55.208189   15348 watch.go:40] Failed to load config from "c:\\Users\\Usr\\Documents\\MiniAgente\\dataconnect": could not find dataconnect.yaml in `c:\Users\Usr\Documents\MiniAgente\dataconnect`
 {"metadata":{"emulator":{"name":"dataconnect"},"message":"E0511 12:24:55.208189   15348 watch.go:40] Failed to load config from \"c:\\\\Users\\\\Usr\\\\Documents\\\\MiniAgente\\\\dataconnect\": could not find dataconnect.yaml in `c:\\Users\\Usr\\Documents\\MiniAgente\\dataconnect`\n"}}
[debug] [2026-05-11T15:25:05.208Z] E0511 12:25:05.209005   15348 watch.go:40] Failed to load config from "c:\\Users\\Usr\\Documents\\MiniAgente\\dataconnect": could not find dataconnect.yaml in `c:\Users\Usr\Documents\MiniAgente\dataconnect`
 {"metadata":{"emulator":{"name":"dataconnect"},"message":"E0511 12:25:05.209005   15348 watch.go:40] Failed to load config from \"c:\\\\Users\\\\Usr\\\\Documents\\\\MiniAgente\\\\dataconnect\": could not find dataconnect.yaml in `c:\\Users\\Usr\\Documents\\MiniAgente\\dataconnect`\n"}}
[debug] [2026-05-11T15:25:15.208Z] E0511 12:25:15.209548   15348 watch.go:40] Failed to load config from "c:\\Users\\Usr\\Documents\\MiniAgente\\dataconnect": could not find dataconnect.yaml in `c:\Users\Usr\Documents\MiniAgente\dataconnect`
 {"metadata":{"emulator":{"name":"dataconnect"},"message":"E0511 12:25:15.209548   15348 watch.go:40] Failed to load config from \"c:\\\\Users\\\\Usr\\\\Documents\\\\MiniAgente\\\\dataconnect\": could not find dataconnect.yaml in `c:\\Users\\Usr\\Documents\\MiniAgente\\dataconnect`\n"}}
[debug] [2026-05-11T15:25:25.208Z] E0511 12:25:25.209960   15348 watch.go:40] Failed to load config from "c:\\Users\\Usr\\Documents\\MiniAgente\\dataconnect": could not find dataconnect.yaml in `c:\Users\Usr\Documents\MiniAgente\dataconnect`
 {"metadata":{"emulator":{"name":"dataconnect"},"message":"E0511 12:25:25.209960   15348 watch.go:40] Failed to load config from \"c:\\\\Users\\\\Usr\\\\Documents\\\\MiniAgente\\\\dataconnect\": could not find dataconnect.yaml in `c:\\Users\\Usr\\Documents\\MiniAgente\\dataconnect`\n"}}
[debug] [2026-05-11T15:25:35.210Z] E0511 12:25:35.210438   15348 watch.go:116] watchAllDir unable to walk dir `c:\Users\Usr\Documents\MiniAgente\dataconnect`: GetFileAttributesEx c:\Users\Usr\Documents\MiniAgente\dataconnect: The system cannot find the file specified.
 {"metadata":{"emulator":{"name":"dataconnect"},"message":"E0511 12:25:35.210438   15348 watch.go:116] watchAllDir unable to walk dir `c:\\Users\\Usr\\Documents\\MiniAgente\\dataconnect`: GetFileAttributesEx c:\\Users\\Usr\\Documents\\MiniAgente\\dataconnect: The system cannot find the file specified.\n"}}
[debug] [2026-05-11T15:25:35.210Z] E0511 12:25:35.210438   15348 watch.go:40] Failed to load config from "c:\\Users\\Usr\\Documents\\MiniAgente\\dataconnect": could not find dataconnect.yaml in `c:\Users\Usr\Documents\MiniAgente\dataconnect`
 {"metadata":{"emulator":{"name":"dataconnect"},"message":"E0511 12:25:35.210438   15348 watch.go:40] Failed to load config from \"c:\\\\Users\\\\Usr\\\\Documents\\\\MiniAgente\\\\dataconnect\": could not find dataconnect.yaml in `c:\\Users\\Usr\\Documents\\MiniAgente\\dataconnect`\n"}}
[debug] [2026-05-11T15:25:45.210Z] E0511 12:25:45.211182   15348 watch.go:40] Failed to load config from "c:\\Users\\Usr\\Documents\\MiniAgente\\dataconnect": could not find dataconnect.yaml in `c:\Users\Usr\Documents\MiniAgente\dataconnect`
 {"metadata":{"emulator":{"name":"dataconnect"},"message":"E0511 12:25:45.211182   15348 watch.go:40] Failed to load config from \"c:\\\\Users\\\\Usr\\\\Documents\\\\MiniAgente\\\\dataconnect\": could not find dataconnect.yaml in `c:\\Users\\Usr\\Documents\\MiniAgente\\dataconnect`\n"}}
[debug] [2026-05-11T15:25:55.210Z] E0511 12:25:55.211573   15348 watch.go:40] Failed to load config from "c:\\Users\\Usr\\Documents\\MiniAgente\\dataconnect": could not find dataconnect.yaml in `c:\Users\Usr\Documents\MiniAgente\dataconnect`
 {"metadata":{"emulator":{"name":"dataconnect"},"message":"E0511 12:25:55.211573   15348 watch.go:40] Failed to load config from \"c:\\\\Users\\\\Usr\\\\Documents\\\\MiniAgente\\\\dataconnect\": could not find dataconnect.yaml in `c:\\Users\\Usr\\Documents\\MiniAgente\\dataconnect`\n"}}
[debug] [2026-05-11T15:25:59.682Z] [Firebase Plugin] Received emulators shutdown notification.
[debug] [2026-05-11T15:26:05.210Z] E0511 12:26:05.212125   15348 watch.go:40] Failed to load config from "c:\\Users\\Usr\\Documents\\MiniAgente\\dataconnect": could not find dataconnect.yaml in `c:\Users\Usr\Documents\MiniAgente\dataconnect`
 {"metadata":{"emulator":{"name":"dataconnect"},"message":"E0511 12:26:05.212125   15348 watch.go:40] Failed to load config from \"c:\\\\Users\\\\Usr\\\\Documents\\\\MiniAgente\\\\dataconnect\": could not find dataconnect.yaml in `c:\\Users\\Usr\\Documents\\MiniAgente\\dataconnect`\n"}}
[debug] [2026-05-11T15:26:05.491Z] [Firebase Plugin] Received CLI notification.
[debug] [2026-05-11T15:26:05.496Z] [Firebase Plugin] Received emulators shutdown notification.
[debug] [2026-05-11T15:26:15.210Z] E0511 12:26:15.212748   15348 watch.go:40] Failed to load config from "c:\\Users\\Usr\\Documents\\MiniAgente\\dataconnect": could not find dataconnect.yaml in `c:\Users\Usr\Documents\MiniAgente\dataconnect`
 {"metadata":{"emulator":{"name":"dataconnect"},"message":"E0511 12:26:15.212748   15348 watch.go:40] Failed to load config from \"c:\\\\Users\\\\Usr\\\\Documents\\\\MiniAgente\\\\dataconnect\": could not find dataconnect.yaml in `c:\\Users\\Usr\\Documents\\MiniAgente\\dataconnect`\n"}}
[debug] [2026-05-11T15:26:25.209Z] E0511 12:26:25.213114   15348 watch.go:40] Failed to load config from "c:\\Users\\Usr\\Documents\\MiniAgente\\dataconnect": could not find dataconnect.yaml in `c:\Users\Usr\Documents\MiniAgente\dataconnect`
 {"metadata":{"emulator":{"name":"dataconnect"},"message":"E0511 12:26:25.213114   15348 watch.go:40] Failed to load config from \"c:\\\\Users\\\\Usr\\\\Documents\\\\MiniAgente\\\\dataconnect\": could not find dataconnect.yaml in `c:\\Users\\Usr\\Documents\\MiniAgente\\dataconnect`\n"}}
[debug] [2026-05-11T15:26:31.555Z] [Firebase Plugin] Received emulators started notification. Running detection.
[debug] [2026-05-11T15:26:31.556Z] Found emulator hub locator: {"version":"15.15.0","origins":["http://127.0.0.1:4400","http://[::1]:4400"],"pid":18580}
[debug] [2026-05-11T15:26:31.557Z] >>> [apiv2][query] GET http://127.0.0.1:4400/emulators [none]
[debug] [2026-05-11T15:26:31.587Z] <<< [apiv2][status] GET http://127.0.0.1:4400/emulators 200
[debug] [2026-05-11T15:26:31.587Z] <<< [apiv2][body] GET http://127.0.0.1:4400/emulators {"hub":{"listen":[{"address":"127.0.0.1","family":"IPv4","port":4400},{"address":"::1","family":"IPv6","port":4400}],"name":"hub","host":"127.0.0.1","port":4400},"ui":{"listen":[{"address":"127.0.0.1","family":"IPv4","port":4000},{"address":"::1","family":"IPv6","port":4000}],"name":"ui","host":"127.0.0.1","port":4000},"logging":{"listen":[{"address":"127.0.0.1","family":"IPv4","port":4500}],"name":"logging","host":"127.0.0.1","port":4500},"firestore":{"listen":[{"address":"127.0.0.1","family":"IPv4","port":8080}],"name":"firestore","host":"127.0.0.1","port":8080,"pid":14120,"reservedPorts":[9150],"webSocketHost":"127.0.0.1","webSocketPort":9150}}
[debug] [2026-05-11T15:26:35.212Z] E0511 12:26:35.213743   15348 watch.go:116] watchAllDir unable to walk dir `c:\Users\Usr\Documents\MiniAgente\dataconnect`: GetFileAttributesEx c:\Users\Usr\Documents\MiniAgente\dataconnect: The system cannot find the file specified.
 {"metadata":{"emulator":{"name":"dataconnect"},"message":"E0511 12:26:35.213743   15348 watch.go:116] watchAllDir unable to walk dir `c:\\Users\\Usr\\Documents\\MiniAgente\\dataconnect`: GetFileAttributesEx c:\\Users\\Usr\\Documents\\MiniAgente\\dataconnect: The system cannot find the file specified.\n"}}
[debug] [2026-05-11T15:26:35.222Z] E0511 12:26:35.213743   15348 watch.go:40] Failed to load config from "c:\\Users\\Usr\\Documents\\MiniAgente\\dataconnect": could not find dataconnect.yaml in `c:\Users\Usr\Documents\MiniAgente\dataconnect`
 {"metadata":{"emulator":{"name":"dataconnect"},"message":"E0511 12:26:35.213743   15348 watch.go:40] Failed to load config from \"c:\\\\Users\\\\Usr\\\\Documents\\\\MiniAgente\\\\dataconnect\": could not find dataconnect.yaml in `c:\\Users\\Usr\\Documents\\MiniAgente\\dataconnect`\n"}}
[debug] [2026-05-11T15:26:45.213Z] E0511 12:26:45.215055   15348 watch.go:40] Failed to load config from "c:\\Users\\Usr\\Documents\\MiniAgente\\dataconnect": could not find dataconnect.yaml in `c:\Users\Usr\Documents\MiniAgente\dataconnect`
 {"metadata":{"emulator":{"name":"dataconnect"},"message":"E0511 12:26:45.215055   15348 watch.go:40] Failed to load config from \"c:\\\\Users\\\\Usr\\\\Documents\\\\MiniAgente\\\\dataconnect\": could not find dataconnect.yaml in `c:\\Users\\Usr\\Documents\\MiniAgente\\dataconnect`\n"}}
[debug] [2026-05-11T15:26:55.213Z] E0511 12:26:55.215260   15348 watch.go:40] Failed to load config from "c:\\Users\\Usr\\Documents\\MiniAgente\\dataconnect": could not find dataconnect.yaml in `c:\Users\Usr\Documents\MiniAgente\dataconnect`
 {"metadata":{"emulator":{"name":"dataconnect"},"message":"E0511 12:26:55.215260   15348 watch.go:40] Failed to load config from \"c:\\\\Users\\\\Usr\\\\Documents\\\\MiniAgente\\\\dataconnect\": could not find dataconnect.yaml in `c:\\Users\\Usr\\Documents\\MiniAgente\\dataconnect`\n"}}
[debug] [2026-05-11T15:27:05.212Z] E0511 12:27:05.215412   15348 watch.go:40] Failed to load config from "c:\\Users\\Usr\\Documents\\MiniAgente\\dataconnect": could not find dataconnect.yaml in `c:\Users\Usr\Documents\MiniAgente\dataconnect`
 {"metadata":{"emulator":{"name":"dataconnect"},"message":"E0511 12:27:05.215412   15348 watch.go:40] Failed to load config from \"c:\\\\Users\\\\Usr\\\\Documents\\\\MiniAgente\\\\dataconnect\": could not find dataconnect.yaml in `c:\\Users\\Usr\\Documents\\MiniAgente\\dataconnect`\n"}}
[debug] [2026-05-11T15:27:15.213Z] E0511 12:27:15.216275   15348 watch.go:40] Failed to load config from "c:\\Users\\Usr\\Documents\\MiniAgente\\dataconnect": could not find dataconnect.yaml in `c:\Users\Usr\Documents\MiniAgente\dataconnect`
 {"metadata":{"emulator":{"name":"dataconnect"},"message":"E0511 12:27:15.216275   15348 watch.go:40] Failed to load config from \"c:\\\\Users\\\\Usr\\\\Documents\\\\MiniAgente\\\\dataconnect\": could not find dataconnect.yaml in `c:\\Users\\Usr\\Documents\\MiniAgente\\dataconnect`\n"}}
[debug] [2026-05-11T15:27:25.213Z] E0511 12:27:25.216886   15348 watch.go:40] Failed to load config from "c:\\Users\\Usr\\Documents\\MiniAgente\\dataconnect": could not find dataconnect.yaml in `c:\Users\Usr\Documents\MiniAgente\dataconnect`
 {"metadata":{"emulator":{"name":"dataconnect"},"message":"E0511 12:27:25.216886   15348 watch.go:40] Failed to load config from \"c:\\\\Users\\\\Usr\\\\Documents\\\\MiniAgente\\\\dataconnect\": could not find dataconnect.yaml in `c:\\Users\\Usr\\Documents\\MiniAgente\\dataconnect`\n"}}
[debug] [2026-05-11T15:27:35.216Z] E0511 12:27:35.217364   15348 watch.go:116] watchAllDir unable to walk dir `c:\Users\Usr\Documents\MiniAgente\dataconnect`: GetFileAttributesEx c:\Users\Usr\Documents\MiniAgente\dataconnect: The system cannot find the file specified.
E0511 12:27:35.217364   15348 watch.go:40] Failed to load config from "c:\\Users\\Usr\\Documents\\MiniAgente\\dataconnect": could not find dataconnect.yaml in `c:\Users\Usr\Documents\MiniAgente\dataconnect`
 {"metadata":{"emulator":{"name":"dataconnect"},"message":"E0511 12:27:35.217364   15348 watch.go:116] watchAllDir unable to walk dir `c:\\Users\\Usr\\Documents\\MiniAgente\\dataconnect`: GetFileAttributesEx c:\\Users\\Usr\\Documents\\MiniAgente\\dataconnect: The system cannot find the file specified.\nE0511 12:27:35.217364   15348 watch.go:40] Failed to load config from \"c:\\\\Users\\\\Usr\\\\Documents\\\\MiniAgente\\\\dataconnect\": could not find dataconnect.yaml in `c:\\Users\\Usr\\Documents\\MiniAgente\\dataconnect`\n"}}
[debug] [2026-05-11T15:27:45.216Z] E0511 12:27:45.217932   15348 watch.go:40] Failed to load config from "c:\\Users\\Usr\\Documents\\MiniAgente\\dataconnect": could not find dataconnect.yaml in `c:\Users\Usr\Documents\MiniAgente\dataconnect`
 {"metadata":{"emulator":{"name":"dataconnect"},"message":"E0511 12:27:45.217932   15348 watch.go:40] Failed to load config from \"c:\\\\Users\\\\Usr\\\\Documents\\\\MiniAgente\\\\dataconnect\": could not find dataconnect.yaml in `c:\\Users\\Usr\\Documents\\MiniAgente\\dataconnect`\n"}}
[debug] [2026-05-11T15:27:55.216Z] E0511 12:27:55.218410   15348 watch.go:40] Failed to load config from "c:\\Users\\Usr\\Documents\\MiniAgente\\dataconnect": could not find dataconnect.yaml in `c:\Users\Usr\Documents\MiniAgente\dataconnect`
 {"metadata":{"emulator":{"name":"dataconnect"},"message":"E0511 12:27:55.218410   15348 watch.go:40] Failed to load config from \"c:\\\\Users\\\\Usr\\\\Documents\\\\MiniAgente\\\\dataconnect\": could not find dataconnect.yaml in `c:\\Users\\Usr\\Documents\\MiniAgente\\dataconnect`\n"}}
[debug] [2026-05-11T15:28:05.216Z] E0511 12:28:05.219131   15348 watch.go:40] Failed to load config from "c:\\Users\\Usr\\Documents\\MiniAgente\\dataconnect": could not find dataconnect.yaml in `c:\Users\Usr\Documents\MiniAgente\dataconnect`
 {"metadata":{"emulator":{"name":"dataconnect"},"message":"E0511 12:28:05.219131   15348 watch.go:40] Failed to load config from \"c:\\\\Users\\\\Usr\\\\Documents\\\\MiniAgente\\\\dataconnect\": could not find dataconnect.yaml in `c:\\Users\\Usr\\Documents\\MiniAgente\\dataconnect`\n"}}
[debug] [2026-05-11T15:28:15.216Z] E0511 12:28:15.219842   15348 watch.go:40] Failed to load config from "c:\\Users\\Usr\\Documents\\MiniAgente\\dataconnect": could not find dataconnect.yaml in `c:\Users\Usr\Documents\MiniAgente\dataconnect`
 {"metadata":{"emulator":{"name":"dataconnect"},"message":"E0511 12:28:15.219842   15348 watch.go:40] Failed to load config from \"c:\\\\Users\\\\Usr\\\\Documents\\\\MiniAgente\\\\dataconnect\": could not find dataconnect.yaml in `c:\\Users\\Usr\\Documents\\MiniAgente\\dataconnect`\n"}}
[debug] [2026-05-11T15:28:25.216Z] E0511 12:28:25.220395   15348 watch.go:40] Failed to load config from "c:\\Users\\Usr\\Documents\\MiniAgente\\dataconnect": could not find dataconnect.yaml in `c:\Users\Usr\Documents\MiniAgente\dataconnect`
 {"metadata":{"emulator":{"name":"dataconnect"},"message":"E0511 12:28:25.220395   15348 watch.go:40] Failed to load config from \"c:\\\\Users\\\\Usr\\\\Documents\\\\MiniAgente\\\\dataconnect\": could not find dataconnect.yaml in `c:\\Users\\Usr\\Documents\\MiniAgente\\dataconnect`\n"}}
[debug] [2026-05-11T15:28:35.220Z] E0511 12:28:35.220898   15348 watch.go:116] watchAllDir unable to walk dir `c:\Users\Usr\Documents\MiniAgente\dataconnect`: GetFileAttributesEx c:\Users\Usr\Documents\MiniAgente\dataconnect: The system cannot find the file specified.
 {"metadata":{"emulator":{"name":"dataconnect"},"message":"E0511 12:28:35.220898   15348 watch.go:116] watchAllDir unable to walk dir `c:\\Users\\Usr\\Documents\\MiniAgente\\dataconnect`: GetFileAttributesEx c:\\Users\\Usr\\Documents\\MiniAgente\\dataconnect: The system cannot find the file specified.\n"}}
[debug] [2026-05-11T15:28:35.220Z] E0511 12:28:35.220898   15348 watch.go:40] Failed to load config from "c:\\Users\\Usr\\Documents\\MiniAgente\\dataconnect": could not find dataconnect.yaml in `c:\Users\Usr\Documents\MiniAgente\dataconnect`
 {"metadata":{"emulator":{"name":"dataconnect"},"message":"E0511 12:28:35.220898   15348 watch.go:40] Failed to load config from \"c:\\\\Users\\\\Usr\\\\Documents\\\\MiniAgente\\\\dataconnect\": could not find dataconnect.yaml in `c:\\Users\\Usr\\Documents\\MiniAgente\\dataconnect`\n"}}
[debug] [2026-05-11T15:28:45.220Z] E0511 12:28:45.221234   15348 watch.go:40] Failed to load config from "c:\\Users\\Usr\\Documents\\MiniAgente\\dataconnect": could not find dataconnect.yaml in `c:\Users\Usr\Documents\MiniAgente\dataconnect`
 {"metadata":{"emulator":{"name":"dataconnect"},"message":"E0511 12:28:45.221234   15348 watch.go:40] Failed to load config from \"c:\\\\Users\\\\Usr\\\\Documents\\\\MiniAgente\\\\dataconnect\": could not find dataconnect.yaml in `c:\\Users\\Usr\\Documents\\MiniAgente\\dataconnect`\n"}}
[debug] [2026-05-11T15:28:55.220Z] E0511 12:28:55.223075   15348 watch.go:40] Failed to load config from "c:\\Users\\Usr\\Documents\\MiniAgente\\dataconnect": could not find dataconnect.yaml in `c:\Users\Usr\Documents\MiniAgente\dataconnect`
 {"metadata":{"emulator":{"name":"dataconnect"},"message":"E0511 12:28:55.223075   15348 watch.go:40] Failed to load config from \"c:\\\\Users\\\\Usr\\\\Documents\\\\MiniAgente\\\\dataconnect\": could not find dataconnect.yaml in `c:\\Users\\Usr\\Documents\\MiniAgente\\dataconnect`\n"}}
[debug] [2026-05-11T15:29:05.220Z] E0511 12:29:05.222297   15348 watch.go:40] Failed to load config from "c:\\Users\\Usr\\Documents\\MiniAgente\\dataconnect": could not find dataconnect.yaml in `c:\Users\Usr\Documents\MiniAgente\dataconnect`
 {"metadata":{"emulator":{"name":"dataconnect"},"message":"E0511 12:29:05.222297   15348 watch.go:40] Failed to load config from \"c:\\\\Users\\\\Usr\\\\Documents\\\\MiniAgente\\\\dataconnect\": could not find dataconnect.yaml in `c:\\Users\\Usr\\Documents\\MiniAgente\\dataconnect`\n"}}
[debug] [2026-05-11T15:29:15.219Z] E0511 12:29:15.222931   15348 watch.go:40] Failed to load config from "c:\\Users\\Usr\\Documents\\MiniAgente\\dataconnect": could not find dataconnect.yaml in `c:\Users\Usr\Documents\MiniAgente\dataconnect`
 {"metadata":{"emulator":{"name":"dataconnect"},"message":"E0511 12:29:15.222931   15348 watch.go:40] Failed to load config from \"c:\\\\Users\\\\Usr\\\\Documents\\\\MiniAgente\\\\dataconnect\": could not find dataconnect.yaml in `c:\\Users\\Usr\\Documents\\MiniAgente\\dataconnect`\n"}}
[debug] [2026-05-11T15:29:25.219Z] E0511 12:29:25.223524   15348 watch.go:40] Failed to load config from "c:\\Users\\Usr\\Documents\\MiniAgente\\dataconnect": could not find dataconnect.yaml in `c:\Users\Usr\Documents\MiniAgente\dataconnect`
 {"metadata":{"emulator":{"name":"dataconnect"},"message":"E0511 12:29:25.223524   15348 watch.go:40] Failed to load config from \"c:\\\\Users\\\\Usr\\\\Documents\\\\MiniAgente\\\\dataconnect\": could not find dataconnect.yaml in `c:\\Users\\Usr\\Documents\\MiniAgente\\dataconnect`\n"}}
[debug] [2026-05-11T15:29:35.222Z] E0511 12:29:35.223954   15348 watch.go:116] watchAllDir unable to walk dir `c:\Users\Usr\Documents\MiniAgente\dataconnect`: GetFileAttributesEx c:\Users\Usr\Documents\MiniAgente\dataconnect: The system cannot find the file specified.
E0511 12:29:35.223954   15348 watch.go:40] Failed to load config from "c:\\Users\\Usr\\Documents\\MiniAgente\\dataconnect": could not find dataconnect.yaml in `c:\Users\Usr\Documents\MiniAgente\dataconnect`
 {"metadata":{"emulator":{"name":"dataconnect"},"message":"E0511 12:29:35.223954   15348 watch.go:116] watchAllDir unable to walk dir `c:\\Users\\Usr\\Documents\\MiniAgente\\dataconnect`: GetFileAttributesEx c:\\Users\\Usr\\Documents\\MiniAgente\\dataconnect: The system cannot find the file specified.\nE0511 12:29:35.223954   15348 watch.go:40] Failed to load config from \"c:\\\\Users\\\\Usr\\\\Documents\\\\MiniAgente\\\\dataconnect\": could not find dataconnect.yaml in `c:\\Users\\Usr\\Documents\\MiniAgente\\dataconnect`\n"}}
[debug] [2026-05-11T15:29:45.222Z] E0511 12:29:45.225130   15348 watch.go:40] Failed to load config from "c:\\Users\\Usr\\Documents\\MiniAgente\\dataconnect": could not find dataconnect.yaml in `c:\Users\Usr\Documents\MiniAgente\dataconnect`
 {"metadata":{"emulator":{"name":"dataconnect"},"message":"E0511 12:29:45.225130   15348 watch.go:40] Failed to load config from \"c:\\\\Users\\\\Usr\\\\Documents\\\\MiniAgente\\\\dataconnect\": could not find dataconnect.yaml in `c:\\Users\\Usr\\Documents\\MiniAgente\\dataconnect`\n"}}
[debug] [2026-05-11T15:29:55.222Z] E0511 12:29:55.225152   15348 watch.go:40] Failed to load config from "c:\\Users\\Usr\\Documents\\MiniAgente\\dataconnect": could not find dataconnect.yaml in `c:\Users\Usr\Documents\MiniAgente\dataconnect`
 {"metadata":{"emulator":{"name":"dataconnect"},"message":"E0511 12:29:55.225152   15348 watch.go:40] Failed to load config from \"c:\\\\Users\\\\Usr\\\\Documents\\\\MiniAgente\\\\dataconnect\": could not find dataconnect.yaml in `c:\\Users\\Usr\\Documents\\MiniAgente\\dataconnect`\n"}}
[debug] [2026-05-11T15:30:05.222Z] E0511 12:30:05.225723   15348 watch.go:40] Failed to load config from "c:\\Users\\Usr\\Documents\\MiniAgente\\dataconnect": could not find dataconnect.yaml in `c:\Users\Usr\Documents\MiniAgente\dataconnect`
 {"metadata":{"emulator":{"name":"dataconnect"},"message":"E0511 12:30:05.225723   15348 watch.go:40] Failed to load config from \"c:\\\\Users\\\\Usr\\\\Documents\\\\MiniAgente\\\\dataconnect\": could not find dataconnect.yaml in `c:\\Users\\Usr\\Documents\\MiniAgente\\dataconnect`\n"}}
[debug] [2026-05-11T15:30:15.222Z] E0511 12:30:15.226205   15348 watch.go:40] Failed to load config from "c:\\Users\\Usr\\Documents\\MiniAgente\\dataconnect": could not find dataconnect.yaml in `c:\Users\Usr\Documents\MiniAgente\dataconnect`
 {"metadata":{"emulator":{"name":"dataconnect"},"message":"E0511 12:30:15.226205   15348 watch.go:40] Failed to load config from \"c:\\\\Users\\\\Usr\\\\Documents\\\\MiniAgente\\\\dataconnect\": could not find dataconnect.yaml in `c:\\Users\\Usr\\Documents\\MiniAgente\\dataconnect`\n"}}
[debug] [2026-05-11T15:30:25.222Z] E0511 12:30:25.226795   15348 watch.go:40] Failed to load config from "c:\\Users\\Usr\\Documents\\MiniAgente\\dataconnect": could not find dataconnect.yaml in `c:\Users\Usr\Documents\MiniAgente\dataconnect`
 {"metadata":{"emulator":{"name":"dataconnect"},"message":"E0511 12:30:25.226795   15348 watch.go:40] Failed to load config from \"c:\\\\Users\\\\Usr\\\\Documents\\\\MiniAgente\\\\dataconnect\": could not find dataconnect.yaml in `c:\\Users\\Usr\\Documents\\MiniAgente\\dataconnect`\n"}}
[debug] [2026-05-11T15:30:35.227Z] E0511 12:30:35.227752   15348 watch.go:116] watchAllDir unable to walk dir `c:\Users\Usr\Documents\MiniAgente\dataconnect`: GetFileAttributesEx c:\Users\Usr\Documents\MiniAgente\dataconnect: The system cannot find the file specified.
 {"metadata":{"emulator":{"name":"dataconnect"},"message":"E0511 12:30:35.227752   15348 watch.go:116] watchAllDir unable to walk dir `c:\\Users\\Usr\\Documents\\MiniAgente\\dataconnect`: GetFileAttributesEx c:\\Users\\Usr\\Documents\\MiniAgente\\dataconnect: The system cannot find the file specified.\n"}}
[debug] [2026-05-11T15:30:35.228Z] E0511 12:30:35.227752   15348 watch.go:40] Failed to load config from "c:\\Users\\Usr\\Documents\\MiniAgente\\dataconnect": could not find dataconnect.yaml in `c:\Users\Usr\Documents\MiniAgente\dataconnect`
 {"metadata":{"emulator":{"name":"dataconnect"},"message":"E0511 12:30:35.227752   15348 watch.go:40] Failed to load config from \"c:\\\\Users\\\\Usr\\\\Documents\\\\MiniAgente\\\\dataconnect\": could not find dataconnect.yaml in `c:\\Users\\Usr\\Documents\\MiniAgente\\dataconnect`\n"}}
[debug] [2026-05-11T15:30:45.227Z] E0511 12:30:45.228438   15348 watch.go:40] Failed to load config from "c:\\Users\\Usr\\Documents\\MiniAgente\\dataconnect": could not find dataconnect.yaml in `c:\Users\Usr\Documents\MiniAgente\dataconnect`
 {"metadata":{"emulator":{"name":"dataconnect"},"message":"E0511 12:30:45.228438   15348 watch.go:40] Failed to load config from \"c:\\\\Users\\\\Usr\\\\Documents\\\\MiniAgente\\\\dataconnect\": could not find dataconnect.yaml in `c:\\Users\\Usr\\Documents\\MiniAgente\\dataconnect`\n"}}
[debug] [2026-05-11T15:30:55.227Z] E0511 12:30:55.228780   15348 watch.go:40] Failed to load config from "c:\\Users\\Usr\\Documents\\MiniAgente\\dataconnect": could not find dataconnect.yaml in `c:\Users\Usr\Documents\MiniAgente\dataconnect`
 {"metadata":{"emulator":{"name":"dataconnect"},"message":"E0511 12:30:55.228780   15348 watch.go:40] Failed to load config from \"c:\\\\Users\\\\Usr\\\\Documents\\\\MiniAgente\\\\dataconnect\": could not find dataconnect.yaml in `c:\\Users\\Usr\\Documents\\MiniAgente\\dataconnect`\n"}}
[debug] [2026-05-11T15:31:05.227Z] E0511 12:31:05.229407   15348 watch.go:40] Failed to load config from "c:\\Users\\Usr\\Documents\\MiniAgente\\dataconnect": could not find dataconnect.yaml in `c:\Users\Usr\Documents\MiniAgente\dataconnect`
 {"metadata":{"emulator":{"name":"dataconnect"},"message":"E0511 12:31:05.229407   15348 watch.go:40] Failed to load config from \"c:\\\\Users\\\\Usr\\\\Documents\\\\MiniAgente\\\\dataconnect\": could not find dataconnect.yaml in `c:\\Users\\Usr\\Documents\\MiniAgente\\dataconnect`\n"}}
[debug] [2026-05-11T15:31:15.227Z] E0511 12:31:15.230115   15348 watch.go:40] Failed to load config from "c:\\Users\\Usr\\Documents\\MiniAgente\\dataconnect": could not find dataconnect.yaml in `c:\Users\Usr\Documents\MiniAgente\dataconnect`
 {"metadata":{"emulator":{"name":"dataconnect"},"message":"E0511 12:31:15.230115   15348 watch.go:40] Failed to load config from \"c:\\\\Users\\\\Usr\\\\Documents\\\\MiniAgente\\\\dataconnect\": could not find dataconnect.yaml in `c:\\Users\\Usr\\Documents\\MiniAgente\\dataconnect`\n"}}
[debug] [2026-05-11T15:31:25.227Z] E0511 12:31:25.230352   15348 watch.go:40] Failed to load config from "c:\\Users\\Usr\\Documents\\MiniAgente\\dataconnect": could not find dataconnect.yaml in `c:\Users\Usr\Documents\MiniAgente\dataconnect`
 {"metadata":{"emulator":{"name":"dataconnect"},"message":"E0511 12:31:25.230352   15348 watch.go:40] Failed to load config from \"c:\\\\Users\\\\Usr\\\\Documents\\\\MiniAgente\\\\dataconnect\": could not find dataconnect.yaml in `c:\\Users\\Usr\\Documents\\MiniAgente\\dataconnect`\n"}}
[debug] [2026-05-11T15:31:35.230Z] E0511 12:31:35.231011   15348 watch.go:116] watchAllDir unable to walk dir `c:\Users\Usr\Documents\MiniAgente\dataconnect`: GetFileAttributesEx c:\Users\Usr\Documents\MiniAgente\dataconnect: The system cannot find the file specified.
 {"metadata":{"emulator":{"name":"dataconnect"},"message":"E0511 12:31:35.231011   15348 watch.go:116] watchAllDir unable to walk dir `c:\\Users\\Usr\\Documents\\MiniAgente\\dataconnect`: GetFileAttributesEx c:\\Users\\Usr\\Documents\\MiniAgente\\dataconnect: The system cannot find the file specified.\n"}}
[debug] [2026-05-11T15:31:35.231Z] E0511 12:31:35.231011   15348 watch.go:40] Failed to load config from "c:\\Users\\Usr\\Documents\\MiniAgente\\dataconnect": could not find dataconnect.yaml in `c:\Users\Usr\Documents\MiniAgente\dataconnect`
 {"metadata":{"emulator":{"name":"dataconnect"},"message":"E0511 12:31:35.231011   15348 watch.go:40] Failed to load config from \"c:\\\\Users\\\\Usr\\\\Documents\\\\MiniAgente\\\\dataconnect\": could not find dataconnect.yaml in `c:\\Users\\Usr\\Documents\\MiniAgente\\dataconnect`\n"}}
[debug] [2026-05-11T15:31:45.230Z] E0511 12:31:45.231455   15348 watch.go:40] Failed to load config from "c:\\Users\\Usr\\Documents\\MiniAgente\\dataconnect": could not find dataconnect.yaml in `c:\Users\Usr\Documents\MiniAgente\dataconnect`
 {"metadata":{"emulator":{"name":"dataconnect"},"message":"E0511 12:31:45.231455   15348 watch.go:40] Failed to load config from \"c:\\\\Users\\\\Usr\\\\Documents\\\\MiniAgente\\\\dataconnect\": could not find dataconnect.yaml in `c:\\Users\\Usr\\Documents\\MiniAgente\\dataconnect`\n"}}
[debug] [2026-05-11T15:31:55.230Z] E0511 12:31:55.232454   15348 watch.go:40] Failed to load config from "c:\\Users\\Usr\\Documents\\MiniAgente\\dataconnect": could not find dataconnect.yaml in `c:\Users\Usr\Documents\MiniAgente\dataconnect`
 {"metadata":{"emulator":{"name":"dataconnect"},"message":"E0511 12:31:55.232454   15348 watch.go:40] Failed to load config from \"c:\\\\Users\\\\Usr\\\\Documents\\\\MiniAgente\\\\dataconnect\": could not find dataconnect.yaml in `c:\\Users\\Usr\\Documents\\MiniAgente\\dataconnect`\n"}}
[debug] [2026-05-11T15:32:05.230Z] E0511 12:32:05.232565   15348 watch.go:40] Failed to load config from "c:\\Users\\Usr\\Documents\\MiniAgente\\dataconnect": could not find dataconnect.yaml in `c:\Users\Usr\Documents\MiniAgente\dataconnect`
 {"metadata":{"emulator":{"name":"dataconnect"},"message":"E0511 12:32:05.232565   15348 watch.go:40] Failed to load config from \"c:\\\\Users\\\\Usr\\\\Documents\\\\MiniAgente\\\\dataconnect\": could not find dataconnect.yaml in `c:\\Users\\Usr\\Documents\\MiniAgente\\dataconnect`\n"}}
[debug] [2026-05-11T15:32:15.230Z] E0511 12:32:15.233336   15348 watch.go:40] Failed to load config from "c:\\Users\\Usr\\Documents\\MiniAgente\\dataconnect": could not find dataconnect.yaml in `c:\Users\Usr\Documents\MiniAgente\dataconnect`
 {"metadata":{"emulator":{"name":"dataconnect"},"message":"E0511 12:32:15.233336   15348 watch.go:40] Failed to load config from \"c:\\\\Users\\\\Usr\\\\Documents\\\\MiniAgente\\\\dataconnect\": could not find dataconnect.yaml in `c:\\Users\\Usr\\Documents\\MiniAgente\\dataconnect`\n"}}
[debug] [2026-05-11T15:32:25.230Z] E0511 12:32:25.233716   15348 watch.go:40] Failed to load config from "c:\\Users\\Usr\\Documents\\MiniAgente\\dataconnect": could not find dataconnect.yaml in `c:\Users\Usr\Documents\MiniAgente\dataconnect`
 {"metadata":{"emulator":{"name":"dataconnect"},"message":"E0511 12:32:25.233716   15348 watch.go:40] Failed to load config from \"c:\\\\Users\\\\Usr\\\\Documents\\\\MiniAgente\\\\dataconnect\": could not find dataconnect.yaml in `c:\\Users\\Usr\\Documents\\MiniAgente\\dataconnect`\n"}}
[debug] [2026-05-11T15:32:35.233Z] E0511 12:32:35.234382   15348 watch.go:116] watchAllDir unable to walk dir `c:\Users\Usr\Documents\MiniAgente\dataconnect`: GetFileAttributesEx c:\Users\Usr\Documents\MiniAgente\dataconnect: The system cannot find the file specified.
 {"metadata":{"emulator":{"name":"dataconnect"},"message":"E0511 12:32:35.234382   15348 watch.go:116] watchAllDir unable to walk dir `c:\\Users\\Usr\\Documents\\MiniAgente\\dataconnect`: GetFileAttributesEx c:\\Users\\Usr\\Documents\\MiniAgente\\dataconnect: The system cannot find the file specified.\n"}}
[debug] [2026-05-11T15:32:35.234Z] E0511 12:32:35.234382   15348 watch.go:40] Failed to load config from "c:\\Users\\Usr\\Documents\\MiniAgente\\dataconnect": could not find dataconnect.yaml in `c:\Users\Usr\Documents\MiniAgente\dataconnect`
 {"metadata":{"emulator":{"name":"dataconnect"},"message":"E0511 12:32:35.234382   15348 watch.go:40] Failed to load config from \"c:\\\\Users\\\\Usr\\\\Documents\\\\MiniAgente\\\\dataconnect\": could not find dataconnect.yaml in `c:\\Users\\Usr\\Documents\\MiniAgente\\dataconnect`\n"}}
[debug] [2026-05-11T15:32:45.234Z] E0511 12:32:45.235264   15348 watch.go:40] Failed to load config from "c:\\Users\\Usr\\Documents\\MiniAgente\\dataconnect": could not find dataconnect.yaml in `c:\Users\Usr\Documents\MiniAgente\dataconnect`
 {"metadata":{"emulator":{"name":"dataconnect"},"message":"E0511 12:32:45.235264   15348 watch.go:40] Failed to load config from \"c:\\\\Users\\\\Usr\\\\Documents\\\\MiniAgente\\\\dataconnect\": could not find dataconnect.yaml in `c:\\Users\\Usr\\Documents\\MiniAgente\\dataconnect`\n"}}
[debug] [2026-05-11T15:32:55.234Z] E0511 12:32:55.235839   15348 watch.go:40] Failed to load config from "c:\\Users\\Usr\\Documents\\MiniAgente\\dataconnect": could not find dataconnect.yaml in `c:\Users\Usr\Documents\MiniAgente\dataconnect`
 {"metadata":{"emulator":{"name":"dataconnect"},"message":"E0511 12:32:55.235839   15348 watch.go:40] Failed to load config from \"c:\\\\Users\\\\Usr\\\\Documents\\\\MiniAgente\\\\dataconnect\": could not find dataconnect.yaml in `c:\\Users\\Usr\\Documents\\MiniAgente\\dataconnect`\n"}}
[debug] [2026-05-11T15:33:05.234Z] E0511 12:33:05.236342   15348 watch.go:40] Failed to load config from "c:\\Users\\Usr\\Documents\\MiniAgente\\dataconnect": could not find dataconnect.yaml in `c:\Users\Usr\Documents\MiniAgente\dataconnect`
 {"metadata":{"emulator":{"name":"dataconnect"},"message":"E0511 12:33:05.236342   15348 watch.go:40] Failed to load config from \"c:\\\\Users\\\\Usr\\\\Documents\\\\MiniAgente\\\\dataconnect\": could not find dataconnect.yaml in `c:\\Users\\Usr\\Documents\\MiniAgente\\dataconnect`\n"}}
[debug] [2026-05-11T15:33:15.233Z] E0511 12:33:15.236835   15348 watch.go:40] Failed to load config from "c:\\Users\\Usr\\Documents\\MiniAgente\\dataconnect": could not find dataconnect.yaml in `c:\Users\Usr\Documents\MiniAgente\dataconnect`
 {"metadata":{"emulator":{"name":"dataconnect"},"message":"E0511 12:33:15.236835   15348 watch.go:40] Failed to load config from \"c:\\\\Users\\\\Usr\\\\Documents\\\\MiniAgente\\\\dataconnect\": could not find dataconnect.yaml in `c:\\Users\\Usr\\Documents\\MiniAgente\\dataconnect`\n"}}
[debug] [2026-05-11T15:33:25.233Z] E0511 12:33:25.237323   15348 watch.go:40] Failed to load config from "c:\\Users\\Usr\\Documents\\MiniAgente\\dataconnect": could not find dataconnect.yaml in `c:\Users\Usr\Documents\MiniAgente\dataconnect`
 {"metadata":{"emulator":{"name":"dataconnect"},"message":"E0511 12:33:25.237323   15348 watch.go:40] Failed to load config from \"c:\\\\Users\\\\Usr\\\\Documents\\\\MiniAgente\\\\dataconnect\": could not find dataconnect.yaml in `c:\\Users\\Usr\\Documents\\MiniAgente\\dataconnect`\n"}}
[debug] [2026-05-11T15:33:35.238Z] E0511 12:33:35.237993   15348 watch.go:116] watchAllDir unable to walk dir `c:\Users\Usr\Documents\MiniAgente\dataconnect`: GetFileAttributesEx c:\Users\Usr\Documents\MiniAgente\dataconnect: The system cannot find the file specified.
E0511 12:33:35.237993   15348 watch.go:40] Failed to load config from "c:\\Users\\Usr\\Documents\\MiniAgente\\dataconnect": could not find dataconnect.yaml in `c:\Users\Usr\Documents\MiniAgente\dataconnect`
 {"metadata":{"emulator":{"name":"dataconnect"},"message":"E0511 12:33:35.237993   15348 watch.go:116] watchAllDir unable to walk dir `c:\\Users\\Usr\\Documents\\MiniAgente\\dataconnect`: GetFileAttributesEx c:\\Users\\Usr\\Documents\\MiniAgente\\dataconnect: The system cannot find the file specified.\nE0511 12:33:35.237993   15348 watch.go:40] Failed to load config from \"c:\\\\Users\\\\Usr\\\\Documents\\\\MiniAgente\\\\dataconnect\": could not find dataconnect.yaml in `c:\\Users\\Usr\\Documents\\MiniAgente\\dataconnect`\n"}}
[debug] [2026-05-11T15:33:45.237Z] E0511 12:33:45.238582   15348 watch.go:40] Failed to load config from "c:\\Users\\Usr\\Documents\\MiniAgente\\dataconnect": could not find dataconnect.yaml in `c:\Users\Usr\Documents\MiniAgente\dataconnect`
 {"metadata":{"emulator":{"name":"dataconnect"},"message":"E0511 12:33:45.238582   15348 watch.go:40] Failed to load config from \"c:\\\\Users\\\\Usr\\\\Documents\\\\MiniAgente\\\\dataconnect\": could not find dataconnect.yaml in `c:\\Users\\Usr\\Documents\\MiniAgente\\dataconnect`\n"}}
[debug] [2026-05-11T15:33:55.237Z] E0511 12:33:55.238821   15348 watch.go:40] Failed to load config from "c:\\Users\\Usr\\Documents\\MiniAgente\\dataconnect": could not find dataconnect.yaml in `c:\Users\Usr\Documents\MiniAgente\dataconnect`
 {"metadata":{"emulator":{"name":"dataconnect"},"message":"E0511 12:33:55.238821   15348 watch.go:40] Failed to load config from \"c:\\\\Users\\\\Usr\\\\Documents\\\\MiniAgente\\\\dataconnect\": could not find dataconnect.yaml in `c:\\Users\\Usr\\Documents\\MiniAgente\\dataconnect`\n"}}
[debug] [2026-05-11T15:34:05.237Z] E0511 12:34:05.239384   15348 watch.go:40] Failed to load config from "c:\\Users\\Usr\\Documents\\MiniAgente\\dataconnect": could not find dataconnect.yaml in `c:\Users\Usr\Documents\MiniAgente\dataconnect`
 {"metadata":{"emulator":{"name":"dataconnect"},"message":"E0511 12:34:05.239384   15348 watch.go:40] Failed to load config from \"c:\\\\Users\\\\Usr\\\\Documents\\\\MiniAgente\\\\dataconnect\": could not find dataconnect.yaml in `c:\\Users\\Usr\\Documents\\MiniAgente\\dataconnect`\n"}}
[debug] [2026-05-11T15:34:15.237Z] E0511 12:34:15.240077   15348 watch.go:40] Failed to load config from "c:\\Users\\Usr\\Documents\\MiniAgente\\dataconnect": could not find dataconnect.yaml in `c:\Users\Usr\Documents\MiniAgente\dataconnect`
 {"metadata":{"emulator":{"name":"dataconnect"},"message":"E0511 12:34:15.240077   15348 watch.go:40] Failed to load config from \"c:\\\\Users\\\\Usr\\\\Documents\\\\MiniAgente\\\\dataconnect\": could not find dataconnect.yaml in `c:\\Users\\Usr\\Documents\\MiniAgente\\dataconnect`\n"}}
[debug] [2026-05-11T15:34:25.237Z] E0511 12:34:25.240840   15348 watch.go:40] Failed to load config from "c:\\Users\\Usr\\Documents\\MiniAgente\\dataconnect": could not find dataconnect.yaml in `c:\Users\Usr\Documents\MiniAgente\dataconnect`
 {"metadata":{"emulator":{"name":"dataconnect"},"message":"E0511 12:34:25.240840   15348 watch.go:40] Failed to load config from \"c:\\\\Users\\\\Usr\\\\Documents\\\\MiniAgente\\\\dataconnect\": could not find dataconnect.yaml in `c:\\Users\\Usr\\Documents\\MiniAgente\\dataconnect`\n"}}
[debug] [2026-05-11T15:34:35.240Z] E0511 12:34:35.241184   15348 watch.go:116] watchAllDir unable to walk dir `c:\Users\Usr\Documents\MiniAgente\dataconnect`: GetFileAttributesEx c:\Users\Usr\Documents\MiniAgente\dataconnect: The system cannot find the file specified.
E0511 12:34:35.241184   15348 watch.go:40] Failed to load config from "c:\\Users\\Usr\\Documents\\MiniAgente\\dataconnect": could not find dataconnect.yaml in `c:\Users\Usr\Documents\MiniAgente\dataconnect`
 {"metadata":{"emulator":{"name":"dataconnect"},"message":"E0511 12:34:35.241184   15348 watch.go:116] watchAllDir unable to walk dir `c:\\Users\\Usr\\Documents\\MiniAgente\\dataconnect`: GetFileAttributesEx c:\\Users\\Usr\\Documents\\MiniAgente\\dataconnect: The system cannot find the file specified.\nE0511 12:34:35.241184   15348 watch.go:40] Failed to load config from \"c:\\\\Users\\\\Usr\\\\Documents\\\\MiniAgente\\\\dataconnect\": could not find dataconnect.yaml in `c:\\Users\\Usr\\Documents\\MiniAgente\\dataconnect`\n"}}
[debug] [2026-05-11T15:34:45.241Z] E0511 12:34:45.242061   15348 watch.go:40] Failed to load config from "c:\\Users\\Usr\\Documents\\MiniAgente\\dataconnect": could not find dataconnect.yaml in `c:\Users\Usr\Documents\MiniAgente\dataconnect`
 {"metadata":{"emulator":{"name":"dataconnect"},"message":"E0511 12:34:45.242061   15348 watch.go:40] Failed to load config from \"c:\\\\Users\\\\Usr\\\\Documents\\\\MiniAgente\\\\dataconnect\": could not find dataconnect.yaml in `c:\\Users\\Usr\\Documents\\MiniAgente\\dataconnect`\n"}}
[debug] [2026-05-11T15:34:49.704Z] [Firebase Plugin] Received emulators shutdown notification.
[debug] [2026-05-11T15:34:55.240Z] E0511 12:34:55.242243   15348 watch.go:40] Failed to load config from "c:\\Users\\Usr\\Documents\\MiniAgente\\dataconnect": could not find dataconnect.yaml in `c:\Users\Usr\Documents\MiniAgente\dataconnect`
 {"metadata":{"emulator":{"name":"dataconnect"},"message":"E0511 12:34:55.242243   15348 watch.go:40] Failed to load config from \"c:\\\\Users\\\\Usr\\\\Documents\\\\MiniAgente\\\\dataconnect\": could not find dataconnect.yaml in `c:\\Users\\Usr\\Documents\\MiniAgente\\dataconnect`\n"}}
[debug] [2026-05-11T15:35:04.382Z] [Firebase Plugin] Received emulators started notification. Running detection.
[debug] [2026-05-11T15:35:04.384Z] Found emulator hub locator: {"version":"15.15.0","origins":["http://127.0.0.1:4400","http://[::1]:4400"],"pid":9072}
[debug] [2026-05-11T15:35:04.385Z] >>> [apiv2][query] GET http://127.0.0.1:4400/emulators [none]
[debug] [2026-05-11T15:35:04.408Z] <<< [apiv2][status] GET http://127.0.0.1:4400/emulators 200
[debug] [2026-05-11T15:35:04.408Z] <<< [apiv2][body] GET http://127.0.0.1:4400/emulators {"hub":{"listen":[{"address":"127.0.0.1","family":"IPv4","port":4400},{"address":"::1","family":"IPv6","port":4400}],"name":"hub","host":"127.0.0.1","port":4400},"ui":{"listen":[{"address":"127.0.0.1","family":"IPv4","port":4000},{"address":"::1","family":"IPv6","port":4000}],"name":"ui","host":"127.0.0.1","port":4000},"logging":{"listen":[{"address":"127.0.0.1","family":"IPv4","port":4500}],"name":"logging","host":"127.0.0.1","port":4500},"firestore":{"listen":[{"address":"127.0.0.1","family":"IPv4","port":8080}],"name":"firestore","host":"127.0.0.1","port":8080,"pid":4136,"reservedPorts":[9150],"webSocketHost":"127.0.0.1","webSocketPort":9150}}
[debug] [2026-05-11T15:35:05.241Z] E0511 12:35:05.242800   15348 watch.go:40] Failed to load config from "c:\\Users\\Usr\\Documents\\MiniAgente\\dataconnect": could not find dataconnect.yaml in `c:\Users\Usr\Documents\MiniAgente\dataconnect`
 {"metadata":{"emulator":{"name":"dataconnect"},"message":"E0511 12:35:05.242800   15348 watch.go:40] Failed to load config from \"c:\\\\Users\\\\Usr\\\\Documents\\\\MiniAgente\\\\dataconnect\": could not find dataconnect.yaml in `c:\\Users\\Usr\\Documents\\MiniAgente\\dataconnect`\n"}}
[debug] [2026-05-11T15:35:15.240Z] E0511 12:35:15.243481   15348 watch.go:40] Failed to load config from "c:\\Users\\Usr\\Documents\\MiniAgente\\dataconnect": could not find dataconnect.yaml in `c:\Users\Usr\Documents\MiniAgente\dataconnect`
 {"metadata":{"emulator":{"name":"dataconnect"},"message":"E0511 12:35:15.243481   15348 watch.go:40] Failed to load config from \"c:\\\\Users\\\\Usr\\\\Documents\\\\MiniAgente\\\\dataconnect\": could not find dataconnect.yaml in `c:\\Users\\Usr\\Documents\\MiniAgente\\dataconnect`\n"}}
[debug] [2026-05-11T15:35:25.241Z] E0511 12:35:25.244220   15348 watch.go:40] Failed to load config from "c:\\Users\\Usr\\Documents\\MiniAgente\\dataconnect": could not find dataconnect.yaml in `c:\Users\Usr\Documents\MiniAgente\dataconnect`
 {"metadata":{"emulator":{"name":"dataconnect"},"message":"E0511 12:35:25.244220   15348 watch.go:40] Failed to load config from \"c:\\\\Users\\\\Usr\\\\Documents\\\\MiniAgente\\\\dataconnect\": could not find dataconnect.yaml in `c:\\Users\\Usr\\Documents\\MiniAgente\\dataconnect`\n"}}
[debug] [2026-05-11T15:35:35.243Z] E0511 12:35:35.244704   15348 watch.go:116] watchAllDir unable to walk dir `c:\Users\Usr\Documents\MiniAgente\dataconnect`: GetFileAttributesEx c:\Users\Usr\Documents\MiniAgente\dataconnect: The system cannot find the file specified.
 {"metadata":{"emulator":{"name":"dataconnect"},"message":"E0511 12:35:35.244704   15348 watch.go:116] watchAllDir unable to walk dir `c:\\Users\\Usr\\Documents\\MiniAgente\\dataconnect`: GetFileAttributesEx c:\\Users\\Usr\\Documents\\MiniAgente\\dataconnect: The system cannot find the file specified.\n"}}
[debug] [2026-05-11T15:35:35.244Z] E0511 12:35:35.244704   15348 watch.go:40] Failed to load config from "c:\\Users\\Usr\\Documents\\MiniAgente\\dataconnect": could not find dataconnect.yaml in `c:\Users\Usr\Documents\MiniAgente\dataconnect`
 {"metadata":{"emulator":{"name":"dataconnect"},"message":"E0511 12:35:35.244704   15348 watch.go:40] Failed to load config from \"c:\\\\Users\\\\Usr\\\\Documents\\\\MiniAgente\\\\dataconnect\": could not find dataconnect.yaml in `c:\\Users\\Usr\\Documents\\MiniAgente\\dataconnect`\n"}}
[debug] [2026-05-11T15:35:45.244Z] E0511 12:35:45.245644   15348 watch.go:40] Failed to load config from "c:\\Users\\Usr\\Documents\\MiniAgente\\dataconnect": could not find dataconnect.yaml in `c:\Users\Usr\Documents\MiniAgente\dataconnect`
 {"metadata":{"emulator":{"name":"dataconnect"},"message":"E0511 12:35:45.245644   15348 watch.go:40] Failed to load config from \"c:\\\\Users\\\\Usr\\\\Documents\\\\MiniAgente\\\\dataconnect\": could not find dataconnect.yaml in `c:\\Users\\Usr\\Documents\\MiniAgente\\dataconnect`\n"}}
[debug] [2026-05-11T15:35:55.243Z] E0511 12:35:55.245869   15348 watch.go:40] Failed to load config from "c:\\Users\\Usr\\Documents\\MiniAgente\\dataconnect": could not find dataconnect.yaml in `c:\Users\Usr\Documents\MiniAgente\dataconnect`
 {"metadata":{"emulator":{"name":"dataconnect"},"message":"E0511 12:35:55.245869   15348 watch.go:40] Failed to load config from \"c:\\\\Users\\\\Usr\\\\Documents\\\\MiniAgente\\\\dataconnect\": could not find dataconnect.yaml in `c:\\Users\\Usr\\Documents\\MiniAgente\\dataconnect`\n"}}
[debug] [2026-05-11T15:36:05.243Z] E0511 12:36:05.246483   15348 watch.go:40] Failed to load config from "c:\\Users\\Usr\\Documents\\MiniAgente\\dataconnect": could not find dataconnect.yaml in `c:\Users\Usr\Documents\MiniAgente\dataconnect`
 {"metadata":{"emulator":{"name":"dataconnect"},"message":"E0511 12:36:05.246483   15348 watch.go:40] Failed to load config from \"c:\\\\Users\\\\Usr\\\\Documents\\\\MiniAgente\\\\dataconnect\": could not find dataconnect.yaml in `c:\\Users\\Usr\\Documents\\MiniAgente\\dataconnect`\n"}}
[debug] [2026-05-11T15:36:15.243Z] E0511 12:36:15.246989   15348 watch.go:40] Failed to load config from "c:\\Users\\Usr\\Documents\\MiniAgente\\dataconnect": could not find dataconnect.yaml in `c:\Users\Usr\Documents\MiniAgente\dataconnect`
 {"metadata":{"emulator":{"name":"dataconnect"},"message":"E0511 12:36:15.246989   15348 watch.go:40] Failed to load config from \"c:\\\\Users\\\\Usr\\\\Documents\\\\MiniAgente\\\\dataconnect\": could not find dataconnect.yaml in `c:\\Users\\Usr\\Documents\\MiniAgente\\dataconnect`\n"}}
[debug] [2026-05-11T15:36:25.243Z] E0511 12:36:25.247539   15348 watch.go:40] Failed to load config from "c:\\Users\\Usr\\Documents\\MiniAgente\\dataconnect": could not find dataconnect.yaml in `c:\Users\Usr\Documents\MiniAgente\dataconnect`
 {"metadata":{"emulator":{"name":"dataconnect"},"message":"E0511 12:36:25.247539   15348 watch.go:40] Failed to load config from \"c:\\\\Users\\\\Usr\\\\Documents\\\\MiniAgente\\\\dataconnect\": could not find dataconnect.yaml in `c:\\Users\\Usr\\Documents\\MiniAgente\\dataconnect`\n"}}
[debug] [2026-05-11T15:36:35.247Z] E0511 12:36:35.248268   15348 watch.go:116] watchAllDir unable to walk dir `c:\Users\Usr\Documents\MiniAgente\dataconnect`: GetFileAttributesEx c:\Users\Usr\Documents\MiniAgente\dataconnect: The system cannot find the file specified.
E0511 12:36:35.248268   15348 watch.go:40] Failed to load config from "c:\\Users\\Usr\\Documents\\MiniAgente\\dataconnect": could not find dataconnect.yaml in `c:\Users\Usr\Documents\MiniAgente\dataconnect`
 {"metadata":{"emulator":{"name":"dataconnect"},"message":"E0511 12:36:35.248268   15348 watch.go:116] watchAllDir unable to walk dir `c:\\Users\\Usr\\Documents\\MiniAgente\\dataconnect`: GetFileAttributesEx c:\\Users\\Usr\\Documents\\MiniAgente\\dataconnect: The system cannot find the file specified.\nE0511 12:36:35.248268   15348 watch.go:40] Failed to load config from \"c:\\\\Users\\\\Usr\\\\Documents\\\\MiniAgente\\\\dataconnect\": could not find dataconnect.yaml in `c:\\Users\\Usr\\Documents\\MiniAgente\\dataconnect`\n"}}
[debug] [2026-05-11T15:36:45.248Z] E0511 12:36:45.248941   15348 watch.go:40] Failed to load config from "c:\\Users\\Usr\\Documents\\MiniAgente\\dataconnect": could not find dataconnect.yaml in `c:\Users\Usr\Documents\MiniAgente\dataconnect`
 {"metadata":{"emulator":{"name":"dataconnect"},"message":"E0511 12:36:45.248941   15348 watch.go:40] Failed to load config from \"c:\\\\Users\\\\Usr\\\\Documents\\\\MiniAgente\\\\dataconnect\": could not find dataconnect.yaml in `c:\\Users\\Usr\\Documents\\MiniAgente\\dataconnect`\n"}}
[debug] [2026-05-11T15:36:55.247Z] E0511 12:36:55.249096   15348 watch.go:40] Failed to load config from "c:\\Users\\Usr\\Documents\\MiniAgente\\dataconnect": could not find dataconnect.yaml in `c:\Users\Usr\Documents\MiniAgente\dataconnect`
 {"metadata":{"emulator":{"name":"dataconnect"},"message":"E0511 12:36:55.249096   15348 watch.go:40] Failed to load config from \"c:\\\\Users\\\\Usr\\\\Documents\\\\MiniAgente\\\\dataconnect\": could not find dataconnect.yaml in `c:\\Users\\Usr\\Documents\\MiniAgente\\dataconnect`\n"}}
[debug] [2026-05-11T15:37:05.248Z] E0511 12:37:05.250233   15348 watch.go:40] Failed to load config from "c:\\Users\\Usr\\Documents\\MiniAgente\\dataconnect": could not find dataconnect.yaml in `c:\Users\Usr\Documents\MiniAgente\dataconnect`
 {"metadata":{"emulator":{"name":"dataconnect"},"message":"E0511 12:37:05.250233   15348 watch.go:40] Failed to load config from \"c:\\\\Users\\\\Usr\\\\Documents\\\\MiniAgente\\\\dataconnect\": could not find dataconnect.yaml in `c:\\Users\\Usr\\Documents\\MiniAgente\\dataconnect`\n"}}
[debug] [2026-05-11T15:37:15.247Z] E0511 12:37:15.250300   15348 watch.go:40] Failed to load config from "c:\\Users\\Usr\\Documents\\MiniAgente\\dataconnect": could not find dataconnect.yaml in `c:\Users\Usr\Documents\MiniAgente\dataconnect`
 {"metadata":{"emulator":{"name":"dataconnect"},"message":"E0511 12:37:15.250300   15348 watch.go:40] Failed to load config from \"c:\\\\Users\\\\Usr\\\\Documents\\\\MiniAgente\\\\dataconnect\": could not find dataconnect.yaml in `c:\\Users\\Usr\\Documents\\MiniAgente\\dataconnect`\n"}}
[debug] [2026-05-11T15:37:25.248Z] E0511 12:37:25.251210   15348 watch.go:40] Failed to load config from "c:\\Users\\Usr\\Documents\\MiniAgente\\dataconnect": could not find dataconnect.yaml in `c:\Users\Usr\Documents\MiniAgente\dataconnect`
 {"metadata":{"emulator":{"name":"dataconnect"},"message":"E0511 12:37:25.251210   15348 watch.go:40] Failed to load config from \"c:\\\\Users\\\\Usr\\\\Documents\\\\MiniAgente\\\\dataconnect\": could not find dataconnect.yaml in `c:\\Users\\Usr\\Documents\\MiniAgente\\dataconnect`\n"}}
[debug] [2026-05-11T15:37:35.251Z] E0511 12:37:35.251609   15348 watch.go:116] watchAllDir unable to walk dir `c:\Users\Usr\Documents\MiniAgente\dataconnect`: GetFileAttributesEx c:\Users\Usr\Documents\MiniAgente\dataconnect: The system cannot find the file specified.
E0511 12:37:35.251609   15348 watch.go:40] Failed to load config from "c:\\Users\\Usr\\Documents\\MiniAgente\\dataconnect": could not find dataconnect.yaml in `c:\Users\Usr\Documents\MiniAgente\dataconnect`
 {"metadata":{"emulator":{"name":"dataconnect"},"message":"E0511 12:37:35.251609   15348 watch.go:116] watchAllDir unable to walk dir `c:\\Users\\Usr\\Documents\\MiniAgente\\dataconnect`: GetFileAttributesEx c:\\Users\\Usr\\Documents\\MiniAgente\\dataconnect: The system cannot find the file specified.\nE0511 12:37:35.251609   15348 watch.go:40] Failed to load config from \"c:\\\\Users\\\\Usr\\\\Documents\\\\MiniAgente\\\\dataconnect\": could not find dataconnect.yaml in `c:\\Users\\Usr\\Documents\\MiniAgente\\dataconnect`\n"}}
[debug] [2026-05-11T15:37:45.251Z] E0511 12:37:45.252473   15348 watch.go:40] Failed to load config from "c:\\Users\\Usr\\Documents\\MiniAgente\\dataconnect": could not find dataconnect.yaml in `c:\Users\Usr\Documents\MiniAgente\dataconnect`
 {"metadata":{"emulator":{"name":"dataconnect"},"message":"E0511 12:37:45.252473   15348 watch.go:40] Failed to load config from \"c:\\\\Users\\\\Usr\\\\Documents\\\\MiniAgente\\\\dataconnect\": could not find dataconnect.yaml in `c:\\Users\\Usr\\Documents\\MiniAgente\\dataconnect`\n"}}
[debug] [2026-05-11T15:37:55.251Z] E0511 12:37:55.252842   15348 watch.go:40] Failed to load config from "c:\\Users\\Usr\\Documents\\MiniAgente\\dataconnect": could not find dataconnect.yaml in `c:\Users\Usr\Documents\MiniAgente\dataconnect`
 {"metadata":{"emulator":{"name":"dataconnect"},"message":"E0511 12:37:55.252842   15348 watch.go:40] Failed to load config from \"c:\\\\Users\\\\Usr\\\\Documents\\\\MiniAgente\\\\dataconnect\": could not find dataconnect.yaml in `c:\\Users\\Usr\\Documents\\MiniAgente\\dataconnect`\n"}}
[debug] [2026-05-11T15:38:05.251Z] E0511 12:38:05.253325   15348 watch.go:40] Failed to load config from "c:\\Users\\Usr\\Documents\\MiniAgente\\dataconnect": could not find dataconnect.yaml in `c:\Users\Usr\Documents\MiniAgente\dataconnect`
 {"metadata":{"emulator":{"name":"dataconnect"},"message":"E0511 12:38:05.253325   15348 watch.go:40] Failed to load config from \"c:\\\\Users\\\\Usr\\\\Documents\\\\MiniAgente\\\\dataconnect\": could not find dataconnect.yaml in `c:\\Users\\Usr\\Documents\\MiniAgente\\dataconnect`\n"}}
[debug] [2026-05-11T15:38:15.251Z] E0511 12:38:15.253904   15348 watch.go:40] Failed to load config from "c:\\Users\\Usr\\Documents\\MiniAgente\\dataconnect": could not find dataconnect.yaml in `c:\Users\Usr\Documents\MiniAgente\dataconnect`
 {"metadata":{"emulator":{"name":"dataconnect"},"message":"E0511 12:38:15.253904   15348 watch.go:40] Failed to load config from \"c:\\\\Users\\\\Usr\\\\Documents\\\\MiniAgente\\\\dataconnect\": could not find dataconnect.yaml in `c:\\Users\\Usr\\Documents\\MiniAgente\\dataconnect`\n"}}
[debug] [2026-05-11T15:38:25.251Z] E0511 12:38:25.254226   15348 watch.go:40] Failed to load config from "c:\\Users\\Usr\\Documents\\MiniAgente\\dataconnect": could not find dataconnect.yaml in `c:\Users\Usr\Documents\MiniAgente\dataconnect`
 {"metadata":{"emulator":{"name":"dataconnect"},"message":"E0511 12:38:25.254226   15348 watch.go:40] Failed to load config from \"c:\\\\Users\\\\Usr\\\\Documents\\\\MiniAgente\\\\dataconnect\": could not find dataconnect.yaml in `c:\\Users\\Usr\\Documents\\MiniAgente\\dataconnect`\n"}}
[debug] [2026-05-11T15:38:35.254Z] E0511 12:38:35.254982   15348 watch.go:116] watchAllDir unable to walk dir `c:\Users\Usr\Documents\MiniAgente\dataconnect`: GetFileAttributesEx c:\Users\Usr\Documents\MiniAgente\dataconnect: The system cannot find the file specified.
 {"metadata":{"emulator":{"name":"dataconnect"},"message":"E0511 12:38:35.254982   15348 watch.go:116] watchAllDir unable to walk dir `c:\\Users\\Usr\\Documents\\MiniAgente\\dataconnect`: GetFileAttributesEx c:\\Users\\Usr\\Documents\\MiniAgente\\dataconnect: The system cannot find the file specified.\n"}}
[debug] [2026-05-11T15:38:35.255Z] E0511 12:38:35.254982   15348 watch.go:40] Failed to load config from "c:\\Users\\Usr\\Documents\\MiniAgente\\dataconnect": could not find dataconnect.yaml in `c:\Users\Usr\Documents\MiniAgente\dataconnect`
 {"metadata":{"emulator":{"name":"dataconnect"},"message":"E0511 12:38:35.254982   15348 watch.go:40] Failed to load config from \"c:\\\\Users\\\\Usr\\\\Documents\\\\MiniAgente\\\\dataconnect\": could not find dataconnect.yaml in `c:\\Users\\Usr\\Documents\\MiniAgente\\dataconnect`\n"}}
[debug] [2026-05-11T15:38:45.254Z] E0511 12:38:45.255733   15348 watch.go:40] Failed to load config from "c:\\Users\\Usr\\Documents\\MiniAgente\\dataconnect": could not find dataconnect.yaml in `c:\Users\Usr\Documents\MiniAgente\dataconnect`
 {"metadata":{"emulator":{"name":"dataconnect"},"message":"E0511 12:38:45.255733   15348 watch.go:40] Failed to load config from \"c:\\\\Users\\\\Usr\\\\Documents\\\\MiniAgente\\\\dataconnect\": could not find dataconnect.yaml in `c:\\Users\\Usr\\Documents\\MiniAgente\\dataconnect`\n"}}
[debug] [2026-05-11T15:38:55.254Z] E0511 12:38:55.256336   15348 watch.go:40] Failed to load config from "c:\\Users\\Usr\\Documents\\MiniAgente\\dataconnect": could not find dataconnect.yaml in `c:\Users\Usr\Documents\MiniAgente\dataconnect`
 {"metadata":{"emulator":{"name":"dataconnect"},"message":"E0511 12:38:55.256336   15348 watch.go:40] Failed to load config from \"c:\\\\Users\\\\Usr\\\\Documents\\\\MiniAgente\\\\dataconnect\": could not find dataconnect.yaml in `c:\\Users\\Usr\\Documents\\MiniAgente\\dataconnect`\n"}}
[debug] [2026-05-11T15:39:05.254Z] E0511 12:39:05.256624   15348 watch.go:40] Failed to load config from "c:\\Users\\Usr\\Documents\\MiniAgente\\dataconnect": could not find dataconnect.yaml in `c:\Users\Usr\Documents\MiniAgente\dataconnect`
 {"metadata":{"emulator":{"name":"dataconnect"},"message":"E0511 12:39:05.256624   15348 watch.go:40] Failed to load config from \"c:\\\\Users\\\\Usr\\\\Documents\\\\MiniAgente\\\\dataconnect\": could not find dataconnect.yaml in `c:\\Users\\Usr\\Documents\\MiniAgente\\dataconnect`\n"}}
[debug] [2026-05-11T15:39:15.254Z] E0511 12:39:15.257206   15348 watch.go:40] Failed to load config from "c:\\Users\\Usr\\Documents\\MiniAgente\\dataconnect": could not find dataconnect.yaml in `c:\Users\Usr\Documents\MiniAgente\dataconnect`
 {"metadata":{"emulator":{"name":"dataconnect"},"message":"E0511 12:39:15.257206   15348 watch.go:40] Failed to load config from \"c:\\\\Users\\\\Usr\\\\Documents\\\\MiniAgente\\\\dataconnect\": could not find dataconnect.yaml in `c:\\Users\\Usr\\Documents\\MiniAgente\\dataconnect`\n"}}
[debug] [2026-05-11T15:39:25.255Z] E0511 12:39:25.258108   15348 watch.go:40] Failed to load config from "c:\\Users\\Usr\\Documents\\MiniAgente\\dataconnect": could not find dataconnect.yaml in `c:\Users\Usr\Documents\MiniAgente\dataconnect`
 {"metadata":{"emulator":{"name":"dataconnect"},"message":"E0511 12:39:25.258108   15348 watch.go:40] Failed to load config from \"c:\\\\Users\\\\Usr\\\\Documents\\\\MiniAgente\\\\dataconnect\": could not find dataconnect.yaml in `c:\\Users\\Usr\\Documents\\MiniAgente\\dataconnect`\n"}}
[debug] [2026-05-11T15:39:35.258Z] E0511 12:39:35.258281   15348 watch.go:116] watchAllDir unable to walk dir `c:\Users\Usr\Documents\MiniAgente\dataconnect`: GetFileAttributesEx c:\Users\Usr\Documents\MiniAgente\dataconnect: The system cannot find the file specified.
E0511 12:39:35.258281   15348 watch.go:40] Failed to load config from "c:\\Users\\Usr\\Documents\\MiniAgente\\dataconnect": could not find dataconnect.yaml in `c:\Users\Usr\Documents\MiniAgente\dataconnect`
 {"metadata":{"emulator":{"name":"dataconnect"},"message":"E0511 12:39:35.258281   15348 watch.go:116] watchAllDir unable to walk dir `c:\\Users\\Usr\\Documents\\MiniAgente\\dataconnect`: GetFileAttributesEx c:\\Users\\Usr\\Documents\\MiniAgente\\dataconnect: The system cannot find the file specified.\nE0511 12:39:35.258281   15348 watch.go:40] Failed to load config from \"c:\\\\Users\\\\Usr\\\\Documents\\\\MiniAgente\\\\dataconnect\": could not find dataconnect.yaml in `c:\\Users\\Usr\\Documents\\MiniAgente\\dataconnect`\n"}}
[debug] [2026-05-11T15:39:45.258Z] E0511 12:39:45.259102   15348 watch.go:40] Failed to load config from "c:\\Users\\Usr\\Documents\\MiniAgente\\dataconnect": could not find dataconnect.yaml in `c:\Users\Usr\Documents\MiniAgente\dataconnect`
 {"metadata":{"emulator":{"name":"dataconnect"},"message":"E0511 12:39:45.259102   15348 watch.go:40] Failed to load config from \"c:\\\\Users\\\\Usr\\\\Documents\\\\MiniAgente\\\\dataconnect\": could not find dataconnect.yaml in `c:\\Users\\Usr\\Documents\\MiniAgente\\dataconnect`\n"}}
[debug] [2026-05-11T15:39:55.258Z] E0511 12:39:55.259597   15348 watch.go:40] Failed to load config from "c:\\Users\\Usr\\Documents\\MiniAgente\\dataconnect": could not find dataconnect.yaml in `c:\Users\Usr\Documents\MiniAgente\dataconnect`
 {"metadata":{"emulator":{"name":"dataconnect"},"message":"E0511 12:39:55.259597   15348 watch.go:40] Failed to load config from \"c:\\\\Users\\\\Usr\\\\Documents\\\\MiniAgente\\\\dataconnect\": could not find dataconnect.yaml in `c:\\Users\\Usr\\Documents\\MiniAgente\\dataconnect`\n"}}
[debug] [2026-05-11T15:40:05.258Z] E0511 12:40:05.260256   15348 watch.go:40] Failed to load config from "c:\\Users\\Usr\\Documents\\MiniAgente\\dataconnect": could not find dataconnect.yaml in `c:\Users\Usr\Documents\MiniAgente\dataconnect`
 {"metadata":{"emulator":{"name":"dataconnect"},"message":"E0511 12:40:05.260256   15348 watch.go:40] Failed to load config from \"c:\\\\Users\\\\Usr\\\\Documents\\\\MiniAgente\\\\dataconnect\": could not find dataconnect.yaml in `c:\\Users\\Usr\\Documents\\MiniAgente\\dataconnect`\n"}}
[debug] [2026-05-11T15:40:15.258Z] E0511 12:40:15.260503   15348 watch.go:40] Failed to load config from "c:\\Users\\Usr\\Documents\\MiniAgente\\dataconnect": could not find dataconnect.yaml in `c:\Users\Usr\Documents\MiniAgente\dataconnect`
 {"metadata":{"emulator":{"name":"dataconnect"},"message":"E0511 12:40:15.260503   15348 watch.go:40] Failed to load config from \"c:\\\\Users\\\\Usr\\\\Documents\\\\MiniAgente\\\\dataconnect\": could not find dataconnect.yaml in `c:\\Users\\Usr\\Documents\\MiniAgente\\dataconnect`\n"}}
[debug] [2026-05-11T15:40:25.258Z] E0511 12:40:25.261370   15348 watch.go:40] Failed to load config from "c:\\Users\\Usr\\Documents\\MiniAgente\\dataconnect": could not find dataconnect.yaml in `c:\Users\Usr\Documents\MiniAgente\dataconnect`
 {"metadata":{"emulator":{"name":"dataconnect"},"message":"E0511 12:40:25.261370   15348 watch.go:40] Failed to load config from \"c:\\\\Users\\\\Usr\\\\Documents\\\\MiniAgente\\\\dataconnect\": could not find dataconnect.yaml in `c:\\Users\\Usr\\Documents\\MiniAgente\\dataconnect`\n"}}
[debug] [2026-05-11T15:40:35.261Z] E0511 12:40:35.262013   15348 watch.go:116] watchAllDir unable to walk dir `c:\Users\Usr\Documents\MiniAgente\dataconnect`: GetFileAttributesEx c:\Users\Usr\Documents\MiniAgente\dataconnect: The system cannot find the file specified.
 {"metadata":{"emulator":{"name":"dataconnect"},"message":"E0511 12:40:35.262013   15348 watch.go:116] watchAllDir unable to walk dir `c:\\Users\\Usr\\Documents\\MiniAgente\\dataconnect`: GetFileAttributesEx c:\\Users\\Usr\\Documents\\MiniAgente\\dataconnect: The system cannot find the file specified.\n"}}
[debug] [2026-05-11T15:40:35.262Z] E0511 12:40:35.262013   15348 watch.go:40] Failed to load config from "c:\\Users\\Usr\\Documents\\MiniAgente\\dataconnect": could not find dataconnect.yaml in `c:\Users\Usr\Documents\MiniAgente\dataconnect`
 {"metadata":{"emulator":{"name":"dataconnect"},"message":"E0511 12:40:35.262013   15348 watch.go:40] Failed to load config from \"c:\\\\Users\\\\Usr\\\\Documents\\\\MiniAgente\\\\dataconnect\": could not find dataconnect.yaml in `c:\\Users\\Usr\\Documents\\MiniAgente\\dataconnect`\n"}}
[debug] [2026-05-11T15:40:45.261Z] E0511 12:40:45.262582   15348 watch.go:40] Failed to load config from "c:\\Users\\Usr\\Documents\\MiniAgente\\dataconnect": could not find dataconnect.yaml in `c:\Users\Usr\Documents\MiniAgente\dataconnect`
 {"metadata":{"emulator":{"name":"dataconnect"},"message":"E0511 12:40:45.262582   15348 watch.go:40] Failed to load config from \"c:\\\\Users\\\\Usr\\\\Documents\\\\MiniAgente\\\\dataconnect\": could not find dataconnect.yaml in `c:\\Users\\Usr\\Documents\\MiniAgente\\dataconnect`\n"}}
[debug] [2026-05-11T15:40:55.261Z] E0511 12:40:55.263176   15348 watch.go:40] Failed to load config from "c:\\Users\\Usr\\Documents\\MiniAgente\\dataconnect": could not find dataconnect.yaml in `c:\Users\Usr\Documents\MiniAgente\dataconnect`
 {"metadata":{"emulator":{"name":"dataconnect"},"message":"E0511 12:40:55.263176   15348 watch.go:40] Failed to load config from \"c:\\\\Users\\\\Usr\\\\Documents\\\\MiniAgente\\\\dataconnect\": could not find dataconnect.yaml in `c:\\Users\\Usr\\Documents\\MiniAgente\\dataconnect`\n"}}
[debug] [2026-05-11T15:41:05.261Z] E0511 12:41:05.263381   15348 watch.go:40] Failed to load config from "c:\\Users\\Usr\\Documents\\MiniAgente\\dataconnect": could not find dataconnect.yaml in `c:\Users\Usr\Documents\MiniAgente\dataconnect`
 {"metadata":{"emulator":{"name":"dataconnect"},"message":"E0511 12:41:05.263381   15348 watch.go:40] Failed to load config from \"c:\\\\Users\\\\Usr\\\\Documents\\\\MiniAgente\\\\dataconnect\": could not find dataconnect.yaml in `c:\\Users\\Usr\\Documents\\MiniAgente\\dataconnect`\n"}}
[debug] [2026-05-11T15:41:15.261Z] E0511 12:41:15.263938   15348 watch.go:40] Failed to load config from "c:\\Users\\Usr\\Documents\\MiniAgente\\dataconnect": could not find dataconnect.yaml in `c:\Users\Usr\Documents\MiniAgente\dataconnect`
 {"metadata":{"emulator":{"name":"dataconnect"},"message":"E0511 12:41:15.263938   15348 watch.go:40] Failed to load config from \"c:\\\\Users\\\\Usr\\\\Documents\\\\MiniAgente\\\\dataconnect\": could not find dataconnect.yaml in `c:\\Users\\Usr\\Documents\\MiniAgente\\dataconnect`\n"}}
[debug] [2026-05-11T15:41:25.261Z] E0511 12:41:25.264770   15348 watch.go:40] Failed to load config from "c:\\Users\\Usr\\Documents\\MiniAgente\\dataconnect": could not find dataconnect.yaml in `c:\Users\Usr\Documents\MiniAgente\dataconnect`
 {"metadata":{"emulator":{"name":"dataconnect"},"message":"E0511 12:41:25.264770   15348 watch.go:40] Failed to load config from \"c:\\\\Users\\\\Usr\\\\Documents\\\\MiniAgente\\\\dataconnect\": could not find dataconnect.yaml in `c:\\Users\\Usr\\Documents\\MiniAgente\\dataconnect`\n"}}
[debug] [2026-05-11T15:41:35.265Z] E0511 12:41:35.265447   15348 watch.go:116] watchAllDir unable to walk dir `c:\Users\Usr\Documents\MiniAgente\dataconnect`: GetFileAttributesEx c:\Users\Usr\Documents\MiniAgente\dataconnect: The system cannot find the file specified.
 {"metadata":{"emulator":{"name":"dataconnect"},"message":"E0511 12:41:35.265447   15348 watch.go:116] watchAllDir unable to walk dir `c:\\Users\\Usr\\Documents\\MiniAgente\\dataconnect`: GetFileAttributesEx c:\\Users\\Usr\\Documents\\MiniAgente\\dataconnect: The system cannot find the file specified.\n"}}
[debug] [2026-05-11T15:41:35.265Z] E0511 12:41:35.265447   15348 watch.go:40] Failed to load config from "c:\\Users\\Usr\\Documents\\MiniAgente\\dataconnect": could not find dataconnect.yaml in `c:\Users\Usr\Documents\MiniAgente\dataconnect`
 {"metadata":{"emulator":{"name":"dataconnect"},"message":"E0511 12:41:35.265447   15348 watch.go:40] Failed to load config from \"c:\\\\Users\\\\Usr\\\\Documents\\\\MiniAgente\\\\dataconnect\": could not find dataconnect.yaml in `c:\\Users\\Usr\\Documents\\MiniAgente\\dataconnect`\n"}}
[debug] [2026-05-11T15:41:45.265Z] E0511 12:41:45.265892   15348 watch.go:40] Failed to load config from "c:\\Users\\Usr\\Documents\\MiniAgente\\dataconnect": could not find dataconnect.yaml in `c:\Users\Usr\Documents\MiniAgente\dataconnect`
 {"metadata":{"emulator":{"name":"dataconnect"},"message":"E0511 12:41:45.265892   15348 watch.go:40] Failed to load config from \"c:\\\\Users\\\\Usr\\\\Documents\\\\MiniAgente\\\\dataconnect\": could not find dataconnect.yaml in `c:\\Users\\Usr\\Documents\\MiniAgente\\dataconnect`\n"}}
[debug] [2026-05-11T15:41:55.265Z] E0511 12:41:55.266317   15348 watch.go:40] Failed to load config from "c:\\Users\\Usr\\Documents\\MiniAgente\\dataconnect": could not find dataconnect.yaml in `c:\Users\Usr\Documents\MiniAgente\dataconnect`
 {"metadata":{"emulator":{"name":"dataconnect"},"message":"E0511 12:41:55.266317   15348 watch.go:40] Failed to load config from \"c:\\\\Users\\\\Usr\\\\Documents\\\\MiniAgente\\\\dataconnect\": could not find dataconnect.yaml in `c:\\Users\\Usr\\Documents\\MiniAgente\\dataconnect`\n"}}
[debug] [2026-05-11T15:42:05.265Z] E0511 12:42:05.266658   15348 watch.go:40] Failed to load config from "c:\\Users\\Usr\\Documents\\MiniAgente\\dataconnect": could not find dataconnect.yaml in `c:\Users\Usr\Documents\MiniAgente\dataconnect`
 {"metadata":{"emulator":{"name":"dataconnect"},"message":"E0511 12:42:05.266658   15348 watch.go:40] Failed to load config from \"c:\\\\Users\\\\Usr\\\\Documents\\\\MiniAgente\\\\dataconnect\": could not find dataconnect.yaml in `c:\\Users\\Usr\\Documents\\MiniAgente\\dataconnect`\n"}}
[debug] [2026-05-11T15:42:15.265Z] E0511 12:42:15.267105   15348 watch.go:40] Failed to load config from "c:\\Users\\Usr\\Documents\\MiniAgente\\dataconnect": could not find dataconnect.yaml in `c:\Users\Usr\Documents\MiniAgente\dataconnect`
 {"metadata":{"emulator":{"name":"dataconnect"},"message":"E0511 12:42:15.267105   15348 watch.go:40] Failed to load config from \"c:\\\\Users\\\\Usr\\\\Documents\\\\MiniAgente\\\\dataconnect\": could not find dataconnect.yaml in `c:\\Users\\Usr\\Documents\\MiniAgente\\dataconnect`\n"}}
[debug] [2026-05-11T15:42:25.265Z] E0511 12:42:25.267497   15348 watch.go:40] Failed to load config from "c:\\Users\\Usr\\Documents\\MiniAgente\\dataconnect": could not find dataconnect.yaml in `c:\Users\Usr\Documents\MiniAgente\dataconnect`
 {"metadata":{"emulator":{"name":"dataconnect"},"message":"E0511 12:42:25.267497   15348 watch.go:40] Failed to load config from \"c:\\\\Users\\\\Usr\\\\Documents\\\\MiniAgente\\\\dataconnect\": could not find dataconnect.yaml in `c:\\Users\\Usr\\Documents\\MiniAgente\\dataconnect`\n"}}
[debug] [2026-05-11T15:42:35.268Z] E0511 12:42:35.268037   15348 watch.go:116] watchAllDir unable to walk dir `c:\Users\Usr\Documents\MiniAgente\dataconnect`: GetFileAttributesEx c:\Users\Usr\Documents\MiniAgente\dataconnect: The system cannot find the file specified.
 {"metadata":{"emulator":{"name":"dataconnect"},"message":"E0511 12:42:35.268037   15348 watch.go:116] watchAllDir unable to walk dir `c:\\Users\\Usr\\Documents\\MiniAgente\\dataconnect`: GetFileAttributesEx c:\\Users\\Usr\\Documents\\MiniAgente\\dataconnect: The system cannot find the file specified.\n"}}
[debug] [2026-05-11T15:42:35.268Z] E0511 12:42:35.268037   15348 watch.go:40] Failed to load config from "c:\\Users\\Usr\\Documents\\MiniAgente\\dataconnect": could not find dataconnect.yaml in `c:\Users\Usr\Documents\MiniAgente\dataconnect`
 {"metadata":{"emulator":{"name":"dataconnect"},"message":"E0511 12:42:35.268037   15348 watch.go:40] Failed to load config from \"c:\\\\Users\\\\Usr\\\\Documents\\\\MiniAgente\\\\dataconnect\": could not find dataconnect.yaml in `c:\\Users\\Usr\\Documents\\MiniAgente\\dataconnect`\n"}}
[debug] [2026-05-11T15:42:45.268Z] E0511 12:42:45.268574   15348 watch.go:40] Failed to load config from "c:\\Users\\Usr\\Documents\\MiniAgente\\dataconnect": could not find dataconnect.yaml in `c:\Users\Usr\Documents\MiniAgente\dataconnect`
 {"metadata":{"emulator":{"name":"dataconnect"},"message":"E0511 12:42:45.268574   15348 watch.go:40] Failed to load config from \"c:\\\\Users\\\\Usr\\\\Documents\\\\MiniAgente\\\\dataconnect\": could not find dataconnect.yaml in `c:\\Users\\Usr\\Documents\\MiniAgente\\dataconnect`\n"}}
[debug] [2026-05-11T15:42:55.268Z] E0511 12:42:55.269108   15348 watch.go:40] Failed to load config from "c:\\Users\\Usr\\Documents\\MiniAgente\\dataconnect": could not find dataconnect.yaml in `c:\Users\Usr\Documents\MiniAgente\dataconnect`
 {"metadata":{"emulator":{"name":"dataconnect"},"message":"E0511 12:42:55.269108   15348 watch.go:40] Failed to load config from \"c:\\\\Users\\\\Usr\\\\Documents\\\\MiniAgente\\\\dataconnect\": could not find dataconnect.yaml in `c:\\Users\\Usr\\Documents\\MiniAgente\\dataconnect`\n"}}
[debug] [2026-05-11T15:43:05.268Z] E0511 12:43:05.269222   15348 watch.go:40] Failed to load config from "c:\\Users\\Usr\\Documents\\MiniAgente\\dataconnect": could not find dataconnect.yaml in `c:\Users\Usr\Documents\MiniAgente\dataconnect`
 {"metadata":{"emulator":{"name":"dataconnect"},"message":"E0511 12:43:05.269222   15348 watch.go:40] Failed to load config from \"c:\\\\Users\\\\Usr\\\\Documents\\\\MiniAgente\\\\dataconnect\": could not find dataconnect.yaml in `c:\\Users\\Usr\\Documents\\MiniAgente\\dataconnect`\n"}}
[debug] [2026-05-11T15:43:15.268Z] E0511 12:43:15.269625   15348 watch.go:40] Failed to load config from "c:\\Users\\Usr\\Documents\\MiniAgente\\dataconnect": could not find dataconnect.yaml in `c:\Users\Usr\Documents\MiniAgente\dataconnect`
 {"metadata":{"emulator":{"name":"dataconnect"},"message":"E0511 12:43:15.269625   15348 watch.go:40] Failed to load config from \"c:\\\\Users\\\\Usr\\\\Documents\\\\MiniAgente\\\\dataconnect\": could not find dataconnect.yaml in `c:\\Users\\Usr\\Documents\\MiniAgente\\dataconnect`\n"}}
[debug] [2026-05-11T15:43:25.267Z] E0511 12:43:25.269915   15348 watch.go:40] Failed to load config from "c:\\Users\\Usr\\Documents\\MiniAgente\\dataconnect": could not find dataconnect.yaml in `c:\Users\Usr\Documents\MiniAgente\dataconnect`
 {"metadata":{"emulator":{"name":"dataconnect"},"message":"E0511 12:43:25.269915   15348 watch.go:40] Failed to load config from \"c:\\\\Users\\\\Usr\\\\Documents\\\\MiniAgente\\\\dataconnect\": could not find dataconnect.yaml in `c:\\Users\\Usr\\Documents\\MiniAgente\\dataconnect`\n"}}
[debug] [2026-05-11T15:43:35.270Z] E0511 12:43:35.270331   15348 watch.go:116] watchAllDir unable to walk dir `c:\Users\Usr\Documents\MiniAgente\dataconnect`: GetFileAttributesEx c:\Users\Usr\Documents\MiniAgente\dataconnect: The system cannot find the file specified.
E0511 12:43:35.270331   15348 watch.go:40] Failed to load config from "c:\\Users\\Usr\\Documents\\MiniAgente\\dataconnect": could not find dataconnect.yaml in `c:\Users\Usr\Documents\MiniAgente\dataconnect`
 {"metadata":{"emulator":{"name":"dataconnect"},"message":"E0511 12:43:35.270331   15348 watch.go:116] watchAllDir unable to walk dir `c:\\Users\\Usr\\Documents\\MiniAgente\\dataconnect`: GetFileAttributesEx c:\\Users\\Usr\\Documents\\MiniAgente\\dataconnect: The system cannot find the file specified.\nE0511 12:43:35.270331   15348 watch.go:40] Failed to load config from \"c:\\\\Users\\\\Usr\\\\Documents\\\\MiniAgente\\\\dataconnect\": could not find dataconnect.yaml in `c:\\Users\\Usr\\Documents\\MiniAgente\\dataconnect`\n"}}
[debug] [2026-05-11T15:43:45.279Z] E0511 12:43:45.279825   15348 watch.go:40] Failed to load config from "c:\\Users\\Usr\\Documents\\MiniAgente\\dataconnect": could not find dataconnect.yaml in `c:\Users\Usr\Documents\MiniAgente\dataconnect`
 {"metadata":{"emulator":{"name":"dataconnect"},"message":"E0511 12:43:45.279825   15348 watch.go:40] Failed to load config from \"c:\\\\Users\\\\Usr\\\\Documents\\\\MiniAgente\\\\dataconnect\": could not find dataconnect.yaml in `c:\\Users\\Usr\\Documents\\MiniAgente\\dataconnect`\n"}}
[debug] [2026-05-11T15:43:53.686Z] [Firebase Plugin] Received emulators shutdown notification.
[debug] [2026-05-11T15:43:55.270Z] E0511 12:43:55.271155   15348 watch.go:40] Failed to load config from "c:\\Users\\Usr\\Documents\\MiniAgente\\dataconnect": could not find dataconnect.yaml in `c:\Users\Usr\Documents\MiniAgente\dataconnect`
 {"metadata":{"emulator":{"name":"dataconnect"},"message":"E0511 12:43:55.271155   15348 watch.go:40] Failed to load config from \"c:\\\\Users\\\\Usr\\\\Documents\\\\MiniAgente\\\\dataconnect\": could not find dataconnect.yaml in `c:\\Users\\Usr\\Documents\\MiniAgente\\dataconnect`\n"}}
[debug] [2026-05-11T15:44:05.280Z] E0511 12:44:05.271875   15348 watch.go:40] Failed to load config from "c:\\Users\\Usr\\Documents\\MiniAgente\\dataconnect": could not find dataconnect.yaml in `c:\Users\Usr\Documents\MiniAgente\dataconnect`
 {"metadata":{"emulator":{"name":"dataconnect"},"message":"E0511 12:44:05.271875   15348 watch.go:40] Failed to load config from \"c:\\\\Users\\\\Usr\\\\Documents\\\\MiniAgente\\\\dataconnect\": could not find dataconnect.yaml in `c:\\Users\\Usr\\Documents\\MiniAgente\\dataconnect`\n"}}
[debug] [2026-05-11T15:44:15.270Z] E0511 12:44:15.271953   15348 watch.go:40] Failed to load config from "c:\\Users\\Usr\\Documents\\MiniAgente\\dataconnect": could not find dataconnect.yaml in `c:\Users\Usr\Documents\MiniAgente\dataconnect`
 {"metadata":{"emulator":{"name":"dataconnect"},"message":"E0511 12:44:15.271953   15348 watch.go:40] Failed to load config from \"c:\\\\Users\\\\Usr\\\\Documents\\\\MiniAgente\\\\dataconnect\": could not find dataconnect.yaml in `c:\\Users\\Usr\\Documents\\MiniAgente\\dataconnect`\n"}}
[debug] [2026-05-11T15:44:25.270Z] E0511 12:44:25.272358   15348 watch.go:40] Failed to load config from "c:\\Users\\Usr\\Documents\\MiniAgente\\dataconnect": could not find dataconnect.yaml in `c:\Users\Usr\Documents\MiniAgente\dataconnect`
 {"metadata":{"emulator":{"name":"dataconnect"},"message":"E0511 12:44:25.272358   15348 watch.go:40] Failed to load config from \"c:\\\\Users\\\\Usr\\\\Documents\\\\MiniAgente\\\\dataconnect\": could not find dataconnect.yaml in `c:\\Users\\Usr\\Documents\\MiniAgente\\dataconnect`\n"}}
[debug] [2026-05-11T15:44:35.272Z] E0511 12:44:35.272936   15348 watch.go:116] watchAllDir unable to walk dir `c:\Users\Usr\Documents\MiniAgente\dataconnect`: GetFileAttributesEx c:\Users\Usr\Documents\MiniAgente\dataconnect: The system cannot find the file specified.
 {"metadata":{"emulator":{"name":"dataconnect"},"message":"E0511 12:44:35.272936   15348 watch.go:116] watchAllDir unable to walk dir `c:\\Users\\Usr\\Documents\\MiniAgente\\dataconnect`: GetFileAttributesEx c:\\Users\\Usr\\Documents\\MiniAgente\\dataconnect: The system cannot find the file specified.\n"}}
[debug] [2026-05-11T15:44:35.273Z] E0511 12:44:35.272936   15348 watch.go:40] Failed to load config from "c:\\Users\\Usr\\Documents\\MiniAgente\\dataconnect": could not find dataconnect.yaml in `c:\Users\Usr\Documents\MiniAgente\dataconnect`
 {"metadata":{"emulator":{"name":"dataconnect"},"message":"E0511 12:44:35.272936   15348 watch.go:40] Failed to load config from \"c:\\\\Users\\\\Usr\\\\Documents\\\\MiniAgente\\\\dataconnect\": could not find dataconnect.yaml in `c:\\Users\\Usr\\Documents\\MiniAgente\\dataconnect`\n"}}
[debug] [2026-05-11T15:44:37.404Z] [Firebase Plugin] Received emulators started notification. Running detection.
[debug] [2026-05-11T15:44:37.404Z] Found emulator hub locator: {"version":"15.15.0","origins":["http://127.0.0.1:4400","http://[::1]:4400"],"pid":15420}
[debug] [2026-05-11T15:44:37.405Z] >>> [apiv2][query] GET http://127.0.0.1:4400/emulators [none]
[debug] [2026-05-11T15:44:37.429Z] <<< [apiv2][status] GET http://127.0.0.1:4400/emulators 200
[debug] [2026-05-11T15:44:37.430Z] <<< [apiv2][body] GET http://127.0.0.1:4400/emulators {"hub":{"listen":[{"address":"127.0.0.1","family":"IPv4","port":4400},{"address":"::1","family":"IPv6","port":4400}],"name":"hub","host":"127.0.0.1","port":4400},"ui":{"listen":[{"address":"127.0.0.1","family":"IPv4","port":4000},{"address":"::1","family":"IPv6","port":4000}],"name":"ui","host":"127.0.0.1","port":4000},"logging":{"listen":[{"address":"127.0.0.1","family":"IPv4","port":4500}],"name":"logging","host":"127.0.0.1","port":4500},"firestore":{"listen":[{"address":"127.0.0.1","family":"IPv4","port":8080}],"name":"firestore","host":"127.0.0.1","port":8080,"pid":15944,"reservedPorts":[9150],"webSocketHost":"127.0.0.1","webSocketPort":9150}}
[debug] [2026-05-11T15:44:45.273Z] E0511 12:44:45.273380   15348 watch.go:40] Failed to load config from "c:\\Users\\Usr\\Documents\\MiniAgente\\dataconnect": could not find dataconnect.yaml in `c:\Users\Usr\Documents\MiniAgente\dataconnect`
 {"metadata":{"emulator":{"name":"dataconnect"},"message":"E0511 12:44:45.273380   15348 watch.go:40] Failed to load config from \"c:\\\\Users\\\\Usr\\\\Documents\\\\MiniAgente\\\\dataconnect\": could not find dataconnect.yaml in `c:\\Users\\Usr\\Documents\\MiniAgente\\dataconnect`\n"}}
[debug] [2026-05-11T15:44:55.273Z] E0511 12:44:55.274057   15348 watch.go:40] Failed to load config from "c:\\Users\\Usr\\Documents\\MiniAgente\\dataconnect": could not find dataconnect.yaml in `c:\Users\Usr\Documents\MiniAgente\dataconnect`
 {"metadata":{"emulator":{"name":"dataconnect"},"message":"E0511 12:44:55.274057   15348 watch.go:40] Failed to load config from \"c:\\\\Users\\\\Usr\\\\Documents\\\\MiniAgente\\\\dataconnect\": could not find dataconnect.yaml in `c:\\Users\\Usr\\Documents\\MiniAgente\\dataconnect`\n"}}
[debug] [2026-05-11T15:45:05.273Z] E0511 12:45:05.274221   15348 watch.go:40] Failed to load config from "c:\\Users\\Usr\\Documents\\MiniAgente\\dataconnect": could not find dataconnect.yaml in `c:\Users\Usr\Documents\MiniAgente\dataconnect`
 {"metadata":{"emulator":{"name":"dataconnect"},"message":"E0511 12:45:05.274221   15348 watch.go:40] Failed to load config from \"c:\\\\Users\\\\Usr\\\\Documents\\\\MiniAgente\\\\dataconnect\": could not find dataconnect.yaml in `c:\\Users\\Usr\\Documents\\MiniAgente\\dataconnect`\n"}}
[debug] [2026-05-11T15:45:15.273Z] E0511 12:45:15.274714   15348 watch.go:40] Failed to load config from "c:\\Users\\Usr\\Documents\\MiniAgente\\dataconnect": could not find dataconnect.yaml in `c:\Users\Usr\Documents\MiniAgente\dataconnect`
 {"metadata":{"emulator":{"name":"dataconnect"},"message":"E0511 12:45:15.274714   15348 watch.go:40] Failed to load config from \"c:\\\\Users\\\\Usr\\\\Documents\\\\MiniAgente\\\\dataconnect\": could not find dataconnect.yaml in `c:\\Users\\Usr\\Documents\\MiniAgente\\dataconnect`\n"}}
[debug] [2026-05-11T15:45:25.273Z] E0511 12:45:25.275055   15348 watch.go:40] Failed to load config from "c:\\Users\\Usr\\Documents\\MiniAgente\\dataconnect": could not find dataconnect.yaml in `c:\Users\Usr\Documents\MiniAgente\dataconnect`
 {"metadata":{"emulator":{"name":"dataconnect"},"message":"E0511 12:45:25.275055   15348 watch.go:40] Failed to load config from \"c:\\\\Users\\\\Usr\\\\Documents\\\\MiniAgente\\\\dataconnect\": could not find dataconnect.yaml in `c:\\Users\\Usr\\Documents\\MiniAgente\\dataconnect`\n"}}
[debug] [2026-05-11T15:45:35.275Z] E0511 12:45:35.275218   15348 watch.go:40] Failed to load config from "c:\\Users\\Usr\\Documents\\MiniAgente\\dataconnect": could not find dataconnect.yaml in `c:\Users\Usr\Documents\MiniAgente\dataconnect`
 {"metadata":{"emulator":{"name":"dataconnect"},"message":"E0511 12:45:35.275218   15348 watch.go:40] Failed to load config from \"c:\\\\Users\\\\Usr\\\\Documents\\\\MiniAgente\\\\dataconnect\": could not find dataconnect.yaml in `c:\\Users\\Usr\\Documents\\MiniAgente\\dataconnect`\n"}}
[debug] [2026-05-11T15:45:35.276Z] E0511 12:45:35.275218   15348 watch.go:116] watchAllDir unable to walk dir `c:\Users\Usr\Documents\MiniAgente\dataconnect`: GetFileAttributesEx c:\Users\Usr\Documents\MiniAgente\dataconnect: The system cannot find the file specified.
 {"metadata":{"emulator":{"name":"dataconnect"},"message":"E0511 12:45:35.275218   15348 watch.go:116] watchAllDir unable to walk dir `c:\\Users\\Usr\\Documents\\MiniAgente\\dataconnect`: GetFileAttributesEx c:\\Users\\Usr\\Documents\\MiniAgente\\dataconnect: The system cannot find the file specified.\n"}}
[debug] [2026-05-11T15:45:45.276Z] E0511 12:45:45.276379   15348 watch.go:40] Failed to load config from "c:\\Users\\Usr\\Documents\\MiniAgente\\dataconnect": could not find dataconnect.yaml in `c:\Users\Usr\Documents\MiniAgente\dataconnect`
 {"metadata":{"emulator":{"name":"dataconnect"},"message":"E0511 12:45:45.276379   15348 watch.go:40] Failed to load config from \"c:\\\\Users\\\\Usr\\\\Documents\\\\MiniAgente\\\\dataconnect\": could not find dataconnect.yaml in `c:\\Users\\Usr\\Documents\\MiniAgente\\dataconnect`\n"}}
[debug] [2026-05-11T15:45:55.275Z] E0511 12:45:55.276338   15348 watch.go:40] Failed to load config from "c:\\Users\\Usr\\Documents\\MiniAgente\\dataconnect": could not find dataconnect.yaml in `c:\Users\Usr\Documents\MiniAgente\dataconnect`
 {"metadata":{"emulator":{"name":"dataconnect"},"message":"E0511 12:45:55.276338   15348 watch.go:40] Failed to load config from \"c:\\\\Users\\\\Usr\\\\Documents\\\\MiniAgente\\\\dataconnect\": could not find dataconnect.yaml in `c:\\Users\\Usr\\Documents\\MiniAgente\\dataconnect`\n"}}
[debug] [2026-05-11T15:46:05.275Z] E0511 12:46:05.276784   15348 watch.go:40] Failed to load config from "c:\\Users\\Usr\\Documents\\MiniAgente\\dataconnect": could not find dataconnect.yaml in `c:\Users\Usr\Documents\MiniAgente\dataconnect`
 {"metadata":{"emulator":{"name":"dataconnect"},"message":"E0511 12:46:05.276784   15348 watch.go:40] Failed to load config from \"c:\\\\Users\\\\Usr\\\\Documents\\\\MiniAgente\\\\dataconnect\": could not find dataconnect.yaml in `c:\\Users\\Usr\\Documents\\MiniAgente\\dataconnect`\n"}}
[debug] [2026-05-11T15:46:15.275Z] E0511 12:46:15.277229   15348 watch.go:40] Failed to load config from "c:\\Users\\Usr\\Documents\\MiniAgente\\dataconnect": could not find dataconnect.yaml in `c:\Users\Usr\Documents\MiniAgente\dataconnect`
 {"metadata":{"emulator":{"name":"dataconnect"},"message":"E0511 12:46:15.277229   15348 watch.go:40] Failed to load config from \"c:\\\\Users\\\\Usr\\\\Documents\\\\MiniAgente\\\\dataconnect\": could not find dataconnect.yaml in `c:\\Users\\Usr\\Documents\\MiniAgente\\dataconnect`\n"}}
[debug] [2026-05-11T15:46:25.275Z] E0511 12:46:25.277596   15348 watch.go:40] Failed to load config from "c:\\Users\\Usr\\Documents\\MiniAgente\\dataconnect": could not find dataconnect.yaml in `c:\Users\Usr\Documents\MiniAgente\dataconnect`
 {"metadata":{"emulator":{"name":"dataconnect"},"message":"E0511 12:46:25.277596   15348 watch.go:40] Failed to load config from \"c:\\\\Users\\\\Usr\\\\Documents\\\\MiniAgente\\\\dataconnect\": could not find dataconnect.yaml in `c:\\Users\\Usr\\Documents\\MiniAgente\\dataconnect`\n"}}
[debug] [2026-05-11T15:46:35.277Z] E0511 12:46:35.277795   15348 watch.go:116] watchAllDir unable to walk dir `c:\Users\Usr\Documents\MiniAgente\dataconnect`: GetFileAttributesEx c:\Users\Usr\Documents\MiniAgente\dataconnect: The system cannot find the file specified.
 {"metadata":{"emulator":{"name":"dataconnect"},"message":"E0511 12:46:35.277795   15348 watch.go:116] watchAllDir unable to walk dir `c:\\Users\\Usr\\Documents\\MiniAgente\\dataconnect`: GetFileAttributesEx c:\\Users\\Usr\\Documents\\MiniAgente\\dataconnect: The system cannot find the file specified.\n"}}
[debug] [2026-05-11T15:46:35.277Z] E0511 12:46:35.277795   15348 watch.go:40] Failed to load config from "c:\\Users\\Usr\\Documents\\MiniAgente\\dataconnect": could not find dataconnect.yaml in `c:\Users\Usr\Documents\MiniAgente\dataconnect`
 {"metadata":{"emulator":{"name":"dataconnect"},"message":"E0511 12:46:35.277795   15348 watch.go:40] Failed to load config from \"c:\\\\Users\\\\Usr\\\\Documents\\\\MiniAgente\\\\dataconnect\": could not find dataconnect.yaml in `c:\\Users\\Usr\\Documents\\MiniAgente\\dataconnect`\n"}}
[debug] [2026-05-11T15:46:45.278Z] E0511 12:46:45.278635   15348 watch.go:40] Failed to load config from "c:\\Users\\Usr\\Documents\\MiniAgente\\dataconnect": could not find dataconnect.yaml in `c:\Users\Usr\Documents\MiniAgente\dataconnect`
 {"metadata":{"emulator":{"name":"dataconnect"},"message":"E0511 12:46:45.278635   15348 watch.go:40] Failed to load config from \"c:\\\\Users\\\\Usr\\\\Documents\\\\MiniAgente\\\\dataconnect\": could not find dataconnect.yaml in `c:\\Users\\Usr\\Documents\\MiniAgente\\dataconnect`\n"}}
[debug] [2026-05-11T15:46:55.277Z] E0511 12:46:55.278569   15348 watch.go:40] Failed to load config from "c:\\Users\\Usr\\Documents\\MiniAgente\\dataconnect": could not find dataconnect.yaml in `c:\Users\Usr\Documents\MiniAgente\dataconnect`
 {"metadata":{"emulator":{"name":"dataconnect"},"message":"E0511 12:46:55.278569   15348 watch.go:40] Failed to load config from \"c:\\\\Users\\\\Usr\\\\Documents\\\\MiniAgente\\\\dataconnect\": could not find dataconnect.yaml in `c:\\Users\\Usr\\Documents\\MiniAgente\\dataconnect`\n"}}
[debug] [2026-05-11T15:47:05.277Z] E0511 12:47:05.279036   15348 watch.go:40] Failed to load config from "c:\\Users\\Usr\\Documents\\MiniAgente\\dataconnect": could not find dataconnect.yaml in `c:\Users\Usr\Documents\MiniAgente\dataconnect`
 {"metadata":{"emulator":{"name":"dataconnect"},"message":"E0511 12:47:05.279036   15348 watch.go:40] Failed to load config from \"c:\\\\Users\\\\Usr\\\\Documents\\\\MiniAgente\\\\dataconnect\": could not find dataconnect.yaml in `c:\\Users\\Usr\\Documents\\MiniAgente\\dataconnect`\n"}}
[debug] [2026-05-11T15:47:15.277Z] E0511 12:47:15.279580   15348 watch.go:40] Failed to load config from "c:\\Users\\Usr\\Documents\\MiniAgente\\dataconnect": could not find dataconnect.yaml in `c:\Users\Usr\Documents\MiniAgente\dataconnect`
 {"metadata":{"emulator":{"name":"dataconnect"},"message":"E0511 12:47:15.279580   15348 watch.go:40] Failed to load config from \"c:\\\\Users\\\\Usr\\\\Documents\\\\MiniAgente\\\\dataconnect\": could not find dataconnect.yaml in `c:\\Users\\Usr\\Documents\\MiniAgente\\dataconnect`\n"}}
[debug] [2026-05-11T15:47:25.277Z] E0511 12:47:25.279803   15348 watch.go:40] Failed to load config from "c:\\Users\\Usr\\Documents\\MiniAgente\\dataconnect": could not find dataconnect.yaml in `c:\Users\Usr\Documents\MiniAgente\dataconnect`
 {"metadata":{"emulator":{"name":"dataconnect"},"message":"E0511 12:47:25.279803   15348 watch.go:40] Failed to load config from \"c:\\\\Users\\\\Usr\\\\Documents\\\\MiniAgente\\\\dataconnect\": could not find dataconnect.yaml in `c:\\Users\\Usr\\Documents\\MiniAgente\\dataconnect`\n"}}
[debug] [2026-05-11T15:47:35.280Z] E0511 12:47:35.280424   15348 watch.go:116] watchAllDir unable to walk dir `c:\Users\Usr\Documents\MiniAgente\dataconnect`: GetFileAttributesEx c:\Users\Usr\Documents\MiniAgente\dataconnect: The system cannot find the file specified.
 {"metadata":{"emulator":{"name":"dataconnect"},"message":"E0511 12:47:35.280424   15348 watch.go:116] watchAllDir unable to walk dir `c:\\Users\\Usr\\Documents\\MiniAgente\\dataconnect`: GetFileAttributesEx c:\\Users\\Usr\\Documents\\MiniAgente\\dataconnect: The system cannot find the file specified.\n"}}
[debug] [2026-05-11T15:47:35.281Z] E0511 12:47:35.280424   15348 watch.go:40] Failed to load config from "c:\\Users\\Usr\\Documents\\MiniAgente\\dataconnect": could not find dataconnect.yaml in `c:\Users\Usr\Documents\MiniAgente\dataconnect`
 {"metadata":{"emulator":{"name":"dataconnect"},"message":"E0511 12:47:35.280424   15348 watch.go:40] Failed to load config from \"c:\\\\Users\\\\Usr\\\\Documents\\\\MiniAgente\\\\dataconnect\": could not find dataconnect.yaml in `c:\\Users\\Usr\\Documents\\MiniAgente\\dataconnect`\n"}}
[debug] [2026-05-11T15:47:45.281Z] E0511 12:47:45.281598   15348 watch.go:40] Failed to load config from "c:\\Users\\Usr\\Documents\\MiniAgente\\dataconnect": could not find dataconnect.yaml in `c:\Users\Usr\Documents\MiniAgente\dataconnect`
 {"metadata":{"emulator":{"name":"dataconnect"},"message":"E0511 12:47:45.281598   15348 watch.go:40] Failed to load config from \"c:\\\\Users\\\\Usr\\\\Documents\\\\MiniAgente\\\\dataconnect\": could not find dataconnect.yaml in `c:\\Users\\Usr\\Documents\\MiniAgente\\dataconnect`\n"}}
[debug] [2026-05-11T15:47:55.280Z] E0511 12:47:55.281298   15348 watch.go:40] Failed to load config from "c:\\Users\\Usr\\Documents\\MiniAgente\\dataconnect": could not find dataconnect.yaml in `c:\Users\Usr\Documents\MiniAgente\dataconnect`
 {"metadata":{"emulator":{"name":"dataconnect"},"message":"E0511 12:47:55.281298   15348 watch.go:40] Failed to load config from \"c:\\\\Users\\\\Usr\\\\Documents\\\\MiniAgente\\\\dataconnect\": could not find dataconnect.yaml in `c:\\Users\\Usr\\Documents\\MiniAgente\\dataconnect`\n"}}
[debug] [2026-05-11T15:48:05.280Z] E0511 12:48:05.281436   15348 watch.go:40] Failed to load config from "c:\\Users\\Usr\\Documents\\MiniAgente\\dataconnect": could not find dataconnect.yaml in `c:\Users\Usr\Documents\MiniAgente\dataconnect`
 {"metadata":{"emulator":{"name":"dataconnect"},"message":"E0511 12:48:05.281436   15348 watch.go:40] Failed to load config from \"c:\\\\Users\\\\Usr\\\\Documents\\\\MiniAgente\\\\dataconnect\": could not find dataconnect.yaml in `c:\\Users\\Usr\\Documents\\MiniAgente\\dataconnect`\n"}}
[debug] [2026-05-11T15:48:15.280Z] E0511 12:48:15.281909   15348 watch.go:40] Failed to load config from "c:\\Users\\Usr\\Documents\\MiniAgente\\dataconnect": could not find dataconnect.yaml in `c:\Users\Usr\Documents\MiniAgente\dataconnect`
 {"metadata":{"emulator":{"name":"dataconnect"},"message":"E0511 12:48:15.281909   15348 watch.go:40] Failed to load config from \"c:\\\\Users\\\\Usr\\\\Documents\\\\MiniAgente\\\\dataconnect\": could not find dataconnect.yaml in `c:\\Users\\Usr\\Documents\\MiniAgente\\dataconnect`\n"}}
[debug] [2026-05-11T15:48:25.280Z] E0511 12:48:25.282431   15348 watch.go:40] Failed to load config from "c:\\Users\\Usr\\Documents\\MiniAgente\\dataconnect": could not find dataconnect.yaml in `c:\Users\Usr\Documents\MiniAgente\dataconnect`
 {"metadata":{"emulator":{"name":"dataconnect"},"message":"E0511 12:48:25.282431   15348 watch.go:40] Failed to load config from \"c:\\\\Users\\\\Usr\\\\Documents\\\\MiniAgente\\\\dataconnect\": could not find dataconnect.yaml in `c:\\Users\\Usr\\Documents\\MiniAgente\\dataconnect`\n"}}
[debug] [2026-05-11T15:48:35.282Z] E0511 12:48:35.282970   15348 watch.go:116] watchAllDir unable to walk dir `c:\Users\Usr\Documents\MiniAgente\dataconnect`: GetFileAttributesEx c:\Users\Usr\Documents\MiniAgente\dataconnect: The system cannot find the file specified.
 {"metadata":{"emulator":{"name":"dataconnect"},"message":"E0511 12:48:35.282970   15348 watch.go:116] watchAllDir unable to walk dir `c:\\Users\\Usr\\Documents\\MiniAgente\\dataconnect`: GetFileAttributesEx c:\\Users\\Usr\\Documents\\MiniAgente\\dataconnect: The system cannot find the file specified.\n"}}
[debug] [2026-05-11T15:48:35.283Z] E0511 12:48:35.282970   15348 watch.go:40] Failed to load config from "c:\\Users\\Usr\\Documents\\MiniAgente\\dataconnect": could not find dataconnect.yaml in `c:\Users\Usr\Documents\MiniAgente\dataconnect`
 {"metadata":{"emulator":{"name":"dataconnect"},"message":"E0511 12:48:35.282970   15348 watch.go:40] Failed to load config from \"c:\\\\Users\\\\Usr\\\\Documents\\\\MiniAgente\\\\dataconnect\": could not find dataconnect.yaml in `c:\\Users\\Usr\\Documents\\MiniAgente\\dataconnect`\n"}}
[debug] [2026-05-11T15:48:45.282Z] E0511 12:48:45.283254   15348 watch.go:40] Failed to load config from "c:\\Users\\Usr\\Documents\\MiniAgente\\dataconnect": could not find dataconnect.yaml in `c:\Users\Usr\Documents\MiniAgente\dataconnect`
 {"metadata":{"emulator":{"name":"dataconnect"},"message":"E0511 12:48:45.283254   15348 watch.go:40] Failed to load config from \"c:\\\\Users\\\\Usr\\\\Documents\\\\MiniAgente\\\\dataconnect\": could not find dataconnect.yaml in `c:\\Users\\Usr\\Documents\\MiniAgente\\dataconnect`\n"}}
[debug] [2026-05-11T15:48:55.282Z] E0511 12:48:55.283584   15348 watch.go:40] Failed to load config from "c:\\Users\\Usr\\Documents\\MiniAgente\\dataconnect": could not find dataconnect.yaml in `c:\Users\Usr\Documents\MiniAgente\dataconnect`
 {"metadata":{"emulator":{"name":"dataconnect"},"message":"E0511 12:48:55.283584   15348 watch.go:40] Failed to load config from \"c:\\\\Users\\\\Usr\\\\Documents\\\\MiniAgente\\\\dataconnect\": could not find dataconnect.yaml in `c:\\Users\\Usr\\Documents\\MiniAgente\\dataconnect`\n"}}
[debug] [2026-05-11T15:49:05.283Z] E0511 12:49:05.284086   15348 watch.go:40] Failed to load config from "c:\\Users\\Usr\\Documents\\MiniAgente\\dataconnect": could not find dataconnect.yaml in `c:\Users\Usr\Documents\MiniAgente\dataconnect`
 {"metadata":{"emulator":{"name":"dataconnect"},"message":"E0511 12:49:05.284086   15348 watch.go:40] Failed to load config from \"c:\\\\Users\\\\Usr\\\\Documents\\\\MiniAgente\\\\dataconnect\": could not find dataconnect.yaml in `c:\\Users\\Usr\\Documents\\MiniAgente\\dataconnect`\n"}}
[debug] [2026-05-11T15:49:15.282Z] E0511 12:49:15.284204   15348 watch.go:40] Failed to load config from "c:\\Users\\Usr\\Documents\\MiniAgente\\dataconnect": could not find dataconnect.yaml in `c:\Users\Usr\Documents\MiniAgente\dataconnect`
 {"metadata":{"emulator":{"name":"dataconnect"},"message":"E0511 12:49:15.284204   15348 watch.go:40] Failed to load config from \"c:\\\\Users\\\\Usr\\\\Documents\\\\MiniAgente\\\\dataconnect\": could not find dataconnect.yaml in `c:\\Users\\Usr\\Documents\\MiniAgente\\dataconnect`\n"}}
[debug] [2026-05-11T15:49:25.282Z] E0511 12:49:25.284836   15348 watch.go:40] Failed to load config from "c:\\Users\\Usr\\Documents\\MiniAgente\\dataconnect": could not find dataconnect.yaml in `c:\Users\Usr\Documents\MiniAgente\dataconnect`
 {"metadata":{"emulator":{"name":"dataconnect"},"message":"E0511 12:49:25.284836   15348 watch.go:40] Failed to load config from \"c:\\\\Users\\\\Usr\\\\Documents\\\\MiniAgente\\\\dataconnect\": could not find dataconnect.yaml in `c:\\Users\\Usr\\Documents\\MiniAgente\\dataconnect`\n"}}
[debug] [2026-05-11T15:49:35.285Z] E0511 12:49:35.285327   15348 watch.go:116] watchAllDir unable to walk dir `c:\Users\Usr\Documents\MiniAgente\dataconnect`: GetFileAttributesEx c:\Users\Usr\Documents\MiniAgente\dataconnect: The system cannot find the file specified.
 {"metadata":{"emulator":{"name":"dataconnect"},"message":"E0511 12:49:35.285327   15348 watch.go:116] watchAllDir unable to walk dir `c:\\Users\\Usr\\Documents\\MiniAgente\\dataconnect`: GetFileAttributesEx c:\\Users\\Usr\\Documents\\MiniAgente\\dataconnect: The system cannot find the file specified.\n"}}
[debug] [2026-05-11T15:49:35.285Z] E0511 12:49:35.285327   15348 watch.go:40] Failed to load config from "c:\\Users\\Usr\\Documents\\MiniAgente\\dataconnect": could not find dataconnect.yaml in `c:\Users\Usr\Documents\MiniAgente\dataconnect`
 {"metadata":{"emulator":{"name":"dataconnect"},"message":"E0511 12:49:35.285327   15348 watch.go:40] Failed to load config from \"c:\\\\Users\\\\Usr\\\\Documents\\\\MiniAgente\\\\dataconnect\": could not find dataconnect.yaml in `c:\\Users\\Usr\\Documents\\MiniAgente\\dataconnect`\n"}}
[debug] [2026-05-11T15:49:45.285Z] E0511 12:49:45.285625   15348 watch.go:40] Failed to load config from "c:\\Users\\Usr\\Documents\\MiniAgente\\dataconnect": could not find dataconnect.yaml in `c:\Users\Usr\Documents\MiniAgente\dataconnect`
 {"metadata":{"emulator":{"name":"dataconnect"},"message":"E0511 12:49:45.285625   15348 watch.go:40] Failed to load config from \"c:\\\\Users\\\\Usr\\\\Documents\\\\MiniAgente\\\\dataconnect\": could not find dataconnect.yaml in `c:\\Users\\Usr\\Documents\\MiniAgente\\dataconnect`\n"}}
[debug] [2026-05-11T15:49:55.285Z] E0511 12:49:55.286512   15348 watch.go:40] Failed to load config from "c:\\Users\\Usr\\Documents\\MiniAgente\\dataconnect": could not find dataconnect.yaml in `c:\Users\Usr\Documents\MiniAgente\dataconnect`
 {"metadata":{"emulator":{"name":"dataconnect"},"message":"E0511 12:49:55.286512   15348 watch.go:40] Failed to load config from \"c:\\\\Users\\\\Usr\\\\Documents\\\\MiniAgente\\\\dataconnect\": could not find dataconnect.yaml in `c:\\Users\\Usr\\Documents\\MiniAgente\\dataconnect`\n"}}
[debug] [2026-05-11T15:50:05.285Z] E0511 12:50:05.286443   15348 watch.go:40] Failed to load config from "c:\\Users\\Usr\\Documents\\MiniAgente\\dataconnect": could not find dataconnect.yaml in `c:\Users\Usr\Documents\MiniAgente\dataconnect`
 {"metadata":{"emulator":{"name":"dataconnect"},"message":"E0511 12:50:05.286443   15348 watch.go:40] Failed to load config from \"c:\\\\Users\\\\Usr\\\\Documents\\\\MiniAgente\\\\dataconnect\": could not find dataconnect.yaml in `c:\\Users\\Usr\\Documents\\MiniAgente\\dataconnect`\n"}}
[debug] [2026-05-11T15:50:15.285Z] E0511 12:50:15.286944   15348 watch.go:40] Failed to load config from "c:\\Users\\Usr\\Documents\\MiniAgente\\dataconnect": could not find dataconnect.yaml in `c:\Users\Usr\Documents\MiniAgente\dataconnect`
 {"metadata":{"emulator":{"name":"dataconnect"},"message":"E0511 12:50:15.286944   15348 watch.go:40] Failed to load config from \"c:\\\\Users\\\\Usr\\\\Documents\\\\MiniAgente\\\\dataconnect\": could not find dataconnect.yaml in `c:\\Users\\Usr\\Documents\\MiniAgente\\dataconnect`\n"}}
[debug] [2026-05-11T15:50:25.285Z] E0511 12:50:25.287349   15348 watch.go:40] Failed to load config from "c:\\Users\\Usr\\Documents\\MiniAgente\\dataconnect": could not find dataconnect.yaml in `c:\Users\Usr\Documents\MiniAgente\dataconnect`
 {"metadata":{"emulator":{"name":"dataconnect"},"message":"E0511 12:50:25.287349   15348 watch.go:40] Failed to load config from \"c:\\\\Users\\\\Usr\\\\Documents\\\\MiniAgente\\\\dataconnect\": could not find dataconnect.yaml in `c:\\Users\\Usr\\Documents\\MiniAgente\\dataconnect`\n"}}
[debug] [2026-05-11T15:50:35.287Z] E0511 12:50:35.287776   15348 watch.go:116] watchAllDir unable to walk dir `c:\Users\Usr\Documents\MiniAgente\dataconnect`: GetFileAttributesEx c:\Users\Usr\Documents\MiniAgente\dataconnect: The system cannot find the file specified.
 {"metadata":{"emulator":{"name":"dataconnect"},"message":"E0511 12:50:35.287776   15348 watch.go:116] watchAllDir unable to walk dir `c:\\Users\\Usr\\Documents\\MiniAgente\\dataconnect`: GetFileAttributesEx c:\\Users\\Usr\\Documents\\MiniAgente\\dataconnect: The system cannot find the file specified.\n"}}
[debug] [2026-05-11T15:50:35.288Z] E0511 12:50:35.287776   15348 watch.go:40] Failed to load config from "c:\\Users\\Usr\\Documents\\MiniAgente\\dataconnect": could not find dataconnect.yaml in `c:\Users\Usr\Documents\MiniAgente\dataconnect`
 {"metadata":{"emulator":{"name":"dataconnect"},"message":"E0511 12:50:35.287776   15348 watch.go:40] Failed to load config from \"c:\\\\Users\\\\Usr\\\\Documents\\\\MiniAgente\\\\dataconnect\": could not find dataconnect.yaml in `c:\\Users\\Usr\\Documents\\MiniAgente\\dataconnect`\n"}}
[debug] [2026-05-11T15:50:45.287Z] E0511 12:50:45.288017   15348 watch.go:40] Failed to load config from "c:\\Users\\Usr\\Documents\\MiniAgente\\dataconnect": could not find dataconnect.yaml in `c:\Users\Usr\Documents\MiniAgente\dataconnect`
 {"metadata":{"emulator":{"name":"dataconnect"},"message":"E0511 12:50:45.288017   15348 watch.go:40] Failed to load config from \"c:\\\\Users\\\\Usr\\\\Documents\\\\MiniAgente\\\\dataconnect\": could not find dataconnect.yaml in `c:\\Users\\Usr\\Documents\\MiniAgente\\dataconnect`\n"}}
[debug] [2026-05-11T15:50:55.287Z] E0511 12:50:55.288670   15348 watch.go:40] Failed to load config from "c:\\Users\\Usr\\Documents\\MiniAgente\\dataconnect": could not find dataconnect.yaml in `c:\Users\Usr\Documents\MiniAgente\dataconnect`
 {"metadata":{"emulator":{"name":"dataconnect"},"message":"E0511 12:50:55.288670   15348 watch.go:40] Failed to load config from \"c:\\\\Users\\\\Usr\\\\Documents\\\\MiniAgente\\\\dataconnect\": could not find dataconnect.yaml in `c:\\Users\\Usr\\Documents\\MiniAgente\\dataconnect`\n"}}
[debug] [2026-05-11T15:51:05.287Z] E0511 12:51:05.288962   15348 watch.go:40] Failed to load config from "c:\\Users\\Usr\\Documents\\MiniAgente\\dataconnect": could not find dataconnect.yaml in `c:\Users\Usr\Documents\MiniAgente\dataconnect`
 {"metadata":{"emulator":{"name":"dataconnect"},"message":"E0511 12:51:05.288962   15348 watch.go:40] Failed to load config from \"c:\\\\Users\\\\Usr\\\\Documents\\\\MiniAgente\\\\dataconnect\": could not find dataconnect.yaml in `c:\\Users\\Usr\\Documents\\MiniAgente\\dataconnect`\n"}}
[debug] [2026-05-11T15:51:15.287Z] E0511 12:51:15.289072   15348 watch.go:40] Failed to load config from "c:\\Users\\Usr\\Documents\\MiniAgente\\dataconnect": could not find dataconnect.yaml in `c:\Users\Usr\Documents\MiniAgente\dataconnect`
 {"metadata":{"emulator":{"name":"dataconnect"},"message":"E0511 12:51:15.289072   15348 watch.go:40] Failed to load config from \"c:\\\\Users\\\\Usr\\\\Documents\\\\MiniAgente\\\\dataconnect\": could not find dataconnect.yaml in `c:\\Users\\Usr\\Documents\\MiniAgente\\dataconnect`\n"}}
[debug] [2026-05-11T15:51:25.287Z] E0511 12:51:25.289729   15348 watch.go:40] Failed to load config from "c:\\Users\\Usr\\Documents\\MiniAgente\\dataconnect": could not find dataconnect.yaml in `c:\Users\Usr\Documents\MiniAgente\dataconnect`
 {"metadata":{"emulator":{"name":"dataconnect"},"message":"E0511 12:51:25.289729   15348 watch.go:40] Failed to load config from \"c:\\\\Users\\\\Usr\\\\Documents\\\\MiniAgente\\\\dataconnect\": could not find dataconnect.yaml in `c:\\Users\\Usr\\Documents\\MiniAgente\\dataconnect`\n"}}
[debug] [2026-05-11T15:51:35.290Z] E0511 12:51:35.290325   15348 watch.go:116] watchAllDir unable to walk dir `c:\Users\Usr\Documents\MiniAgente\dataconnect`: GetFileAttributesEx c:\Users\Usr\Documents\MiniAgente\dataconnect: The system cannot find the file specified.
 {"metadata":{"emulator":{"name":"dataconnect"},"message":"E0511 12:51:35.290325   15348 watch.go:116] watchAllDir unable to walk dir `c:\\Users\\Usr\\Documents\\MiniAgente\\dataconnect`: GetFileAttributesEx c:\\Users\\Usr\\Documents\\MiniAgente\\dataconnect: The system cannot find the file specified.\n"}}
[debug] [2026-05-11T15:51:35.291Z] E0511 12:51:35.290325   15348 watch.go:40] Failed to load config from "c:\\Users\\Usr\\Documents\\MiniAgente\\dataconnect": could not find dataconnect.yaml in `c:\Users\Usr\Documents\MiniAgente\dataconnect`
 {"metadata":{"emulator":{"name":"dataconnect"},"message":"E0511 12:51:35.290325   15348 watch.go:40] Failed to load config from \"c:\\\\Users\\\\Usr\\\\Documents\\\\MiniAgente\\\\dataconnect\": could not find dataconnect.yaml in `c:\\Users\\Usr\\Documents\\MiniAgente\\dataconnect`\n"}}
[debug] [2026-05-11T15:51:45.290Z] E0511 12:51:45.290370   15348 watch.go:40] Failed to load config from "c:\\Users\\Usr\\Documents\\MiniAgente\\dataconnect": could not find dataconnect.yaml in `c:\Users\Usr\Documents\MiniAgente\dataconnect`
 {"metadata":{"emulator":{"name":"dataconnect"},"message":"E0511 12:51:45.290370   15348 watch.go:40] Failed to load config from \"c:\\\\Users\\\\Usr\\\\Documents\\\\MiniAgente\\\\dataconnect\": could not find dataconnect.yaml in `c:\\Users\\Usr\\Documents\\MiniAgente\\dataconnect`\n"}}
[debug] [2026-05-11T15:51:55.289Z] E0511 12:51:55.290790   15348 watch.go:40] Failed to load config from "c:\\Users\\Usr\\Documents\\MiniAgente\\dataconnect": could not find dataconnect.yaml in `c:\Users\Usr\Documents\MiniAgente\dataconnect`
 {"metadata":{"emulator":{"name":"dataconnect"},"message":"E0511 12:51:55.290790   15348 watch.go:40] Failed to load config from \"c:\\\\Users\\\\Usr\\\\Documents\\\\MiniAgente\\\\dataconnect\": could not find dataconnect.yaml in `c:\\Users\\Usr\\Documents\\MiniAgente\\dataconnect`\n"}}
[debug] [2026-05-11T15:52:05.290Z] E0511 12:52:05.291326   15348 watch.go:40] Failed to load config from "c:\\Users\\Usr\\Documents\\MiniAgente\\dataconnect": could not find dataconnect.yaml in `c:\Users\Usr\Documents\MiniAgente\dataconnect`
 {"metadata":{"emulator":{"name":"dataconnect"},"message":"E0511 12:52:05.291326   15348 watch.go:40] Failed to load config from \"c:\\\\Users\\\\Usr\\\\Documents\\\\MiniAgente\\\\dataconnect\": could not find dataconnect.yaml in `c:\\Users\\Usr\\Documents\\MiniAgente\\dataconnect`\n"}}
[debug] [2026-05-11T15:52:15.290Z] E0511 12:52:15.291828   15348 watch.go:40] Failed to load config from "c:\\Users\\Usr\\Documents\\MiniAgente\\dataconnect": could not find dataconnect.yaml in `c:\Users\Usr\Documents\MiniAgente\dataconnect`
 {"metadata":{"emulator":{"name":"dataconnect"},"message":"E0511 12:52:15.291828   15348 watch.go:40] Failed to load config from \"c:\\\\Users\\\\Usr\\\\Documents\\\\MiniAgente\\\\dataconnect\": could not find dataconnect.yaml in `c:\\Users\\Usr\\Documents\\MiniAgente\\dataconnect`\n"}}
[debug] [2026-05-11T15:52:25.290Z] E0511 12:52:25.292291   15348 watch.go:40] Failed to load config from "c:\\Users\\Usr\\Documents\\MiniAgente\\dataconnect": could not find dataconnect.yaml in `c:\Users\Usr\Documents\MiniAgente\dataconnect`
 {"metadata":{"emulator":{"name":"dataconnect"},"message":"E0511 12:52:25.292291   15348 watch.go:40] Failed to load config from \"c:\\\\Users\\\\Usr\\\\Documents\\\\MiniAgente\\\\dataconnect\": could not find dataconnect.yaml in `c:\\Users\\Usr\\Documents\\MiniAgente\\dataconnect`\n"}}
[debug] [2026-05-11T15:52:35.292Z] E0511 12:52:35.292426   15348 watch.go:116] watchAllDir unable to walk dir `c:\Users\Usr\Documents\MiniAgente\dataconnect`: GetFileAttributesEx c:\Users\Usr\Documents\MiniAgente\dataconnect: The system cannot find the file specified.
 {"metadata":{"emulator":{"name":"dataconnect"},"message":"E0511 12:52:35.292426   15348 watch.go:116] watchAllDir unable to walk dir `c:\\Users\\Usr\\Documents\\MiniAgente\\dataconnect`: GetFileAttributesEx c:\\Users\\Usr\\Documents\\MiniAgente\\dataconnect: The system cannot find the file specified.\n"}}
[debug] [2026-05-11T15:52:35.293Z] E0511 12:52:35.292426   15348 watch.go:40] Failed to load config from "c:\\Users\\Usr\\Documents\\MiniAgente\\dataconnect": could not find dataconnect.yaml in `c:\Users\Usr\Documents\MiniAgente\dataconnect`
 {"metadata":{"emulator":{"name":"dataconnect"},"message":"E0511 12:52:35.292426   15348 watch.go:40] Failed to load config from \"c:\\\\Users\\\\Usr\\\\Documents\\\\MiniAgente\\\\dataconnect\": could not find dataconnect.yaml in `c:\\Users\\Usr\\Documents\\MiniAgente\\dataconnect`\n"}}
[debug] [2026-05-11T15:52:45.292Z] E0511 12:52:45.292943   15348 watch.go:40] Failed to load config from "c:\\Users\\Usr\\Documents\\MiniAgente\\dataconnect": could not find dataconnect.yaml in `c:\Users\Usr\Documents\MiniAgente\dataconnect`
 {"metadata":{"emulator":{"name":"dataconnect"},"message":"E0511 12:52:45.292943   15348 watch.go:40] Failed to load config from \"c:\\\\Users\\\\Usr\\\\Documents\\\\MiniAgente\\\\dataconnect\": could not find dataconnect.yaml in `c:\\Users\\Usr\\Documents\\MiniAgente\\dataconnect`\n"}}
[debug] [2026-05-11T15:52:55.292Z] E0511 12:52:55.293472   15348 watch.go:40] Failed to load config from "c:\\Users\\Usr\\Documents\\MiniAgente\\dataconnect": could not find dataconnect.yaml in `c:\Users\Usr\Documents\MiniAgente\dataconnect`
 {"metadata":{"emulator":{"name":"dataconnect"},"message":"E0511 12:52:55.293472   15348 watch.go:40] Failed to load config from \"c:\\\\Users\\\\Usr\\\\Documents\\\\MiniAgente\\\\dataconnect\": could not find dataconnect.yaml in `c:\\Users\\Usr\\Documents\\MiniAgente\\dataconnect`\n"}}
[debug] [2026-05-11T15:53:05.292Z] E0511 12:53:05.293675   15348 watch.go:40] Failed to load config from "c:\\Users\\Usr\\Documents\\MiniAgente\\dataconnect": could not find dataconnect.yaml in `c:\Users\Usr\Documents\MiniAgente\dataconnect`
 {"metadata":{"emulator":{"name":"dataconnect"},"message":"E0511 12:53:05.293675   15348 watch.go:40] Failed to load config from \"c:\\\\Users\\\\Usr\\\\Documents\\\\MiniAgente\\\\dataconnect\": could not find dataconnect.yaml in `c:\\Users\\Usr\\Documents\\MiniAgente\\dataconnect`\n"}}
[debug] [2026-05-11T15:53:15.292Z] E0511 12:53:15.294182   15348 watch.go:40] Failed to load config from "c:\\Users\\Usr\\Documents\\MiniAgente\\dataconnect": could not find dataconnect.yaml in `c:\Users\Usr\Documents\MiniAgente\dataconnect`
 {"metadata":{"emulator":{"name":"dataconnect"},"message":"E0511 12:53:15.294182   15348 watch.go:40] Failed to load config from \"c:\\\\Users\\\\Usr\\\\Documents\\\\MiniAgente\\\\dataconnect\": could not find dataconnect.yaml in `c:\\Users\\Usr\\Documents\\MiniAgente\\dataconnect`\n"}}
[debug] [2026-05-11T15:53:25.292Z] E0511 12:53:25.294387   15348 watch.go:40] Failed to load config from "c:\\Users\\Usr\\Documents\\MiniAgente\\dataconnect": could not find dataconnect.yaml in `c:\Users\Usr\Documents\MiniAgente\dataconnect`
 {"metadata":{"emulator":{"name":"dataconnect"},"message":"E0511 12:53:25.294387   15348 watch.go:40] Failed to load config from \"c:\\\\Users\\\\Usr\\\\Documents\\\\MiniAgente\\\\dataconnect\": could not find dataconnect.yaml in `c:\\Users\\Usr\\Documents\\MiniAgente\\dataconnect`\n"}}
[debug] [2026-05-11T15:53:35.294Z] E0511 12:53:35.294888   15348 watch.go:116] watchAllDir unable to walk dir `c:\Users\Usr\Documents\MiniAgente\dataconnect`: GetFileAttributesEx c:\Users\Usr\Documents\MiniAgente\dataconnect: The system cannot find the file specified.
 {"metadata":{"emulator":{"name":"dataconnect"},"message":"E0511 12:53:35.294888   15348 watch.go:116] watchAllDir unable to walk dir `c:\\Users\\Usr\\Documents\\MiniAgente\\dataconnect`: GetFileAttributesEx c:\\Users\\Usr\\Documents\\MiniAgente\\dataconnect: The system cannot find the file specified.\n"}}
[debug] [2026-05-11T15:53:35.295Z] E0511 12:53:35.294888   15348 watch.go:40] Failed to load config from "c:\\Users\\Usr\\Documents\\MiniAgente\\dataconnect": could not find dataconnect.yaml in `c:\Users\Usr\Documents\MiniAgente\dataconnect`
 {"metadata":{"emulator":{"name":"dataconnect"},"message":"E0511 12:53:35.294888   15348 watch.go:40] Failed to load config from \"c:\\\\Users\\\\Usr\\\\Documents\\\\MiniAgente\\\\dataconnect\": could not find dataconnect.yaml in `c:\\Users\\Usr\\Documents\\MiniAgente\\dataconnect`\n"}}
[debug] [2026-05-11T15:53:45.294Z] E0511 12:53:45.295393   15348 watch.go:40] Failed to load config from "c:\\Users\\Usr\\Documents\\MiniAgente\\dataconnect": could not find dataconnect.yaml in `c:\Users\Usr\Documents\MiniAgente\dataconnect`
 {"metadata":{"emulator":{"name":"dataconnect"},"message":"E0511 12:53:45.295393   15348 watch.go:40] Failed to load config from \"c:\\\\Users\\\\Usr\\\\Documents\\\\MiniAgente\\\\dataconnect\": could not find dataconnect.yaml in `c:\\Users\\Usr\\Documents\\MiniAgente\\dataconnect`\n"}}
[debug] [2026-05-11T15:53:55.295Z] E0511 12:53:55.296379   15348 watch.go:40] Failed to load config from "c:\\Users\\Usr\\Documents\\MiniAgente\\dataconnect": could not find dataconnect.yaml in `c:\Users\Usr\Documents\MiniAgente\dataconnect`
 {"metadata":{"emulator":{"name":"dataconnect"},"message":"E0511 12:53:55.296379   15348 watch.go:40] Failed to load config from \"c:\\\\Users\\\\Usr\\\\Documents\\\\MiniAgente\\\\dataconnect\": could not find dataconnect.yaml in `c:\\Users\\Usr\\Documents\\MiniAgente\\dataconnect`\n"}}
[debug] [2026-05-11T15:54:05.295Z] E0511 12:54:05.296265   15348 watch.go:40] Failed to load config from "c:\\Users\\Usr\\Documents\\MiniAgente\\dataconnect": could not find dataconnect.yaml in `c:\Users\Usr\Documents\MiniAgente\dataconnect`
 {"metadata":{"emulator":{"name":"dataconnect"},"message":"E0511 12:54:05.296265   15348 watch.go:40] Failed to load config from \"c:\\\\Users\\\\Usr\\\\Documents\\\\MiniAgente\\\\dataconnect\": could not find dataconnect.yaml in `c:\\Users\\Usr\\Documents\\MiniAgente\\dataconnect`\n"}}
[debug] [2026-05-11T15:54:15.295Z] E0511 12:54:15.296709   15348 watch.go:40] Failed to load config from "c:\\Users\\Usr\\Documents\\MiniAgente\\dataconnect": could not find dataconnect.yaml in `c:\Users\Usr\Documents\MiniAgente\dataconnect`
 {"metadata":{"emulator":{"name":"dataconnect"},"message":"E0511 12:54:15.296709   15348 watch.go:40] Failed to load config from \"c:\\\\Users\\\\Usr\\\\Documents\\\\MiniAgente\\\\dataconnect\": could not find dataconnect.yaml in `c:\\Users\\Usr\\Documents\\MiniAgente\\dataconnect`\n"}}
[debug] [2026-05-11T15:54:25.294Z] E0511 12:54:25.296932   15348 watch.go:40] Failed to load config from "c:\\Users\\Usr\\Documents\\MiniAgente\\dataconnect": could not find dataconnect.yaml in `c:\Users\Usr\Documents\MiniAgente\dataconnect`
 {"metadata":{"emulator":{"name":"dataconnect"},"message":"E0511 12:54:25.296932   15348 watch.go:40] Failed to load config from \"c:\\\\Users\\\\Usr\\\\Documents\\\\MiniAgente\\\\dataconnect\": could not find dataconnect.yaml in `c:\\Users\\Usr\\Documents\\MiniAgente\\dataconnect`\n"}}
[debug] [2026-05-11T15:54:35.296Z] E0511 12:54:35.297312   15348 watch.go:116] watchAllDir unable to walk dir `c:\Users\Usr\Documents\MiniAgente\dataconnect`: GetFileAttributesEx c:\Users\Usr\Documents\MiniAgente\dataconnect: The system cannot find the file specified.
E0511 12:54:35.297312   15348 watch.go:40] Failed to load config from "c:\\Users\\Usr\\Documents\\MiniAgente\\dataconnect": could not find dataconnect.yaml in `c:\Users\Usr\Documents\MiniAgente\dataconnect`
 {"metadata":{"emulator":{"name":"dataconnect"},"message":"E0511 12:54:35.297312   15348 watch.go:116] watchAllDir unable to walk dir `c:\\Users\\Usr\\Documents\\MiniAgente\\dataconnect`: GetFileAttributesEx c:\\Users\\Usr\\Documents\\MiniAgente\\dataconnect: The system cannot find the file specified.\nE0511 12:54:35.297312   15348 watch.go:40] Failed to load config from \"c:\\\\Users\\\\Usr\\\\Documents\\\\MiniAgente\\\\dataconnect\": could not find dataconnect.yaml in `c:\\Users\\Usr\\Documents\\MiniAgente\\dataconnect`\n"}}
[debug] [2026-05-11T15:54:45.296Z] E0511 12:54:45.297670   15348 watch.go:40] Failed to load config from "c:\\Users\\Usr\\Documents\\MiniAgente\\dataconnect": could not find dataconnect.yaml in `c:\Users\Usr\Documents\MiniAgente\dataconnect`
 {"metadata":{"emulator":{"name":"dataconnect"},"message":"E0511 12:54:45.297670   15348 watch.go:40] Failed to load config from \"c:\\\\Users\\\\Usr\\\\Documents\\\\MiniAgente\\\\dataconnect\": could not find dataconnect.yaml in `c:\\Users\\Usr\\Documents\\MiniAgente\\dataconnect`\n"}}
[debug] [2026-05-11T15:54:55.296Z] E0511 12:54:55.298129   15348 watch.go:40] Failed to load config from "c:\\Users\\Usr\\Documents\\MiniAgente\\dataconnect": could not find dataconnect.yaml in `c:\Users\Usr\Documents\MiniAgente\dataconnect`
 {"metadata":{"emulator":{"name":"dataconnect"},"message":"E0511 12:54:55.298129   15348 watch.go:40] Failed to load config from \"c:\\\\Users\\\\Usr\\\\Documents\\\\MiniAgente\\\\dataconnect\": could not find dataconnect.yaml in `c:\\Users\\Usr\\Documents\\MiniAgente\\dataconnect`\n"}}
[debug] [2026-05-11T15:55:05.297Z] E0511 12:55:05.298868   15348 watch.go:40] Failed to load config from "c:\\Users\\Usr\\Documents\\MiniAgente\\dataconnect": could not find dataconnect.yaml in `c:\Users\Usr\Documents\MiniAgente\dataconnect`
 {"metadata":{"emulator":{"name":"dataconnect"},"message":"E0511 12:55:05.298868   15348 watch.go:40] Failed to load config from \"c:\\\\Users\\\\Usr\\\\Documents\\\\MiniAgente\\\\dataconnect\": could not find dataconnect.yaml in `c:\\Users\\Usr\\Documents\\MiniAgente\\dataconnect`\n"}}
[debug] [2026-05-11T15:55:15.296Z] E0511 12:55:15.298929   15348 watch.go:40] Failed to load config from "c:\\Users\\Usr\\Documents\\MiniAgente\\dataconnect": could not find dataconnect.yaml in `c:\Users\Usr\Documents\MiniAgente\dataconnect`
 {"metadata":{"emulator":{"name":"dataconnect"},"message":"E0511 12:55:15.298929   15348 watch.go:40] Failed to load config from \"c:\\\\Users\\\\Usr\\\\Documents\\\\MiniAgente\\\\dataconnect\": could not find dataconnect.yaml in `c:\\Users\\Usr\\Documents\\MiniAgente\\dataconnect`\n"}}
[debug] [2026-05-11T15:55:25.296Z] E0511 12:55:25.299480   15348 watch.go:40] Failed to load config from "c:\\Users\\Usr\\Documents\\MiniAgente\\dataconnect": could not find dataconnect.yaml in `c:\Users\Usr\Documents\MiniAgente\dataconnect`
 {"metadata":{"emulator":{"name":"dataconnect"},"message":"E0511 12:55:25.299480   15348 watch.go:40] Failed to load config from \"c:\\\\Users\\\\Usr\\\\Documents\\\\MiniAgente\\\\dataconnect\": could not find dataconnect.yaml in `c:\\Users\\Usr\\Documents\\MiniAgente\\dataconnect`\n"}}
[debug] [2026-05-11T15:55:35.299Z] E0511 12:55:35.299747   15348 watch.go:116] watchAllDir unable to walk dir `c:\Users\Usr\Documents\MiniAgente\dataconnect`: GetFileAttributesEx c:\Users\Usr\Documents\MiniAgente\dataconnect: The system cannot find the file specified.
E0511 12:55:35.299747   15348 watch.go:40] Failed to load config from "c:\\Users\\Usr\\Documents\\MiniAgente\\dataconnect": could not find dataconnect.yaml in `c:\Users\Usr\Documents\MiniAgente\dataconnect`
 {"metadata":{"emulator":{"name":"dataconnect"},"message":"E0511 12:55:35.299747   15348 watch.go:116] watchAllDir unable to walk dir `c:\\Users\\Usr\\Documents\\MiniAgente\\dataconnect`: GetFileAttributesEx c:\\Users\\Usr\\Documents\\MiniAgente\\dataconnect: The system cannot find the file specified.\nE0511 12:55:35.299747   15348 watch.go:40] Failed to load config from \"c:\\\\Users\\\\Usr\\\\Documents\\\\MiniAgente\\\\dataconnect\": could not find dataconnect.yaml in `c:\\Users\\Usr\\Documents\\MiniAgente\\dataconnect`\n"}}
[debug] [2026-05-11T15:55:45.300Z] E0511 12:55:45.300465   15348 watch.go:40] Failed to load config from "c:\\Users\\Usr\\Documents\\MiniAgente\\dataconnect": could not find dataconnect.yaml in `c:\Users\Usr\Documents\MiniAgente\dataconnect`
 {"metadata":{"emulator":{"name":"dataconnect"},"message":"E0511 12:55:45.300465   15348 watch.go:40] Failed to load config from \"c:\\\\Users\\\\Usr\\\\Documents\\\\MiniAgente\\\\dataconnect\": could not find dataconnect.yaml in `c:\\Users\\Usr\\Documents\\MiniAgente\\dataconnect`\n"}}
[debug] [2026-05-11T15:55:55.300Z] E0511 12:55:55.300875   15348 watch.go:40] Failed to load config from "c:\\Users\\Usr\\Documents\\MiniAgente\\dataconnect": could not find dataconnect.yaml in `c:\Users\Usr\Documents\MiniAgente\dataconnect`
 {"metadata":{"emulator":{"name":"dataconnect"},"message":"E0511 12:55:55.300875   15348 watch.go:40] Failed to load config from \"c:\\\\Users\\\\Usr\\\\Documents\\\\MiniAgente\\\\dataconnect\": could not find dataconnect.yaml in `c:\\Users\\Usr\\Documents\\MiniAgente\\dataconnect`\n"}}
[debug] [2026-05-11T15:56:05.300Z] E0511 12:56:05.301074   15348 watch.go:40] Failed to load config from "c:\\Users\\Usr\\Documents\\MiniAgente\\dataconnect": could not find dataconnect.yaml in `c:\Users\Usr\Documents\MiniAgente\dataconnect`
 {"metadata":{"emulator":{"name":"dataconnect"},"message":"E0511 12:56:05.301074   15348 watch.go:40] Failed to load config from \"c:\\\\Users\\\\Usr\\\\Documents\\\\MiniAgente\\\\dataconnect\": could not find dataconnect.yaml in `c:\\Users\\Usr\\Documents\\MiniAgente\\dataconnect`\n"}}
[debug] [2026-05-11T15:56:15.299Z] E0511 12:56:15.301312   15348 watch.go:40] Failed to load config from "c:\\Users\\Usr\\Documents\\MiniAgente\\dataconnect": could not find dataconnect.yaml in `c:\Users\Usr\Documents\MiniAgente\dataconnect`
 {"metadata":{"emulator":{"name":"dataconnect"},"message":"E0511 12:56:15.301312   15348 watch.go:40] Failed to load config from \"c:\\\\Users\\\\Usr\\\\Documents\\\\MiniAgente\\\\dataconnect\": could not find dataconnect.yaml in `c:\\Users\\Usr\\Documents\\MiniAgente\\dataconnect`\n"}}
[debug] [2026-05-11T15:56:25.299Z] E0511 12:56:25.301850   15348 watch.go:40] Failed to load config from "c:\\Users\\Usr\\Documents\\MiniAgente\\dataconnect": could not find dataconnect.yaml in `c:\Users\Usr\Documents\MiniAgente\dataconnect`
 {"metadata":{"emulator":{"name":"dataconnect"},"message":"E0511 12:56:25.301850   15348 watch.go:40] Failed to load config from \"c:\\\\Users\\\\Usr\\\\Documents\\\\MiniAgente\\\\dataconnect\": could not find dataconnect.yaml in `c:\\Users\\Usr\\Documents\\MiniAgente\\dataconnect`\n"}}
[debug] [2026-05-11T15:56:35.302Z] E0511 12:56:35.302421   15348 watch.go:116] watchAllDir unable to walk dir `c:\Users\Usr\Documents\MiniAgente\dataconnect`: GetFileAttributesEx c:\Users\Usr\Documents\MiniAgente\dataconnect: The system cannot find the file specified.
E0511 12:56:35.302421   15348 watch.go:40] Failed to load config from "c:\\Users\\Usr\\Documents\\MiniAgente\\dataconnect": could not find dataconnect.yaml in `c:\Users\Usr\Documents\MiniAgente\dataconnect`
 {"metadata":{"emulator":{"name":"dataconnect"},"message":"E0511 12:56:35.302421   15348 watch.go:116] watchAllDir unable to walk dir `c:\\Users\\Usr\\Documents\\MiniAgente\\dataconnect`: GetFileAttributesEx c:\\Users\\Usr\\Documents\\MiniAgente\\dataconnect: The system cannot find the file specified.\nE0511 12:56:35.302421   15348 watch.go:40] Failed to load config from \"c:\\\\Users\\\\Usr\\\\Documents\\\\MiniAgente\\\\dataconnect\": could not find dataconnect.yaml in `c:\\Users\\Usr\\Documents\\MiniAgente\\dataconnect`\n"}}
[debug] [2026-05-11T15:56:45.302Z] E0511 12:56:45.302719   15348 watch.go:40] Failed to load config from "c:\\Users\\Usr\\Documents\\MiniAgente\\dataconnect": could not find dataconnect.yaml in `c:\Users\Usr\Documents\MiniAgente\dataconnect`
 {"metadata":{"emulator":{"name":"dataconnect"},"message":"E0511 12:56:45.302719   15348 watch.go:40] Failed to load config from \"c:\\\\Users\\\\Usr\\\\Documents\\\\MiniAgente\\\\dataconnect\": could not find dataconnect.yaml in `c:\\Users\\Usr\\Documents\\MiniAgente\\dataconnect`\n"}}
[debug] [2026-05-11T15:56:55.302Z] E0511 12:56:55.303316   15348 watch.go:40] Failed to load config from "c:\\Users\\Usr\\Documents\\MiniAgente\\dataconnect": could not find dataconnect.yaml in `c:\Users\Usr\Documents\MiniAgente\dataconnect`
 {"metadata":{"emulator":{"name":"dataconnect"},"message":"E0511 12:56:55.303316   15348 watch.go:40] Failed to load config from \"c:\\\\Users\\\\Usr\\\\Documents\\\\MiniAgente\\\\dataconnect\": could not find dataconnect.yaml in `c:\\Users\\Usr\\Documents\\MiniAgente\\dataconnect`\n"}}
[debug] [2026-05-11T15:57:05.302Z] E0511 12:57:05.303806   15348 watch.go:40] Failed to load config from "c:\\Users\\Usr\\Documents\\MiniAgente\\dataconnect": could not find dataconnect.yaml in `c:\Users\Usr\Documents\MiniAgente\dataconnect`
 {"metadata":{"emulator":{"name":"dataconnect"},"message":"E0511 12:57:05.303806   15348 watch.go:40] Failed to load config from \"c:\\\\Users\\\\Usr\\\\Documents\\\\MiniAgente\\\\dataconnect\": could not find dataconnect.yaml in `c:\\Users\\Usr\\Documents\\MiniAgente\\dataconnect`\n"}}
[debug] [2026-05-11T15:57:15.302Z] E0511 12:57:15.304034   15348 watch.go:40] Failed to load config from "c:\\Users\\Usr\\Documents\\MiniAgente\\dataconnect": could not find dataconnect.yaml in `c:\Users\Usr\Documents\MiniAgente\dataconnect`
 {"metadata":{"emulator":{"name":"dataconnect"},"message":"E0511 12:57:15.304034   15348 watch.go:40] Failed to load config from \"c:\\\\Users\\\\Usr\\\\Documents\\\\MiniAgente\\\\dataconnect\": could not find dataconnect.yaml in `c:\\Users\\Usr\\Documents\\MiniAgente\\dataconnect`\n"}}
[debug] [2026-05-11T15:57:25.302Z] E0511 12:57:25.304267   15348 watch.go:40] Failed to load config from "c:\\Users\\Usr\\Documents\\MiniAgente\\dataconnect": could not find dataconnect.yaml in `c:\Users\Usr\Documents\MiniAgente\dataconnect`
 {"metadata":{"emulator":{"name":"dataconnect"},"message":"E0511 12:57:25.304267   15348 watch.go:40] Failed to load config from \"c:\\\\Users\\\\Usr\\\\Documents\\\\MiniAgente\\\\dataconnect\": could not find dataconnect.yaml in `c:\\Users\\Usr\\Documents\\MiniAgente\\dataconnect`\n"}}
[debug] [2026-05-11T15:57:35.304Z] E0511 12:57:35.304785   15348 watch.go:116] watchAllDir unable to walk dir `c:\Users\Usr\Documents\MiniAgente\dataconnect`: GetFileAttributesEx c:\Users\Usr\Documents\MiniAgente\dataconnect: The system cannot find the file specified.
 {"metadata":{"emulator":{"name":"dataconnect"},"message":"E0511 12:57:35.304785   15348 watch.go:116] watchAllDir unable to walk dir `c:\\Users\\Usr\\Documents\\MiniAgente\\dataconnect`: GetFileAttributesEx c:\\Users\\Usr\\Documents\\MiniAgente\\dataconnect: The system cannot find the file specified.\n"}}
[debug] [2026-05-11T15:57:35.305Z] E0511 12:57:35.304785   15348 watch.go:40] Failed to load config from "c:\\Users\\Usr\\Documents\\MiniAgente\\dataconnect": could not find dataconnect.yaml in `c:\Users\Usr\Documents\MiniAgente\dataconnect`
 {"metadata":{"emulator":{"name":"dataconnect"},"message":"E0511 12:57:35.304785   15348 watch.go:40] Failed to load config from \"c:\\\\Users\\\\Usr\\\\Documents\\\\MiniAgente\\\\dataconnect\": could not find dataconnect.yaml in `c:\\Users\\Usr\\Documents\\MiniAgente\\dataconnect`\n"}}
[debug] [2026-05-11T15:57:45.305Z] E0511 12:57:45.305436   15348 watch.go:40] Failed to load config from "c:\\Users\\Usr\\Documents\\MiniAgente\\dataconnect": could not find dataconnect.yaml in `c:\Users\Usr\Documents\MiniAgente\dataconnect`
 {"metadata":{"emulator":{"name":"dataconnect"},"message":"E0511 12:57:45.305436   15348 watch.go:40] Failed to load config from \"c:\\\\Users\\\\Usr\\\\Documents\\\\MiniAgente\\\\dataconnect\": could not find dataconnect.yaml in `c:\\Users\\Usr\\Documents\\MiniAgente\\dataconnect`\n"}}
[debug] [2026-05-11T15:57:55.304Z] E0511 12:57:55.305623   15348 watch.go:40] Failed to load config from "c:\\Users\\Usr\\Documents\\MiniAgente\\dataconnect": could not find dataconnect.yaml in `c:\Users\Usr\Documents\MiniAgente\dataconnect`
 {"metadata":{"emulator":{"name":"dataconnect"},"message":"E0511 12:57:55.305623   15348 watch.go:40] Failed to load config from \"c:\\\\Users\\\\Usr\\\\Documents\\\\MiniAgente\\\\dataconnect\": could not find dataconnect.yaml in `c:\\Users\\Usr\\Documents\\MiniAgente\\dataconnect`\n"}}
[debug] [2026-05-11T15:58:05.305Z] E0511 12:58:05.306167   15348 watch.go:40] Failed to load config from "c:\\Users\\Usr\\Documents\\MiniAgente\\dataconnect": could not find dataconnect.yaml in `c:\Users\Usr\Documents\MiniAgente\dataconnect`
 {"metadata":{"emulator":{"name":"dataconnect"},"message":"E0511 12:58:05.306167   15348 watch.go:40] Failed to load config from \"c:\\\\Users\\\\Usr\\\\Documents\\\\MiniAgente\\\\dataconnect\": could not find dataconnect.yaml in `c:\\Users\\Usr\\Documents\\MiniAgente\\dataconnect`\n"}}
[debug] [2026-05-11T15:58:15.304Z] E0511 12:58:15.306241   15348 watch.go:40] Failed to load config from "c:\\Users\\Usr\\Documents\\MiniAgente\\dataconnect": could not find dataconnect.yaml in `c:\Users\Usr\Documents\MiniAgente\dataconnect`
 {"metadata":{"emulator":{"name":"dataconnect"},"message":"E0511 12:58:15.306241   15348 watch.go:40] Failed to load config from \"c:\\\\Users\\\\Usr\\\\Documents\\\\MiniAgente\\\\dataconnect\": could not find dataconnect.yaml in `c:\\Users\\Usr\\Documents\\MiniAgente\\dataconnect`\n"}}
[debug] [2026-05-11T15:58:25.304Z] E0511 12:58:25.306634   15348 watch.go:40] Failed to load config from "c:\\Users\\Usr\\Documents\\MiniAgente\\dataconnect": could not find dataconnect.yaml in `c:\Users\Usr\Documents\MiniAgente\dataconnect`
 {"metadata":{"emulator":{"name":"dataconnect"},"message":"E0511 12:58:25.306634   15348 watch.go:40] Failed to load config from \"c:\\\\Users\\\\Usr\\\\Documents\\\\MiniAgente\\\\dataconnect\": could not find dataconnect.yaml in `c:\\Users\\Usr\\Documents\\MiniAgente\\dataconnect`\n"}}
[debug] [2026-05-11T15:58:35.313Z] E0511 12:58:35.307158   15348 watch.go:116] watchAllDir unable to walk dir `c:\Users\Usr\Documents\MiniAgente\dataconnect`: GetFileAttributesEx c:\Users\Usr\Documents\MiniAgente\dataconnect: The system cannot find the file specified.
E0511 12:58:35.307158   15348 watch.go:40] Failed to load config from "c:\\Users\\Usr\\Documents\\MiniAgente\\dataconnect": could not find dataconnect.yaml in `c:\Users\Usr\Documents\MiniAgente\dataconnect`
 {"metadata":{"emulator":{"name":"dataconnect"},"message":"E0511 12:58:35.307158   15348 watch.go:116] watchAllDir unable to walk dir `c:\\Users\\Usr\\Documents\\MiniAgente\\dataconnect`: GetFileAttributesEx c:\\Users\\Usr\\Documents\\MiniAgente\\dataconnect: The system cannot find the file specified.\nE0511 12:58:35.307158   15348 watch.go:40] Failed to load config from \"c:\\\\Users\\\\Usr\\\\Documents\\\\MiniAgente\\\\dataconnect\": could not find dataconnect.yaml in `c:\\Users\\Usr\\Documents\\MiniAgente\\dataconnect`\n"}}
[debug] [2026-05-11T15:58:45.307Z] E0511 12:58:45.307575   15348 watch.go:40] Failed to load config from "c:\\Users\\Usr\\Documents\\MiniAgente\\dataconnect": could not find dataconnect.yaml in `c:\Users\Usr\Documents\MiniAgente\dataconnect`
 {"metadata":{"emulator":{"name":"dataconnect"},"message":"E0511 12:58:45.307575   15348 watch.go:40] Failed to load config from \"c:\\\\Users\\\\Usr\\\\Documents\\\\MiniAgente\\\\dataconnect\": could not find dataconnect.yaml in `c:\\Users\\Usr\\Documents\\MiniAgente\\dataconnect`\n"}}
[debug] [2026-05-11T15:58:55.307Z] E0511 12:58:55.307913   15348 watch.go:40] Failed to load config from "c:\\Users\\Usr\\Documents\\MiniAgente\\dataconnect": could not find dataconnect.yaml in `c:\Users\Usr\Documents\MiniAgente\dataconnect`
 {"metadata":{"emulator":{"name":"dataconnect"},"message":"E0511 12:58:55.307913   15348 watch.go:40] Failed to load config from \"c:\\\\Users\\\\Usr\\\\Documents\\\\MiniAgente\\\\dataconnect\": could not find dataconnect.yaml in `c:\\Users\\Usr\\Documents\\MiniAgente\\dataconnect`\n"}}
[debug] [2026-05-11T15:59:05.307Z] E0511 12:59:05.308648   15348 watch.go:40] Failed to load config from "c:\\Users\\Usr\\Documents\\MiniAgente\\dataconnect": could not find dataconnect.yaml in `c:\Users\Usr\Documents\MiniAgente\dataconnect`
 {"metadata":{"emulator":{"name":"dataconnect"},"message":"E0511 12:59:05.308648   15348 watch.go:40] Failed to load config from \"c:\\\\Users\\\\Usr\\\\Documents\\\\MiniAgente\\\\dataconnect\": could not find dataconnect.yaml in `c:\\Users\\Usr\\Documents\\MiniAgente\\dataconnect`\n"}}
[debug] [2026-05-11T15:59:15.307Z] E0511 12:59:15.308906   15348 watch.go:40] Failed to load config from "c:\\Users\\Usr\\Documents\\MiniAgente\\dataconnect": could not find dataconnect.yaml in `c:\Users\Usr\Documents\MiniAgente\dataconnect`
 {"metadata":{"emulator":{"name":"dataconnect"},"message":"E0511 12:59:15.308906   15348 watch.go:40] Failed to load config from \"c:\\\\Users\\\\Usr\\\\Documents\\\\MiniAgente\\\\dataconnect\": could not find dataconnect.yaml in `c:\\Users\\Usr\\Documents\\MiniAgente\\dataconnect`\n"}}
[debug] [2026-05-11T15:59:25.307Z] E0511 12:59:25.308898   15348 watch.go:40] Failed to load config from "c:\\Users\\Usr\\Documents\\MiniAgente\\dataconnect": could not find dataconnect.yaml in `c:\Users\Usr\Documents\MiniAgente\dataconnect`
 {"metadata":{"emulator":{"name":"dataconnect"},"message":"E0511 12:59:25.308898   15348 watch.go:40] Failed to load config from \"c:\\\\Users\\\\Usr\\\\Documents\\\\MiniAgente\\\\dataconnect\": could not find dataconnect.yaml in `c:\\Users\\Usr\\Documents\\MiniAgente\\dataconnect`\n"}}
[debug] [2026-05-11T15:59:35.307Z] E0511 12:59:35.309104   15348 watch.go:116] watchAllDir unable to walk dir `c:\Users\Usr\Documents\MiniAgente\dataconnect`: GetFileAttributesEx c:\Users\Usr\Documents\MiniAgente\dataconnect: The system cannot find the file specified.
 {"metadata":{"emulator":{"name":"dataconnect"},"message":"E0511 12:59:35.309104   15348 watch.go:116] watchAllDir unable to walk dir `c:\\Users\\Usr\\Documents\\MiniAgente\\dataconnect`: GetFileAttributesEx c:\\Users\\Usr\\Documents\\MiniAgente\\dataconnect: The system cannot find the file specified.\n"}}
[debug] [2026-05-11T15:59:35.307Z] E0511 12:59:35.309104   15348 watch.go:40] Failed to load config from "c:\\Users\\Usr\\Documents\\MiniAgente\\dataconnect": could not find dataconnect.yaml in `c:\Users\Usr\Documents\MiniAgente\dataconnect`
 {"metadata":{"emulator":{"name":"dataconnect"},"message":"E0511 12:59:35.309104   15348 watch.go:40] Failed to load config from \"c:\\\\Users\\\\Usr\\\\Documents\\\\MiniAgente\\\\dataconnect\": could not find dataconnect.yaml in `c:\\Users\\Usr\\Documents\\MiniAgente\\dataconnect`\n"}}
[debug] [2026-05-11T15:59:45.309Z] E0511 12:59:45.309350   15348 watch.go:40] Failed to load config from "c:\\Users\\Usr\\Documents\\MiniAgente\\dataconnect": could not find dataconnect.yaml in `c:\Users\Usr\Documents\MiniAgente\dataconnect`
 {"metadata":{"emulator":{"name":"dataconnect"},"message":"E0511 12:59:45.309350   15348 watch.go:40] Failed to load config from \"c:\\\\Users\\\\Usr\\\\Documents\\\\MiniAgente\\\\dataconnect\": could not find dataconnect.yaml in `c:\\Users\\Usr\\Documents\\MiniAgente\\dataconnect`\n"}}
[debug] [2026-05-11T15:59:55.309Z] E0511 12:59:55.309922   15348 watch.go:40] Failed to load config from "c:\\Users\\Usr\\Documents\\MiniAgente\\dataconnect": could not find dataconnect.yaml in `c:\Users\Usr\Documents\MiniAgente\dataconnect`
 {"metadata":{"emulator":{"name":"dataconnect"},"message":"E0511 12:59:55.309922   15348 watch.go:40] Failed to load config from \"c:\\\\Users\\\\Usr\\\\Documents\\\\MiniAgente\\\\dataconnect\": could not find dataconnect.yaml in `c:\\Users\\Usr\\Documents\\MiniAgente\\dataconnect`\n"}}
[debug] [2026-05-11T16:00:05.309Z] E0511 13:00:05.310332   15348 watch.go:40] Failed to load config from "c:\\Users\\Usr\\Documents\\MiniAgente\\dataconnect": could not find dataconnect.yaml in `c:\Users\Usr\Documents\MiniAgente\dataconnect`
 {"metadata":{"emulator":{"name":"dataconnect"},"message":"E0511 13:00:05.310332   15348 watch.go:40] Failed to load config from \"c:\\\\Users\\\\Usr\\\\Documents\\\\MiniAgente\\\\dataconnect\": could not find dataconnect.yaml in `c:\\Users\\Usr\\Documents\\MiniAgente\\dataconnect`\n"}}
[debug] [2026-05-11T16:00:15.309Z] E0511 13:00:15.310652   15348 watch.go:40] Failed to load config from "c:\\Users\\Usr\\Documents\\MiniAgente\\dataconnect": could not find dataconnect.yaml in `c:\Users\Usr\Documents\MiniAgente\dataconnect`
 {"metadata":{"emulator":{"name":"dataconnect"},"message":"E0511 13:00:15.310652   15348 watch.go:40] Failed to load config from \"c:\\\\Users\\\\Usr\\\\Documents\\\\MiniAgente\\\\dataconnect\": could not find dataconnect.yaml in `c:\\Users\\Usr\\Documents\\MiniAgente\\dataconnect`\n"}}
[debug] [2026-05-11T16:00:25.309Z] E0511 13:00:25.310589   15348 watch.go:40] Failed to load config from "c:\\Users\\Usr\\Documents\\MiniAgente\\dataconnect": could not find dataconnect.yaml in `c:\Users\Usr\Documents\MiniAgente\dataconnect`
 {"metadata":{"emulator":{"name":"dataconnect"},"message":"E0511 13:00:25.310589   15348 watch.go:40] Failed to load config from \"c:\\\\Users\\\\Usr\\\\Documents\\\\MiniAgente\\\\dataconnect\": could not find dataconnect.yaml in `c:\\Users\\Usr\\Documents\\MiniAgente\\dataconnect`\n"}}
[debug] [2026-05-11T16:00:35.317Z] E0511 13:00:35.311272   15348 watch.go:116] watchAllDir unable to walk dir `c:\Users\Usr\Documents\MiniAgente\dataconnect`: GetFileAttributesEx c:\Users\Usr\Documents\MiniAgente\dataconnect: The system cannot find the file specified.
E0511 13:00:35.311272   15348 watch.go:40] Failed to load config from "c:\\Users\\Usr\\Documents\\MiniAgente\\dataconnect": could not find dataconnect.yaml in `c:\Users\Usr\Documents\MiniAgente\dataconnect`
 {"metadata":{"emulator":{"name":"dataconnect"},"message":"E0511 13:00:35.311272   15348 watch.go:116] watchAllDir unable to walk dir `c:\\Users\\Usr\\Documents\\MiniAgente\\dataconnect`: GetFileAttributesEx c:\\Users\\Usr\\Documents\\MiniAgente\\dataconnect: The system cannot find the file specified.\nE0511 13:00:35.311272   15348 watch.go:40] Failed to load config from \"c:\\\\Users\\\\Usr\\\\Documents\\\\MiniAgente\\\\dataconnect\": could not find dataconnect.yaml in `c:\\Users\\Usr\\Documents\\MiniAgente\\dataconnect`\n"}}
[debug] [2026-05-11T16:00:45.311Z] E0511 13:00:45.311732   15348 watch.go:40] Failed to load config from "c:\\Users\\Usr\\Documents\\MiniAgente\\dataconnect": could not find dataconnect.yaml in `c:\Users\Usr\Documents\MiniAgente\dataconnect`
 {"metadata":{"emulator":{"name":"dataconnect"},"message":"E0511 13:00:45.311732   15348 watch.go:40] Failed to load config from \"c:\\\\Users\\\\Usr\\\\Documents\\\\MiniAgente\\\\dataconnect\": could not find dataconnect.yaml in `c:\\Users\\Usr\\Documents\\MiniAgente\\dataconnect`\n"}}
[debug] [2026-05-11T16:00:55.311Z] E0511 13:00:55.312256   15348 watch.go:40] Failed to load config from "c:\\Users\\Usr\\Documents\\MiniAgente\\dataconnect": could not find dataconnect.yaml in `c:\Users\Usr\Documents\MiniAgente\dataconnect`
 {"metadata":{"emulator":{"name":"dataconnect"},"message":"E0511 13:00:55.312256   15348 watch.go:40] Failed to load config from \"c:\\\\Users\\\\Usr\\\\Documents\\\\MiniAgente\\\\dataconnect\": could not find dataconnect.yaml in `c:\\Users\\Usr\\Documents\\MiniAgente\\dataconnect`\n"}}
[debug] [2026-05-11T16:01:05.311Z] E0511 13:01:05.312145   15348 watch.go:40] Failed to load config from "c:\\Users\\Usr\\Documents\\MiniAgente\\dataconnect": could not find dataconnect.yaml in `c:\Users\Usr\Documents\MiniAgente\dataconnect`
 {"metadata":{"emulator":{"name":"dataconnect"},"message":"E0511 13:01:05.312145   15348 watch.go:40] Failed to load config from \"c:\\\\Users\\\\Usr\\\\Documents\\\\MiniAgente\\\\dataconnect\": could not find dataconnect.yaml in `c:\\Users\\Usr\\Documents\\MiniAgente\\dataconnect`\n"}}
[debug] [2026-05-11T16:01:15.311Z] E0511 13:01:15.311962   15348 watch.go:40] Failed to load config from "c:\\Users\\Usr\\Documents\\MiniAgente\\dataconnect": could not find dataconnect.yaml in `c:\Users\Usr\Documents\MiniAgente\dataconnect`
 {"metadata":{"emulator":{"name":"dataconnect"},"message":"E0511 13:01:15.311962   15348 watch.go:40] Failed to load config from \"c:\\\\Users\\\\Usr\\\\Documents\\\\MiniAgente\\\\dataconnect\": could not find dataconnect.yaml in `c:\\Users\\Usr\\Documents\\MiniAgente\\dataconnect`\n"}}
[debug] [2026-05-11T16:01:25.311Z] E0511 13:01:25.312741   15348 watch.go:40] Failed to load config from "c:\\Users\\Usr\\Documents\\MiniAgente\\dataconnect": could not find dataconnect.yaml in `c:\Users\Usr\Documents\MiniAgente\dataconnect`
 {"metadata":{"emulator":{"name":"dataconnect"},"message":"E0511 13:01:25.312741   15348 watch.go:40] Failed to load config from \"c:\\\\Users\\\\Usr\\\\Documents\\\\MiniAgente\\\\dataconnect\": could not find dataconnect.yaml in `c:\\Users\\Usr\\Documents\\MiniAgente\\dataconnect`\n"}}
[debug] [2026-05-11T16:01:35.311Z] E0511 13:01:35.312794   15348 watch.go:116] watchAllDir unable to walk dir `c:\Users\Usr\Documents\MiniAgente\dataconnect`: GetFileAttributesEx c:\Users\Usr\Documents\MiniAgente\dataconnect: The system cannot find the file specified.
 {"metadata":{"emulator":{"name":"dataconnect"},"message":"E0511 13:01:35.312794   15348 watch.go:116] watchAllDir unable to walk dir `c:\\Users\\Usr\\Documents\\MiniAgente\\dataconnect`: GetFileAttributesEx c:\\Users\\Usr\\Documents\\MiniAgente\\dataconnect: The system cannot find the file specified.\n"}}
[debug] [2026-05-11T16:01:35.311Z] E0511 13:01:35.312794   15348 watch.go:40] Failed to load config from "c:\\Users\\Usr\\Documents\\MiniAgente\\dataconnect": could not find dataconnect.yaml in `c:\Users\Usr\Documents\MiniAgente\dataconnect`
 {"metadata":{"emulator":{"name":"dataconnect"},"message":"E0511 13:01:35.312794   15348 watch.go:40] Failed to load config from \"c:\\\\Users\\\\Usr\\\\Documents\\\\MiniAgente\\\\dataconnect\": could not find dataconnect.yaml in `c:\\Users\\Usr\\Documents\\MiniAgente\\dataconnect`\n"}}
[debug] [2026-05-11T16:01:45.312Z] E0511 13:01:45.313246   15348 watch.go:40] Failed to load config from "c:\\Users\\Usr\\Documents\\MiniAgente\\dataconnect": could not find dataconnect.yaml in `c:\Users\Usr\Documents\MiniAgente\dataconnect`
 {"metadata":{"emulator":{"name":"dataconnect"},"message":"E0511 13:01:45.313246   15348 watch.go:40] Failed to load config from \"c:\\\\Users\\\\Usr\\\\Documents\\\\MiniAgente\\\\dataconnect\": could not find dataconnect.yaml in `c:\\Users\\Usr\\Documents\\MiniAgente\\dataconnect`\n"}}
[debug] [2026-05-11T16:01:55.312Z] E0511 13:01:55.313236   15348 watch.go:40] Failed to load config from "c:\\Users\\Usr\\Documents\\MiniAgente\\dataconnect": could not find dataconnect.yaml in `c:\Users\Usr\Documents\MiniAgente\dataconnect`
 {"metadata":{"emulator":{"name":"dataconnect"},"message":"E0511 13:01:55.313236   15348 watch.go:40] Failed to load config from \"c:\\\\Users\\\\Usr\\\\Documents\\\\MiniAgente\\\\dataconnect\": could not find dataconnect.yaml in `c:\\Users\\Usr\\Documents\\MiniAgente\\dataconnect`\n"}}
[debug] [2026-05-11T16:02:05.312Z] E0511 13:02:05.313792   15348 watch.go:40] Failed to load config from "c:\\Users\\Usr\\Documents\\MiniAgente\\dataconnect": could not find dataconnect.yaml in `c:\Users\Usr\Documents\MiniAgente\dataconnect`
 {"metadata":{"emulator":{"name":"dataconnect"},"message":"E0511 13:02:05.313792   15348 watch.go:40] Failed to load config from \"c:\\\\Users\\\\Usr\\\\Documents\\\\MiniAgente\\\\dataconnect\": could not find dataconnect.yaml in `c:\\Users\\Usr\\Documents\\MiniAgente\\dataconnect`\n"}}
[debug] [2026-05-11T16:02:15.312Z] E0511 13:02:15.314120   15348 watch.go:40] Failed to load config from "c:\\Users\\Usr\\Documents\\MiniAgente\\dataconnect": could not find dataconnect.yaml in `c:\Users\Usr\Documents\MiniAgente\dataconnect`
 {"metadata":{"emulator":{"name":"dataconnect"},"message":"E0511 13:02:15.314120   15348 watch.go:40] Failed to load config from \"c:\\\\Users\\\\Usr\\\\Documents\\\\MiniAgente\\\\dataconnect\": could not find dataconnect.yaml in `c:\\Users\\Usr\\Documents\\MiniAgente\\dataconnect`\n"}}
[debug] [2026-05-11T16:02:25.312Z] E0511 13:02:25.314335   15348 watch.go:40] Failed to load config from "c:\\Users\\Usr\\Documents\\MiniAgente\\dataconnect": could not find dataconnect.yaml in `c:\Users\Usr\Documents\MiniAgente\dataconnect`
 {"metadata":{"emulator":{"name":"dataconnect"},"message":"E0511 13:02:25.314335   15348 watch.go:40] Failed to load config from \"c:\\\\Users\\\\Usr\\\\Documents\\\\MiniAgente\\\\dataconnect\": could not find dataconnect.yaml in `c:\\Users\\Usr\\Documents\\MiniAgente\\dataconnect`\n"}}
[debug] [2026-05-11T16:02:35.312Z] E0511 13:02:35.314470   15348 watch.go:116] watchAllDir unable to walk dir `c:\Users\Usr\Documents\MiniAgente\dataconnect`: GetFileAttributesEx c:\Users\Usr\Documents\MiniAgente\dataconnect: The system cannot find the file specified.
E0511 13:02:35.314470   15348 watch.go:40] Failed to load config from "c:\\Users\\Usr\\Documents\\MiniAgente\\dataconnect": could not find dataconnect.yaml in `c:\Users\Usr\Documents\MiniAgente\dataconnect`
 {"metadata":{"emulator":{"name":"dataconnect"},"message":"E0511 13:02:35.314470   15348 watch.go:116] watchAllDir unable to walk dir `c:\\Users\\Usr\\Documents\\MiniAgente\\dataconnect`: GetFileAttributesEx c:\\Users\\Usr\\Documents\\MiniAgente\\dataconnect: The system cannot find the file specified.\nE0511 13:02:35.314470   15348 watch.go:40] Failed to load config from \"c:\\\\Users\\\\Usr\\\\Documents\\\\MiniAgente\\\\dataconnect\": could not find dataconnect.yaml in `c:\\Users\\Usr\\Documents\\MiniAgente\\dataconnect`\n"}}
[debug] [2026-05-11T16:02:45.314Z] E0511 13:02:45.314881   15348 watch.go:40] Failed to load config from "c:\\Users\\Usr\\Documents\\MiniAgente\\dataconnect": could not find dataconnect.yaml in `c:\Users\Usr\Documents\MiniAgente\dataconnect`
 {"metadata":{"emulator":{"name":"dataconnect"},"message":"E0511 13:02:45.314881   15348 watch.go:40] Failed to load config from \"c:\\\\Users\\\\Usr\\\\Documents\\\\MiniAgente\\\\dataconnect\": could not find dataconnect.yaml in `c:\\Users\\Usr\\Documents\\MiniAgente\\dataconnect`\n"}}
[debug] [2026-05-11T16:02:55.314Z] E0511 13:02:55.315219   15348 watch.go:40] Failed to load config from "c:\\Users\\Usr\\Documents\\MiniAgente\\dataconnect": could not find dataconnect.yaml in `c:\Users\Usr\Documents\MiniAgente\dataconnect`
 {"metadata":{"emulator":{"name":"dataconnect"},"message":"E0511 13:02:55.315219   15348 watch.go:40] Failed to load config from \"c:\\\\Users\\\\Usr\\\\Documents\\\\MiniAgente\\\\dataconnect\": could not find dataconnect.yaml in `c:\\Users\\Usr\\Documents\\MiniAgente\\dataconnect`\n"}}
[debug] [2026-05-11T16:03:05.314Z] E0511 13:03:05.315229   15348 watch.go:40] Failed to load config from "c:\\Users\\Usr\\Documents\\MiniAgente\\dataconnect": could not find dataconnect.yaml in `c:\Users\Usr\Documents\MiniAgente\dataconnect`
 {"metadata":{"emulator":{"name":"dataconnect"},"message":"E0511 13:03:05.315229   15348 watch.go:40] Failed to load config from \"c:\\\\Users\\\\Usr\\\\Documents\\\\MiniAgente\\\\dataconnect\": could not find dataconnect.yaml in `c:\\Users\\Usr\\Documents\\MiniAgente\\dataconnect`\n"}}
[debug] [2026-05-11T16:03:15.314Z] E0511 13:03:15.315911   15348 watch.go:40] Failed to load config from "c:\\Users\\Usr\\Documents\\MiniAgente\\dataconnect": could not find dataconnect.yaml in `c:\Users\Usr\Documents\MiniAgente\dataconnect`
 {"metadata":{"emulator":{"name":"dataconnect"},"message":"E0511 13:03:15.315911   15348 watch.go:40] Failed to load config from \"c:\\\\Users\\\\Usr\\\\Documents\\\\MiniAgente\\\\dataconnect\": could not find dataconnect.yaml in `c:\\Users\\Usr\\Documents\\MiniAgente\\dataconnect`\n"}}
[debug] [2026-05-11T16:03:25.314Z] E0511 13:03:25.315934   15348 watch.go:40] Failed to load config from "c:\\Users\\Usr\\Documents\\MiniAgente\\dataconnect": could not find dataconnect.yaml in `c:\Users\Usr\Documents\MiniAgente\dataconnect`
 {"metadata":{"emulator":{"name":"dataconnect"},"message":"E0511 13:03:25.315934   15348 watch.go:40] Failed to load config from \"c:\\\\Users\\\\Usr\\\\Documents\\\\MiniAgente\\\\dataconnect\": could not find dataconnect.yaml in `c:\\Users\\Usr\\Documents\\MiniAgente\\dataconnect`\n"}}
[debug] [2026-05-11T16:03:35.314Z] E0511 13:03:35.316309   15348 watch.go:116] watchAllDir unable to walk dir `c:\Users\Usr\Documents\MiniAgente\dataconnect`: GetFileAttributesEx c:\Users\Usr\Documents\MiniAgente\dataconnect: The system cannot find the file specified.
 {"metadata":{"emulator":{"name":"dataconnect"},"message":"E0511 13:03:35.316309   15348 watch.go:116] watchAllDir unable to walk dir `c:\\Users\\Usr\\Documents\\MiniAgente\\dataconnect`: GetFileAttributesEx c:\\Users\\Usr\\Documents\\MiniAgente\\dataconnect: The system cannot find the file specified.\n"}}
[debug] [2026-05-11T16:03:35.315Z] E0511 13:03:35.316309   15348 watch.go:40] Failed to load config from "c:\\Users\\Usr\\Documents\\MiniAgente\\dataconnect": could not find dataconnect.yaml in `c:\Users\Usr\Documents\MiniAgente\dataconnect`
 {"metadata":{"emulator":{"name":"dataconnect"},"message":"E0511 13:03:35.316309   15348 watch.go:40] Failed to load config from \"c:\\\\Users\\\\Usr\\\\Documents\\\\MiniAgente\\\\dataconnect\": could not find dataconnect.yaml in `c:\\Users\\Usr\\Documents\\MiniAgente\\dataconnect`\n"}}
[debug] [2026-05-11T16:03:45.316Z] E0511 13:03:45.316702   15348 watch.go:40] Failed to load config from "c:\\Users\\Usr\\Documents\\MiniAgente\\dataconnect": could not find dataconnect.yaml in `c:\Users\Usr\Documents\MiniAgente\dataconnect`
 {"metadata":{"emulator":{"name":"dataconnect"},"message":"E0511 13:03:45.316702   15348 watch.go:40] Failed to load config from \"c:\\\\Users\\\\Usr\\\\Documents\\\\MiniAgente\\\\dataconnect\": could not find dataconnect.yaml in `c:\\Users\\Usr\\Documents\\MiniAgente\\dataconnect`\n"}}
[debug] [2026-05-11T16:03:55.316Z] E0511 13:03:55.316700   15348 watch.go:40] Failed to load config from "c:\\Users\\Usr\\Documents\\MiniAgente\\dataconnect": could not find dataconnect.yaml in `c:\Users\Usr\Documents\MiniAgente\dataconnect`
 {"metadata":{"emulator":{"name":"dataconnect"},"message":"E0511 13:03:55.316700   15348 watch.go:40] Failed to load config from \"c:\\\\Users\\\\Usr\\\\Documents\\\\MiniAgente\\\\dataconnect\": could not find dataconnect.yaml in `c:\\Users\\Usr\\Documents\\MiniAgente\\dataconnect`\n"}}
[debug] [2026-05-11T16:04:05.316Z] E0511 13:04:05.317050   15348 watch.go:40] Failed to load config from "c:\\Users\\Usr\\Documents\\MiniAgente\\dataconnect": could not find dataconnect.yaml in `c:\Users\Usr\Documents\MiniAgente\dataconnect`
 {"metadata":{"emulator":{"name":"dataconnect"},"message":"E0511 13:04:05.317050   15348 watch.go:40] Failed to load config from \"c:\\\\Users\\\\Usr\\\\Documents\\\\MiniAgente\\\\dataconnect\": could not find dataconnect.yaml in `c:\\Users\\Usr\\Documents\\MiniAgente\\dataconnect`\n"}}
[debug] [2026-05-11T16:04:15.316Z] E0511 13:04:15.317342   15348 watch.go:40] Failed to load config from "c:\\Users\\Usr\\Documents\\MiniAgente\\dataconnect": could not find dataconnect.yaml in `c:\Users\Usr\Documents\MiniAgente\dataconnect`
 {"metadata":{"emulator":{"name":"dataconnect"},"message":"E0511 13:04:15.317342   15348 watch.go:40] Failed to load config from \"c:\\\\Users\\\\Usr\\\\Documents\\\\MiniAgente\\\\dataconnect\": could not find dataconnect.yaml in `c:\\Users\\Usr\\Documents\\MiniAgente\\dataconnect`\n"}}
[debug] [2026-05-11T16:04:25.316Z] E0511 13:04:25.317571   15348 watch.go:40] Failed to load config from "c:\\Users\\Usr\\Documents\\MiniAgente\\dataconnect": could not find dataconnect.yaml in `c:\Users\Usr\Documents\MiniAgente\dataconnect`
 {"metadata":{"emulator":{"name":"dataconnect"},"message":"E0511 13:04:25.317571   15348 watch.go:40] Failed to load config from \"c:\\\\Users\\\\Usr\\\\Documents\\\\MiniAgente\\\\dataconnect\": could not find dataconnect.yaml in `c:\\Users\\Usr\\Documents\\MiniAgente\\dataconnect`\n"}}
[debug] [2026-05-11T16:04:35.322Z] E0511 13:04:35.317987   15348 watch.go:40] Failed to load config from "c:\\Users\\Usr\\Documents\\MiniAgente\\dataconnect": could not find dataconnect.yaml in `c:\Users\Usr\Documents\MiniAgente\dataconnect`
 {"metadata":{"emulator":{"name":"dataconnect"},"message":"E0511 13:04:35.317987   15348 watch.go:40] Failed to load config from \"c:\\\\Users\\\\Usr\\\\Documents\\\\MiniAgente\\\\dataconnect\": could not find dataconnect.yaml in `c:\\Users\\Usr\\Documents\\MiniAgente\\dataconnect`\n"}}
[debug] [2026-05-11T16:04:35.328Z] E0511 13:04:35.317987   15348 watch.go:116] watchAllDir unable to walk dir `c:\Users\Usr\Documents\MiniAgente\dataconnect`: GetFileAttributesEx c:\Users\Usr\Documents\MiniAgente\dataconnect: The system cannot find the file specified.
 {"metadata":{"emulator":{"name":"dataconnect"},"message":"E0511 13:04:35.317987   15348 watch.go:116] watchAllDir unable to walk dir `c:\\Users\\Usr\\Documents\\MiniAgente\\dataconnect`: GetFileAttributesEx c:\\Users\\Usr\\Documents\\MiniAgente\\dataconnect: The system cannot find the file specified.\n"}}
[debug] [2026-05-11T16:04:45.318Z] E0511 13:04:45.318594   15348 watch.go:40] Failed to load config from "c:\\Users\\Usr\\Documents\\MiniAgente\\dataconnect": could not find dataconnect.yaml in `c:\Users\Usr\Documents\MiniAgente\dataconnect`
 {"metadata":{"emulator":{"name":"dataconnect"},"message":"E0511 13:04:45.318594   15348 watch.go:40] Failed to load config from \"c:\\\\Users\\\\Usr\\\\Documents\\\\MiniAgente\\\\dataconnect\": could not find dataconnect.yaml in `c:\\Users\\Usr\\Documents\\MiniAgente\\dataconnect`\n"}}
[debug] [2026-05-11T16:04:55.317Z] E0511 13:04:55.318454   15348 watch.go:40] Failed to load config from "c:\\Users\\Usr\\Documents\\MiniAgente\\dataconnect": could not find dataconnect.yaml in `c:\Users\Usr\Documents\MiniAgente\dataconnect`
 {"metadata":{"emulator":{"name":"dataconnect"},"message":"E0511 13:04:55.318454   15348 watch.go:40] Failed to load config from \"c:\\\\Users\\\\Usr\\\\Documents\\\\MiniAgente\\\\dataconnect\": could not find dataconnect.yaml in `c:\\Users\\Usr\\Documents\\MiniAgente\\dataconnect`\n"}}
[debug] [2026-05-11T16:05:05.318Z] E0511 13:05:05.319171   15348 watch.go:40] Failed to load config from "c:\\Users\\Usr\\Documents\\MiniAgente\\dataconnect": could not find dataconnect.yaml in `c:\Users\Usr\Documents\MiniAgente\dataconnect`
 {"metadata":{"emulator":{"name":"dataconnect"},"message":"E0511 13:05:05.319171   15348 watch.go:40] Failed to load config from \"c:\\\\Users\\\\Usr\\\\Documents\\\\MiniAgente\\\\dataconnect\": could not find dataconnect.yaml in `c:\\Users\\Usr\\Documents\\MiniAgente\\dataconnect`\n"}}
[debug] [2026-05-11T16:05:15.317Z] E0511 13:05:15.319020   15348 watch.go:40] Failed to load config from "c:\\Users\\Usr\\Documents\\MiniAgente\\dataconnect": could not find dataconnect.yaml in `c:\Users\Usr\Documents\MiniAgente\dataconnect`
 {"metadata":{"emulator":{"name":"dataconnect"},"message":"E0511 13:05:15.319020   15348 watch.go:40] Failed to load config from \"c:\\\\Users\\\\Usr\\\\Documents\\\\MiniAgente\\\\dataconnect\": could not find dataconnect.yaml in `c:\\Users\\Usr\\Documents\\MiniAgente\\dataconnect`\n"}}
[debug] [2026-05-11T16:05:25.318Z] E0511 13:05:25.319704   15348 watch.go:40] Failed to load config from "c:\\Users\\Usr\\Documents\\MiniAgente\\dataconnect": could not find dataconnect.yaml in `c:\Users\Usr\Documents\MiniAgente\dataconnect`
 {"metadata":{"emulator":{"name":"dataconnect"},"message":"E0511 13:05:25.319704   15348 watch.go:40] Failed to load config from \"c:\\\\Users\\\\Usr\\\\Documents\\\\MiniAgente\\\\dataconnect\": could not find dataconnect.yaml in `c:\\Users\\Usr\\Documents\\MiniAgente\\dataconnect`\n"}}
[debug] [2026-05-11T16:05:35.317Z] E0511 13:05:35.319637   15348 watch.go:116] watchAllDir unable to walk dir `c:\Users\Usr\Documents\MiniAgente\dataconnect`: GetFileAttributesEx c:\Users\Usr\Documents\MiniAgente\dataconnect: The system cannot find the file specified.
E0511 13:05:35.319637   15348 watch.go:40] Failed to load config from "c:\\Users\\Usr\\Documents\\MiniAgente\\dataconnect": could not find dataconnect.yaml in `c:\Users\Usr\Documents\MiniAgente\dataconnect`
 {"metadata":{"emulator":{"name":"dataconnect"},"message":"E0511 13:05:35.319637   15348 watch.go:116] watchAllDir unable to walk dir `c:\\Users\\Usr\\Documents\\MiniAgente\\dataconnect`: GetFileAttributesEx c:\\Users\\Usr\\Documents\\MiniAgente\\dataconnect: The system cannot find the file specified.\nE0511 13:05:35.319637   15348 watch.go:40] Failed to load config from \"c:\\\\Users\\\\Usr\\\\Documents\\\\MiniAgente\\\\dataconnect\": could not find dataconnect.yaml in `c:\\Users\\Usr\\Documents\\MiniAgente\\dataconnect`\n"}}
[debug] [2026-05-11T16:05:45.319Z] E0511 13:05:45.320233   15348 watch.go:40] Failed to load config from "c:\\Users\\Usr\\Documents\\MiniAgente\\dataconnect": could not find dataconnect.yaml in `c:\Users\Usr\Documents\MiniAgente\dataconnect`
 {"metadata":{"emulator":{"name":"dataconnect"},"message":"E0511 13:05:45.320233   15348 watch.go:40] Failed to load config from \"c:\\\\Users\\\\Usr\\\\Documents\\\\MiniAgente\\\\dataconnect\": could not find dataconnect.yaml in `c:\\Users\\Usr\\Documents\\MiniAgente\\dataconnect`\n"}}
[info] [Firebase Plugin] Stopping SQL Connect toolkit
[warn] !  SQL Connect Emulator has exited upon receiving signal: SIGINT 
[debug] [2026-05-12T12:06:00.320Z] [Firebase Plugin] Activating Firebase extension.
[debug] [2026-05-12T12:06:06.640Z] [Firebase Plugin] requireAuthWrapper
[debug] [2026-05-12T12:06:06.642Z] > command requires scopes: ["email","openid","https://www.googleapis.com/auth/cloudplatformprojects.readonly","https://www.googleapis.com/auth/firebase","https://www.googleapis.com/auth/cloud-platform"]
[debug] [2026-05-12T12:06:06.643Z] > authorizing via signed-in user (desarrollo.it@bacarsa.com.ar)
[debug] [2026-05-12T12:06:06.645Z] Checked if tokens are valid: false, expires at: 1778515391571
[debug] [2026-05-12T12:06:06.646Z] Checked if tokens are valid: false, expires at: 1778515391571
[debug] [2026-05-12T12:06:06.646Z] > refreshing access token with scopes: []
[debug] [2026-05-12T12:06:06.647Z] >>> [apiv2][query] POST https://www.googleapis.com/oauth2/v3/token [none]
[debug] [2026-05-12T12:06:06.647Z] >>> [apiv2][body] POST https://www.googleapis.com/oauth2/v3/token [omitted]
[debug] [2026-05-12T12:06:06.657Z] [Firebase Plugin] VSCode notification server listening on port 40001
[info] [Firebase Plugin] Starting SQL Connect toolkit (version 3.4.5) on port 50001
[debug] [2026-05-12T12:06:07.256Z] 'fdc build' failed with error: Unable to build your SQL Connect schema and connectors (exit code 1): E0512 09:06:07.245049   10608 cmd.go:43] Error loading data connect config: could not find dataconnect.yaml in `c:\Users\Usr\Documents\MiniAgente\dataconnect`
 {"metadata":{"emulator":{"name":"dataconnect"},"message":"'fdc build' failed with error: Unable to build your SQL Connect schema and connectors (exit code 1): E0512 09:06:07.245049   10608 cmd.go:43] Error loading data connect config: could not find dataconnect.yaml in `c:\\Users\\Usr\\Documents\\MiniAgente\\dataconnect`\n"}}
[debug] [2026-05-12T12:06:07.257Z] Ignoring unsupported arg: auto_download {"metadata":{"emulator":{"name":"dataconnect"},"message":"Ignoring unsupported arg: auto_download"}}
[debug] [2026-05-12T12:06:07.257Z] Ignoring unsupported arg: port {"metadata":{"emulator":{"name":"dataconnect"},"message":"Ignoring unsupported arg: port"}}
[debug] [2026-05-12T12:06:07.257Z] Starting SQL Connect Emulator with command {"binary":"C:\\Users\\Usr\\.cache\\firebase\\emulators\\dataconnect-emulator-3.4.5.exe","args":["--logtostderr","-v=2","dev","--listen=localhost:50001","--config_dir=c:\\Users\\Usr\\Documents\\MiniAgente\\dataconnect","--enable_output_schema_extensions=true","--enable_output_generated_sdk=true"],"optionalArgs":["listen","config_dir","enable_output_schema_extensions","enable_output_generated_sdk"],"joinArgs":true,"shell":false,"port":9399} {"metadata":{"emulator":{"name":"dataconnect"},"message":"Starting SQL Connect Emulator with command {\"binary\":\"C:\\\\Users\\\\Usr\\\\.cache\\\\firebase\\\\emulators\\\\dataconnect-emulator-3.4.5.exe\",\"args\":[\"--logtostderr\",\"-v=2\",\"dev\",\"--listen=localhost:50001\",\"--config_dir=c:\\\\Users\\\\Usr\\\\Documents\\\\MiniAgente\\\\dataconnect\",\"--enable_output_schema_extensions=true\",\"--enable_output_generated_sdk=true\"],\"optionalArgs\":[\"listen\",\"config_dir\",\"enable_output_schema_extensions\",\"enable_output_generated_sdk\"],\"joinArgs\":true,\"shell\":false,\"port\":9399}"}}
[info] i  dataconnect: SQL Connect Emulator logging to dataconnect-debug.log {"metadata":{"emulator":{"name":"dataconnect"},"message":"SQL Connect Emulator logging to \u001b[1mdataconnect-debug.log\u001b[22m"}}
[debug] [2026-05-12T12:06:07.309Z] E0512 09:06:07.293223   19012 dev.go:83] Failed to load initial config from "c:\\Users\\Usr\\Documents\\MiniAgente\\dataconnect": could not find dataconnect.yaml in `c:\Users\Usr\Documents\MiniAgente\dataconnect`
E0512 09:06:07.296511   19012 watch.go:116] watchAllDir unable to walk dir `c:\Users\Usr\Documents\MiniAgente\dataconnect`: GetFileAttributesEx c:\Users\Usr\Documents\MiniAgente\dataconnect: The system cannot find the file specified.
I0512 09:06:07.303869   19012 dev.go:104] Listening on address (HTTP + gRPC): 127.0.0.1:50001
 {"metadata":{"emulator":{"name":"dataconnect"},"message":"E0512 09:06:07.293223   19012 dev.go:83] Failed to load initial config from \"c:\\\\Users\\\\Usr\\\\Documents\\\\MiniAgente\\\\dataconnect\": could not find dataconnect.yaml in `c:\\Users\\Usr\\Documents\\MiniAgente\\dataconnect`\nE0512 09:06:07.296511   19012 watch.go:116] watchAllDir unable to walk dir `c:\\Users\\Usr\\Documents\\MiniAgente\\dataconnect`: GetFileAttributesEx c:\\Users\\Usr\\Documents\\MiniAgente\\dataconnect: The system cannot find the file specified.\nI0512 09:06:07.303869   19012 dev.go:104] Listening on address (HTTP + gRPC): 127.0.0.1:50001\n"}}
[debug] [2026-05-12T12:06:07.382Z] <<< [apiv2][status] POST https://www.googleapis.com/oauth2/v3/token 200
[debug] [2026-05-12T12:06:07.383Z] <<< [apiv2][body] POST https://www.googleapis.com/oauth2/v3/token [omitted]
[debug] [2026-05-12T12:06:07.391Z] [Firebase Plugin] User found:  desarrollo.it@bacarsa.com.ar
[info] [Firebase Plugin] (Core:Project) New user detected, fetching projects
[debug] [2026-05-12T12:06:07.393Z] Checked if tokens are valid: true, expires at: 1778591166383
[debug] [2026-05-12T12:06:07.394Z] >>> [apiv2][query] GET https://firebase.googleapis.com/v1beta1/projects pageSize=1000
[error] [Firebase Plugin] error:  {}
[debug] [2026-05-12T12:06:08.091Z] <<< [apiv2][status] GET https://firebase.googleapis.com/v1beta1/projects 200
[debug] [2026-05-12T12:06:08.091Z] <<< [apiv2][body] GET https://firebase.googleapis.com/v1beta1/projects [omitted]
[debug] [2026-05-12T12:06:17.296Z] E0512 09:06:17.296640   19012 watch.go:40] Failed to load config from "c:\\Users\\Usr\\Documents\\MiniAgente\\dataconnect": could not find dataconnect.yaml in `c:\Users\Usr\Documents\MiniAgente\dataconnect`
 {"metadata":{"emulator":{"name":"dataconnect"},"message":"E0512 09:06:17.296640   19012 watch.go:40] Failed to load config from \"c:\\\\Users\\\\Usr\\\\Documents\\\\MiniAgente\\\\dataconnect\": could not find dataconnect.yaml in `c:\\Users\\Usr\\Documents\\MiniAgente\\dataconnect`\n"}}
[debug] [2026-05-12T12:06:27.297Z] E0512 09:06:27.296768   19012 watch.go:40] Failed to load config from "c:\\Users\\Usr\\Documents\\MiniAgente\\dataconnect": could not find dataconnect.yaml in `c:\Users\Usr\Documents\MiniAgente\dataconnect`
 {"metadata":{"emulator":{"name":"dataconnect"},"message":"E0512 09:06:27.296768   19012 watch.go:40] Failed to load config from \"c:\\\\Users\\\\Usr\\\\Documents\\\\MiniAgente\\\\dataconnect\": could not find dataconnect.yaml in `c:\\Users\\Usr\\Documents\\MiniAgente\\dataconnect`\n"}}
[debug] [2026-05-12T12:06:37.296Z] E0512 09:06:37.296494   19012 watch.go:40] Failed to load config from "c:\\Users\\Usr\\Documents\\MiniAgente\\dataconnect": could not find dataconnect.yaml in `c:\Users\Usr\Documents\MiniAgente\dataconnect`
 {"metadata":{"emulator":{"name":"dataconnect"},"message":"E0512 09:06:37.296494   19012 watch.go:40] Failed to load config from \"c:\\\\Users\\\\Usr\\\\Documents\\\\MiniAgente\\\\dataconnect\": could not find dataconnect.yaml in `c:\\Users\\Usr\\Documents\\MiniAgente\\dataconnect`\n"}}
[debug] [2026-05-12T12:06:47.296Z] E0512 09:06:47.296256   19012 watch.go:40] Failed to load config from "c:\\Users\\Usr\\Documents\\MiniAgente\\dataconnect": could not find dataconnect.yaml in `c:\Users\Usr\Documents\MiniAgente\dataconnect`
 {"metadata":{"emulator":{"name":"dataconnect"},"message":"E0512 09:06:47.296256   19012 watch.go:40] Failed to load config from \"c:\\\\Users\\\\Usr\\\\Documents\\\\MiniAgente\\\\dataconnect\": could not find dataconnect.yaml in `c:\\Users\\Usr\\Documents\\MiniAgente\\dataconnect`\n"}}
[debug] [2026-05-12T12:06:57.296Z] E0512 09:06:57.296314   19012 watch.go:40] Failed to load config from "c:\\Users\\Usr\\Documents\\MiniAgente\\dataconnect": could not find dataconnect.yaml in `c:\Users\Usr\Documents\MiniAgente\dataconnect`
 {"metadata":{"emulator":{"name":"dataconnect"},"message":"E0512 09:06:57.296314   19012 watch.go:40] Failed to load config from \"c:\\\\Users\\\\Usr\\\\Documents\\\\MiniAgente\\\\dataconnect\": could not find dataconnect.yaml in `c:\\Users\\Usr\\Documents\\MiniAgente\\dataconnect`\n"}}
[debug] [2026-05-12T12:07:07.296Z] E0512 09:07:07.296057   19012 watch.go:116] watchAllDir unable to walk dir `c:\Users\Usr\Documents\MiniAgente\dataconnect`: GetFileAttributesEx c:\Users\Usr\Documents\MiniAgente\dataconnect: The system cannot find the file specified.
 {"metadata":{"emulator":{"name":"dataconnect"},"message":"E0512 09:07:07.296057   19012 watch.go:116] watchAllDir unable to walk dir `c:\\Users\\Usr\\Documents\\MiniAgente\\dataconnect`: GetFileAttributesEx c:\\Users\\Usr\\Documents\\MiniAgente\\dataconnect: The system cannot find the file specified.\n"}}
[debug] [2026-05-12T12:07:07.296Z] E0512 09:07:07.296057   19012 watch.go:40] Failed to load config from "c:\\Users\\Usr\\Documents\\MiniAgente\\dataconnect": could not find dataconnect.yaml in `c:\Users\Usr\Documents\MiniAgente\dataconnect`
 {"metadata":{"emulator":{"name":"dataconnect"},"message":"E0512 09:07:07.296057   19012 watch.go:40] Failed to load config from \"c:\\\\Users\\\\Usr\\\\Documents\\\\MiniAgente\\\\dataconnect\": could not find dataconnect.yaml in `c:\\Users\\Usr\\Documents\\MiniAgente\\dataconnect`\n"}}
[debug] [2026-05-12T12:07:17.296Z] E0512 09:07:17.296233   19012 watch.go:40] Failed to load config from "c:\\Users\\Usr\\Documents\\MiniAgente\\dataconnect": could not find dataconnect.yaml in `c:\Users\Usr\Documents\MiniAgente\dataconnect`
 {"metadata":{"emulator":{"name":"dataconnect"},"message":"E0512 09:07:17.296233   19012 watch.go:40] Failed to load config from \"c:\\\\Users\\\\Usr\\\\Documents\\\\MiniAgente\\\\dataconnect\": could not find dataconnect.yaml in `c:\\Users\\Usr\\Documents\\MiniAgente\\dataconnect`\n"}}
[debug] [2026-05-12T12:07:27.296Z] E0512 09:07:27.295759   19012 watch.go:40] Failed to load config from "c:\\Users\\Usr\\Documents\\MiniAgente\\dataconnect": could not find dataconnect.yaml in `c:\Users\Usr\Documents\MiniAgente\dataconnect`
 {"metadata":{"emulator":{"name":"dataconnect"},"message":"E0512 09:07:27.295759   19012 watch.go:40] Failed to load config from \"c:\\\\Users\\\\Usr\\\\Documents\\\\MiniAgente\\\\dataconnect\": could not find dataconnect.yaml in `c:\\Users\\Usr\\Documents\\MiniAgente\\dataconnect`\n"}}
[debug] [2026-05-12T12:07:37.296Z] E0512 09:07:37.295783   19012 watch.go:40] Failed to load config from "c:\\Users\\Usr\\Documents\\MiniAgente\\dataconnect": could not find dataconnect.yaml in `c:\Users\Usr\Documents\MiniAgente\dataconnect`
 {"metadata":{"emulator":{"name":"dataconnect"},"message":"E0512 09:07:37.295783   19012 watch.go:40] Failed to load config from \"c:\\\\Users\\\\Usr\\\\Documents\\\\MiniAgente\\\\dataconnect\": could not find dataconnect.yaml in `c:\\Users\\Usr\\Documents\\MiniAgente\\dataconnect`\n"}}
[debug] [2026-05-12T12:07:47.296Z] E0512 09:07:47.295985   19012 watch.go:40] Failed to load config from "c:\\Users\\Usr\\Documents\\MiniAgente\\dataconnect": could not find dataconnect.yaml in `c:\Users\Usr\Documents\MiniAgente\dataconnect`
 {"metadata":{"emulator":{"name":"dataconnect"},"message":"E0512 09:07:47.295985   19012 watch.go:40] Failed to load config from \"c:\\\\Users\\\\Usr\\\\Documents\\\\MiniAgente\\\\dataconnect\": could not find dataconnect.yaml in `c:\\Users\\Usr\\Documents\\MiniAgente\\dataconnect`\n"}}
[debug] [2026-05-12T12:07:57.296Z] E0512 09:07:57.295728   19012 watch.go:40] Failed to load config from "c:\\Users\\Usr\\Documents\\MiniAgente\\dataconnect": could not find dataconnect.yaml in `c:\Users\Usr\Documents\MiniAgente\dataconnect`
 {"metadata":{"emulator":{"name":"dataconnect"},"message":"E0512 09:07:57.295728   19012 watch.go:40] Failed to load config from \"c:\\\\Users\\\\Usr\\\\Documents\\\\MiniAgente\\\\dataconnect\": could not find dataconnect.yaml in `c:\\Users\\Usr\\Documents\\MiniAgente\\dataconnect`\n"}}
[debug] [2026-05-12T12:08:07.295Z] E0512 09:08:07.295320   19012 watch.go:116] watchAllDir unable to walk dir `c:\Users\Usr\Documents\MiniAgente\dataconnect`: GetFileAttributesEx c:\Users\Usr\Documents\MiniAgente\dataconnect: The system cannot find the file specified.
E0512 09:08:07.295320   19012 watch.go:40] Failed to load config from "c:\\Users\\Usr\\Documents\\MiniAgente\\dataconnect": could not find dataconnect.yaml in `c:\Users\Usr\Documents\MiniAgente\dataconnect`
 {"metadata":{"emulator":{"name":"dataconnect"},"message":"E0512 09:08:07.295320   19012 watch.go:116] watchAllDir unable to walk dir `c:\\Users\\Usr\\Documents\\MiniAgente\\dataconnect`: GetFileAttributesEx c:\\Users\\Usr\\Documents\\MiniAgente\\dataconnect: The system cannot find the file specified.\nE0512 09:08:07.295320   19012 watch.go:40] Failed to load config from \"c:\\\\Users\\\\Usr\\\\Documents\\\\MiniAgente\\\\dataconnect\": could not find dataconnect.yaml in `c:\\Users\\Usr\\Documents\\MiniAgente\\dataconnect`\n"}}
[debug] [2026-05-12T12:08:17.296Z] E0512 09:08:17.295672   19012 watch.go:40] Failed to load config from "c:\\Users\\Usr\\Documents\\MiniAgente\\dataconnect": could not find dataconnect.yaml in `c:\Users\Usr\Documents\MiniAgente\dataconnect`
 {"metadata":{"emulator":{"name":"dataconnect"},"message":"E0512 09:08:17.295672   19012 watch.go:40] Failed to load config from \"c:\\\\Users\\\\Usr\\\\Documents\\\\MiniAgente\\\\dataconnect\": could not find dataconnect.yaml in `c:\\Users\\Usr\\Documents\\MiniAgente\\dataconnect`\n"}}
[debug] [2026-05-12T12:08:27.296Z] E0512 09:08:27.295605   19012 watch.go:40] Failed to load config from "c:\\Users\\Usr\\Documents\\MiniAgente\\dataconnect": could not find dataconnect.yaml in `c:\Users\Usr\Documents\MiniAgente\dataconnect`
 {"metadata":{"emulator":{"name":"dataconnect"},"message":"E0512 09:08:27.295605   19012 watch.go:40] Failed to load config from \"c:\\\\Users\\\\Usr\\\\Documents\\\\MiniAgente\\\\dataconnect\": could not find dataconnect.yaml in `c:\\Users\\Usr\\Documents\\MiniAgente\\dataconnect`\n"}}
[debug] [2026-05-12T12:08:37.296Z] E0512 09:08:37.295480   19012 watch.go:40] Failed to load config from "c:\\Users\\Usr\\Documents\\MiniAgente\\dataconnect": could not find dataconnect.yaml in `c:\Users\Usr\Documents\MiniAgente\dataconnect`
 {"metadata":{"emulator":{"name":"dataconnect"},"message":"E0512 09:08:37.295480   19012 watch.go:40] Failed to load config from \"c:\\\\Users\\\\Usr\\\\Documents\\\\MiniAgente\\\\dataconnect\": could not find dataconnect.yaml in `c:\\Users\\Usr\\Documents\\MiniAgente\\dataconnect`\n"}}
[debug] [2026-05-12T12:08:47.295Z] E0512 09:08:47.295131   19012 watch.go:40] Failed to load config from "c:\\Users\\Usr\\Documents\\MiniAgente\\dataconnect": could not find dataconnect.yaml in `c:\Users\Usr\Documents\MiniAgente\dataconnect`
 {"metadata":{"emulator":{"name":"dataconnect"},"message":"E0512 09:08:47.295131   19012 watch.go:40] Failed to load config from \"c:\\\\Users\\\\Usr\\\\Documents\\\\MiniAgente\\\\dataconnect\": could not find dataconnect.yaml in `c:\\Users\\Usr\\Documents\\MiniAgente\\dataconnect`\n"}}
[debug] [2026-05-12T12:08:57.295Z] E0512 09:08:57.294990   19012 watch.go:40] Failed to load config from "c:\\Users\\Usr\\Documents\\MiniAgente\\dataconnect": could not find dataconnect.yaml in `c:\Users\Usr\Documents\MiniAgente\dataconnect`
 {"metadata":{"emulator":{"name":"dataconnect"},"message":"E0512 09:08:57.294990   19012 watch.go:40] Failed to load config from \"c:\\\\Users\\\\Usr\\\\Documents\\\\MiniAgente\\\\dataconnect\": could not find dataconnect.yaml in `c:\\Users\\Usr\\Documents\\MiniAgente\\dataconnect`\n"}}
[debug] [2026-05-12T12:09:07.295Z] E0512 09:09:07.295049   19012 watch.go:116] watchAllDir unable to walk dir `c:\Users\Usr\Documents\MiniAgente\dataconnect`: GetFileAttributesEx c:\Users\Usr\Documents\MiniAgente\dataconnect: The system cannot find the file specified.
E0512 09:09:07.295049   19012 watch.go:40] Failed to load config from "c:\\Users\\Usr\\Documents\\MiniAgente\\dataconnect": could not find dataconnect.yaml in `c:\Users\Usr\Documents\MiniAgente\dataconnect`
 {"metadata":{"emulator":{"name":"dataconnect"},"message":"E0512 09:09:07.295049   19012 watch.go:116] watchAllDir unable to walk dir `c:\\Users\\Usr\\Documents\\MiniAgente\\dataconnect`: GetFileAttributesEx c:\\Users\\Usr\\Documents\\MiniAgente\\dataconnect: The system cannot find the file specified.\nE0512 09:09:07.295049   19012 watch.go:40] Failed to load config from \"c:\\\\Users\\\\Usr\\\\Documents\\\\MiniAgente\\\\dataconnect\": could not find dataconnect.yaml in `c:\\Users\\Usr\\Documents\\MiniAgente\\dataconnect`\n"}}
[debug] [2026-05-12T12:09:17.295Z] E0512 09:09:17.294892   19012 watch.go:40] Failed to load config from "c:\\Users\\Usr\\Documents\\MiniAgente\\dataconnect": could not find dataconnect.yaml in `c:\Users\Usr\Documents\MiniAgente\dataconnect`
 {"metadata":{"emulator":{"name":"dataconnect"},"message":"E0512 09:09:17.294892   19012 watch.go:40] Failed to load config from \"c:\\\\Users\\\\Usr\\\\Documents\\\\MiniAgente\\\\dataconnect\": could not find dataconnect.yaml in `c:\\Users\\Usr\\Documents\\MiniAgente\\dataconnect`\n"}}
[debug] [2026-05-12T12:09:27.295Z] E0512 09:09:27.294712   19012 watch.go:40] Failed to load config from "c:\\Users\\Usr\\Documents\\MiniAgente\\dataconnect": could not find dataconnect.yaml in `c:\Users\Usr\Documents\MiniAgente\dataconnect`
 {"metadata":{"emulator":{"name":"dataconnect"},"message":"E0512 09:09:27.294712   19012 watch.go:40] Failed to load config from \"c:\\\\Users\\\\Usr\\\\Documents\\\\MiniAgente\\\\dataconnect\": could not find dataconnect.yaml in `c:\\Users\\Usr\\Documents\\MiniAgente\\dataconnect`\n"}}
[debug] [2026-05-12T12:09:37.295Z] E0512 09:09:37.294840   19012 watch.go:40] Failed to load config from "c:\\Users\\Usr\\Documents\\MiniAgente\\dataconnect": could not find dataconnect.yaml in `c:\Users\Usr\Documents\MiniAgente\dataconnect`
 {"metadata":{"emulator":{"name":"dataconnect"},"message":"E0512 09:09:37.294840   19012 watch.go:40] Failed to load config from \"c:\\\\Users\\\\Usr\\\\Documents\\\\MiniAgente\\\\dataconnect\": could not find dataconnect.yaml in `c:\\Users\\Usr\\Documents\\MiniAgente\\dataconnect`\n"}}
[debug] [2026-05-12T12:09:47.295Z] E0512 09:09:47.294751   19012 watch.go:40] Failed to load config from "c:\\Users\\Usr\\Documents\\MiniAgente\\dataconnect": could not find dataconnect.yaml in `c:\Users\Usr\Documents\MiniAgente\dataconnect`
 {"metadata":{"emulator":{"name":"dataconnect"},"message":"E0512 09:09:47.294751   19012 watch.go:40] Failed to load config from \"c:\\\\Users\\\\Usr\\\\Documents\\\\MiniAgente\\\\dataconnect\": could not find dataconnect.yaml in `c:\\Users\\Usr\\Documents\\MiniAgente\\dataconnect`\n"}}
[debug] [2026-05-12T12:09:57.294Z] E0512 09:09:57.294537   19012 watch.go:40] Failed to load config from "c:\\Users\\Usr\\Documents\\MiniAgente\\dataconnect": could not find dataconnect.yaml in `c:\Users\Usr\Documents\MiniAgente\dataconnect`
 {"metadata":{"emulator":{"name":"dataconnect"},"message":"E0512 09:09:57.294537   19012 watch.go:40] Failed to load config from \"c:\\\\Users\\\\Usr\\\\Documents\\\\MiniAgente\\\\dataconnect\": could not find dataconnect.yaml in `c:\\Users\\Usr\\Documents\\MiniAgente\\dataconnect`\n"}}
[debug] [2026-05-12T12:10:07.294Z] E0512 09:10:07.294252   19012 watch.go:116] watchAllDir unable to walk dir `c:\Users\Usr\Documents\MiniAgente\dataconnect`: GetFileAttributesEx c:\Users\Usr\Documents\MiniAgente\dataconnect: The system cannot find the file specified.
 {"metadata":{"emulator":{"name":"dataconnect"},"message":"E0512 09:10:07.294252   19012 watch.go:116] watchAllDir unable to walk dir `c:\\Users\\Usr\\Documents\\MiniAgente\\dataconnect`: GetFileAttributesEx c:\\Users\\Usr\\Documents\\MiniAgente\\dataconnect: The system cannot find the file specified.\n"}}
[debug] [2026-05-12T12:10:07.295Z] E0512 09:10:07.294252   19012 watch.go:40] Failed to load config from "c:\\Users\\Usr\\Documents\\MiniAgente\\dataconnect": could not find dataconnect.yaml in `c:\Users\Usr\Documents\MiniAgente\dataconnect`
 {"metadata":{"emulator":{"name":"dataconnect"},"message":"E0512 09:10:07.294252   19012 watch.go:40] Failed to load config from \"c:\\\\Users\\\\Usr\\\\Documents\\\\MiniAgente\\\\dataconnect\": could not find dataconnect.yaml in `c:\\Users\\Usr\\Documents\\MiniAgente\\dataconnect`\n"}}
[debug] [2026-05-12T12:10:17.295Z] E0512 09:10:17.294586   19012 watch.go:40] Failed to load config from "c:\\Users\\Usr\\Documents\\MiniAgente\\dataconnect": could not find dataconnect.yaml in `c:\Users\Usr\Documents\MiniAgente\dataconnect`
 {"metadata":{"emulator":{"name":"dataconnect"},"message":"E0512 09:10:17.294586   19012 watch.go:40] Failed to load config from \"c:\\\\Users\\\\Usr\\\\Documents\\\\MiniAgente\\\\dataconnect\": could not find dataconnect.yaml in `c:\\Users\\Usr\\Documents\\MiniAgente\\dataconnect`\n"}}
[debug] [2026-05-12T12:10:27.295Z] E0512 09:10:27.294350   19012 watch.go:40] Failed to load config from "c:\\Users\\Usr\\Documents\\MiniAgente\\dataconnect": could not find dataconnect.yaml in `c:\Users\Usr\Documents\MiniAgente\dataconnect`
 {"metadata":{"emulator":{"name":"dataconnect"},"message":"E0512 09:10:27.294350   19012 watch.go:40] Failed to load config from \"c:\\\\Users\\\\Usr\\\\Documents\\\\MiniAgente\\\\dataconnect\": could not find dataconnect.yaml in `c:\\Users\\Usr\\Documents\\MiniAgente\\dataconnect`\n"}}
[debug] [2026-05-12T12:10:37.294Z] E0512 09:10:37.293990   19012 watch.go:40] Failed to load config from "c:\\Users\\Usr\\Documents\\MiniAgente\\dataconnect": could not find dataconnect.yaml in `c:\Users\Usr\Documents\MiniAgente\dataconnect`
 {"metadata":{"emulator":{"name":"dataconnect"},"message":"E0512 09:10:37.293990   19012 watch.go:40] Failed to load config from \"c:\\\\Users\\\\Usr\\\\Documents\\\\MiniAgente\\\\dataconnect\": could not find dataconnect.yaml in `c:\\Users\\Usr\\Documents\\MiniAgente\\dataconnect`\n"}}
[debug] [2026-05-12T12:10:47.294Z] E0512 09:10:47.293780   19012 watch.go:40] Failed to load config from "c:\\Users\\Usr\\Documents\\MiniAgente\\dataconnect": could not find dataconnect.yaml in `c:\Users\Usr\Documents\MiniAgente\dataconnect`
 {"metadata":{"emulator":{"name":"dataconnect"},"message":"E0512 09:10:47.293780   19012 watch.go:40] Failed to load config from \"c:\\\\Users\\\\Usr\\\\Documents\\\\MiniAgente\\\\dataconnect\": could not find dataconnect.yaml in `c:\\Users\\Usr\\Documents\\MiniAgente\\dataconnect`\n"}}
[debug] [2026-05-12T12:10:57.293Z] E0512 09:10:57.293654   19012 watch.go:40] Failed to load config from "c:\\Users\\Usr\\Documents\\MiniAgente\\dataconnect": could not find dataconnect.yaml in `c:\Users\Usr\Documents\MiniAgente\dataconnect`
 {"metadata":{"emulator":{"name":"dataconnect"},"message":"E0512 09:10:57.293654   19012 watch.go:40] Failed to load config from \"c:\\\\Users\\\\Usr\\\\Documents\\\\MiniAgente\\\\dataconnect\": could not find dataconnect.yaml in `c:\\Users\\Usr\\Documents\\MiniAgente\\dataconnect`\n"}}
[debug] [2026-05-12T12:11:07.293Z] E0512 09:11:07.293521   19012 watch.go:116] watchAllDir unable to walk dir `c:\Users\Usr\Documents\MiniAgente\dataconnect`: GetFileAttributesEx c:\Users\Usr\Documents\MiniAgente\dataconnect: The system cannot find the file specified.
 {"metadata":{"emulator":{"name":"dataconnect"},"message":"E0512 09:11:07.293521   19012 watch.go:116] watchAllDir unable to walk dir `c:\\Users\\Usr\\Documents\\MiniAgente\\dataconnect`: GetFileAttributesEx c:\\Users\\Usr\\Documents\\MiniAgente\\dataconnect: The system cannot find the file specified.\n"}}
[debug] [2026-05-12T12:11:07.293Z] E0512 09:11:07.293521   19012 watch.go:40] Failed to load config from "c:\\Users\\Usr\\Documents\\MiniAgente\\dataconnect": could not find dataconnect.yaml in `c:\Users\Usr\Documents\MiniAgente\dataconnect`
 {"metadata":{"emulator":{"name":"dataconnect"},"message":"E0512 09:11:07.293521   19012 watch.go:40] Failed to load config from \"c:\\\\Users\\\\Usr\\\\Documents\\\\MiniAgente\\\\dataconnect\": could not find dataconnect.yaml in `c:\\Users\\Usr\\Documents\\MiniAgente\\dataconnect`\n"}}
[debug] [2026-05-12T12:11:17.293Z] E0512 09:11:17.293972   19012 watch.go:40] Failed to load config from "c:\\Users\\Usr\\Documents\\MiniAgente\\dataconnect": could not find dataconnect.yaml in `c:\Users\Usr\Documents\MiniAgente\dataconnect`
 {"metadata":{"emulator":{"name":"dataconnect"},"message":"E0512 09:11:17.293972   19012 watch.go:40] Failed to load config from \"c:\\\\Users\\\\Usr\\\\Documents\\\\MiniAgente\\\\dataconnect\": could not find dataconnect.yaml in `c:\\Users\\Usr\\Documents\\MiniAgente\\dataconnect`\n"}}
[debug] [2026-05-12T12:11:27.293Z] E0512 09:11:27.293323   19012 watch.go:40] Failed to load config from "c:\\Users\\Usr\\Documents\\MiniAgente\\dataconnect": could not find dataconnect.yaml in `c:\Users\Usr\Documents\MiniAgente\dataconnect`
 {"metadata":{"emulator":{"name":"dataconnect"},"message":"E0512 09:11:27.293323   19012 watch.go:40] Failed to load config from \"c:\\\\Users\\\\Usr\\\\Documents\\\\MiniAgente\\\\dataconnect\": could not find dataconnect.yaml in `c:\\Users\\Usr\\Documents\\MiniAgente\\dataconnect`\n"}}
[debug] [2026-05-12T12:11:37.293Z] E0512 09:11:37.293457   19012 watch.go:40] Failed to load config from "c:\\Users\\Usr\\Documents\\MiniAgente\\dataconnect": could not find dataconnect.yaml in `c:\Users\Usr\Documents\MiniAgente\dataconnect`
 {"metadata":{"emulator":{"name":"dataconnect"},"message":"E0512 09:11:37.293457   19012 watch.go:40] Failed to load config from \"c:\\\\Users\\\\Usr\\\\Documents\\\\MiniAgente\\\\dataconnect\": could not find dataconnect.yaml in `c:\\Users\\Usr\\Documents\\MiniAgente\\dataconnect`\n"}}
[debug] [2026-05-12T12:11:47.293Z] E0512 09:11:47.293496   19012 watch.go:40] Failed to load config from "c:\\Users\\Usr\\Documents\\MiniAgente\\dataconnect": could not find dataconnect.yaml in `c:\Users\Usr\Documents\MiniAgente\dataconnect`
 {"metadata":{"emulator":{"name":"dataconnect"},"message":"E0512 09:11:47.293496   19012 watch.go:40] Failed to load config from \"c:\\\\Users\\\\Usr\\\\Documents\\\\MiniAgente\\\\dataconnect\": could not find dataconnect.yaml in `c:\\Users\\Usr\\Documents\\MiniAgente\\dataconnect`\n"}}
[debug] [2026-05-12T12:11:57.293Z] E0512 09:11:57.293232   19012 watch.go:40] Failed to load config from "c:\\Users\\Usr\\Documents\\MiniAgente\\dataconnect": could not find dataconnect.yaml in `c:\Users\Usr\Documents\MiniAgente\dataconnect`
 {"metadata":{"emulator":{"name":"dataconnect"},"message":"E0512 09:11:57.293232   19012 watch.go:40] Failed to load config from \"c:\\\\Users\\\\Usr\\\\Documents\\\\MiniAgente\\\\dataconnect\": could not find dataconnect.yaml in `c:\\Users\\Usr\\Documents\\MiniAgente\\dataconnect`\n"}}
[debug] [2026-05-12T12:12:07.293Z] E0512 09:12:07.293223   19012 watch.go:116] watchAllDir unable to walk dir `c:\Users\Usr\Documents\MiniAgente\dataconnect`: GetFileAttributesEx c:\Users\Usr\Documents\MiniAgente\dataconnect: The system cannot find the file specified.
E0512 09:12:07.293223   19012 watch.go:40] Failed to load config from "c:\\Users\\Usr\\Documents\\MiniAgente\\dataconnect": could not find dataconnect.yaml in `c:\Users\Usr\Documents\MiniAgente\dataconnect`
 {"metadata":{"emulator":{"name":"dataconnect"},"message":"E0512 09:12:07.293223   19012 watch.go:116] watchAllDir unable to walk dir `c:\\Users\\Usr\\Documents\\MiniAgente\\dataconnect`: GetFileAttributesEx c:\\Users\\Usr\\Documents\\MiniAgente\\dataconnect: The system cannot find the file specified.\nE0512 09:12:07.293223   19012 watch.go:40] Failed to load config from \"c:\\\\Users\\\\Usr\\\\Documents\\\\MiniAgente\\\\dataconnect\": could not find dataconnect.yaml in `c:\\Users\\Usr\\Documents\\MiniAgente\\dataconnect`\n"}}
[debug] [2026-05-12T12:12:17.293Z] E0512 09:12:17.292840   19012 watch.go:40] Failed to load config from "c:\\Users\\Usr\\Documents\\MiniAgente\\dataconnect": could not find dataconnect.yaml in `c:\Users\Usr\Documents\MiniAgente\dataconnect`
 {"metadata":{"emulator":{"name":"dataconnect"},"message":"E0512 09:12:17.292840   19012 watch.go:40] Failed to load config from \"c:\\\\Users\\\\Usr\\\\Documents\\\\MiniAgente\\\\dataconnect\": could not find dataconnect.yaml in `c:\\Users\\Usr\\Documents\\MiniAgente\\dataconnect`\n"}}
[debug] [2026-05-12T12:12:27.293Z] E0512 09:12:27.292998   19012 watch.go:40] Failed to load config from "c:\\Users\\Usr\\Documents\\MiniAgente\\dataconnect": could not find dataconnect.yaml in `c:\Users\Usr\Documents\MiniAgente\dataconnect`
 {"metadata":{"emulator":{"name":"dataconnect"},"message":"E0512 09:12:27.292998   19012 watch.go:40] Failed to load config from \"c:\\\\Users\\\\Usr\\\\Documents\\\\MiniAgente\\\\dataconnect\": could not find dataconnect.yaml in `c:\\Users\\Usr\\Documents\\MiniAgente\\dataconnect`\n"}}
[debug] [2026-05-12T12:12:37.293Z] E0512 09:12:37.292708   19012 watch.go:40] Failed to load config from "c:\\Users\\Usr\\Documents\\MiniAgente\\dataconnect": could not find dataconnect.yaml in `c:\Users\Usr\Documents\MiniAgente\dataconnect`
 {"metadata":{"emulator":{"name":"dataconnect"},"message":"E0512 09:12:37.292708   19012 watch.go:40] Failed to load config from \"c:\\\\Users\\\\Usr\\\\Documents\\\\MiniAgente\\\\dataconnect\": could not find dataconnect.yaml in `c:\\Users\\Usr\\Documents\\MiniAgente\\dataconnect`\n"}}
[debug] [2026-05-12T12:12:47.293Z] E0512 09:12:47.292736   19012 watch.go:40] Failed to load config from "c:\\Users\\Usr\\Documents\\MiniAgente\\dataconnect": could not find dataconnect.yaml in `c:\Users\Usr\Documents\MiniAgente\dataconnect`
 {"metadata":{"emulator":{"name":"dataconnect"},"message":"E0512 09:12:47.292736   19012 watch.go:40] Failed to load config from \"c:\\\\Users\\\\Usr\\\\Documents\\\\MiniAgente\\\\dataconnect\": could not find dataconnect.yaml in `c:\\Users\\Usr\\Documents\\MiniAgente\\dataconnect`\n"}}
[debug] [2026-05-12T12:12:57.293Z] E0512 09:12:57.292767   19012 watch.go:40] Failed to load config from "c:\\Users\\Usr\\Documents\\MiniAgente\\dataconnect": could not find dataconnect.yaml in `c:\Users\Usr\Documents\MiniAgente\dataconnect`
 {"metadata":{"emulator":{"name":"dataconnect"},"message":"E0512 09:12:57.292767   19012 watch.go:40] Failed to load config from \"c:\\\\Users\\\\Usr\\\\Documents\\\\MiniAgente\\\\dataconnect\": could not find dataconnect.yaml in `c:\\Users\\Usr\\Documents\\MiniAgente\\dataconnect`\n"}}
[debug] [2026-05-12T12:13:07.292Z] E0512 09:13:07.292659   19012 watch.go:116] watchAllDir unable to walk dir `c:\Users\Usr\Documents\MiniAgente\dataconnect`: GetFileAttributesEx c:\Users\Usr\Documents\MiniAgente\dataconnect: The system cannot find the file specified.
 {"metadata":{"emulator":{"name":"dataconnect"},"message":"E0512 09:13:07.292659   19012 watch.go:116] watchAllDir unable to walk dir `c:\\Users\\Usr\\Documents\\MiniAgente\\dataconnect`: GetFileAttributesEx c:\\Users\\Usr\\Documents\\MiniAgente\\dataconnect: The system cannot find the file specified.\n"}}
[debug] [2026-05-12T12:13:07.293Z] E0512 09:13:07.292659   19012 watch.go:40] Failed to load config from "c:\\Users\\Usr\\Documents\\MiniAgente\\dataconnect": could not find dataconnect.yaml in `c:\Users\Usr\Documents\MiniAgente\dataconnect`
 {"metadata":{"emulator":{"name":"dataconnect"},"message":"E0512 09:13:07.292659   19012 watch.go:40] Failed to load config from \"c:\\\\Users\\\\Usr\\\\Documents\\\\MiniAgente\\\\dataconnect\": could not find dataconnect.yaml in `c:\\Users\\Usr\\Documents\\MiniAgente\\dataconnect`\n"}}
[debug] [2026-05-12T12:13:17.293Z] E0512 09:13:17.292583   19012 watch.go:40] Failed to load config from "c:\\Users\\Usr\\Documents\\MiniAgente\\dataconnect": could not find dataconnect.yaml in `c:\Users\Usr\Documents\MiniAgente\dataconnect`
 {"metadata":{"emulator":{"name":"dataconnect"},"message":"E0512 09:13:17.292583   19012 watch.go:40] Failed to load config from \"c:\\\\Users\\\\Usr\\\\Documents\\\\MiniAgente\\\\dataconnect\": could not find dataconnect.yaml in `c:\\Users\\Usr\\Documents\\MiniAgente\\dataconnect`\n"}}
[debug] [2026-05-12T12:13:27.292Z] E0512 09:13:27.292438   19012 watch.go:40] Failed to load config from "c:\\Users\\Usr\\Documents\\MiniAgente\\dataconnect": could not find dataconnect.yaml in `c:\Users\Usr\Documents\MiniAgente\dataconnect`
 {"metadata":{"emulator":{"name":"dataconnect"},"message":"E0512 09:13:27.292438   19012 watch.go:40] Failed to load config from \"c:\\\\Users\\\\Usr\\\\Documents\\\\MiniAgente\\\\dataconnect\": could not find dataconnect.yaml in `c:\\Users\\Usr\\Documents\\MiniAgente\\dataconnect`\n"}}
[debug] [2026-05-12T12:13:37.292Z] E0512 09:13:37.292145   19012 watch.go:40] Failed to load config from "c:\\Users\\Usr\\Documents\\MiniAgente\\dataconnect": could not find dataconnect.yaml in `c:\Users\Usr\Documents\MiniAgente\dataconnect`
 {"metadata":{"emulator":{"name":"dataconnect"},"message":"E0512 09:13:37.292145   19012 watch.go:40] Failed to load config from \"c:\\\\Users\\\\Usr\\\\Documents\\\\MiniAgente\\\\dataconnect\": could not find dataconnect.yaml in `c:\\Users\\Usr\\Documents\\MiniAgente\\dataconnect`\n"}}
[debug] [2026-05-12T12:13:47.293Z] E0512 09:13:47.292491   19012 watch.go:40] Failed to load config from "c:\\Users\\Usr\\Documents\\MiniAgente\\dataconnect": could not find dataconnect.yaml in `c:\Users\Usr\Documents\MiniAgente\dataconnect`
 {"metadata":{"emulator":{"name":"dataconnect"},"message":"E0512 09:13:47.292491   19012 watch.go:40] Failed to load config from \"c:\\\\Users\\\\Usr\\\\Documents\\\\MiniAgente\\\\dataconnect\": could not find dataconnect.yaml in `c:\\Users\\Usr\\Documents\\MiniAgente\\dataconnect`\n"}}
[debug] [2026-05-12T12:13:57.292Z] E0512 09:13:57.292241   19012 watch.go:40] Failed to load config from "c:\\Users\\Usr\\Documents\\MiniAgente\\dataconnect": could not find dataconnect.yaml in `c:\Users\Usr\Documents\MiniAgente\dataconnect`
 {"metadata":{"emulator":{"name":"dataconnect"},"message":"E0512 09:13:57.292241   19012 watch.go:40] Failed to load config from \"c:\\\\Users\\\\Usr\\\\Documents\\\\MiniAgente\\\\dataconnect\": could not find dataconnect.yaml in `c:\\Users\\Usr\\Documents\\MiniAgente\\dataconnect`\n"}}
[debug] [2026-05-12T12:14:07.292Z] E0512 09:14:07.291895   19012 watch.go:116] watchAllDir unable to walk dir `c:\Users\Usr\Documents\MiniAgente\dataconnect`: GetFileAttributesEx c:\Users\Usr\Documents\MiniAgente\dataconnect: The system cannot find the file specified.
 {"metadata":{"emulator":{"name":"dataconnect"},"message":"E0512 09:14:07.291895   19012 watch.go:116] watchAllDir unable to walk dir `c:\\Users\\Usr\\Documents\\MiniAgente\\dataconnect`: GetFileAttributesEx c:\\Users\\Usr\\Documents\\MiniAgente\\dataconnect: The system cannot find the file specified.\n"}}
[debug] [2026-05-12T12:14:07.292Z] E0512 09:14:07.291895   19012 watch.go:40] Failed to load config from "c:\\Users\\Usr\\Documents\\MiniAgente\\dataconnect": could not find dataconnect.yaml in `c:\Users\Usr\Documents\MiniAgente\dataconnect`
 {"metadata":{"emulator":{"name":"dataconnect"},"message":"E0512 09:14:07.291895   19012 watch.go:40] Failed to load config from \"c:\\\\Users\\\\Usr\\\\Documents\\\\MiniAgente\\\\dataconnect\": could not find dataconnect.yaml in `c:\\Users\\Usr\\Documents\\MiniAgente\\dataconnect`\n"}}
[debug] [2026-05-12T12:14:17.292Z] E0512 09:14:17.292228   19012 watch.go:40] Failed to load config from "c:\\Users\\Usr\\Documents\\MiniAgente\\dataconnect": could not find dataconnect.yaml in `c:\Users\Usr\Documents\MiniAgente\dataconnect`
 {"metadata":{"emulator":{"name":"dataconnect"},"message":"E0512 09:14:17.292228   19012 watch.go:40] Failed to load config from \"c:\\\\Users\\\\Usr\\\\Documents\\\\MiniAgente\\\\dataconnect\": could not find dataconnect.yaml in `c:\\Users\\Usr\\Documents\\MiniAgente\\dataconnect`\n"}}
[debug] [2026-05-12T12:14:27.292Z] E0512 09:14:27.291911   19012 watch.go:40] Failed to load config from "c:\\Users\\Usr\\Documents\\MiniAgente\\dataconnect": could not find dataconnect.yaml in `c:\Users\Usr\Documents\MiniAgente\dataconnect`
 {"metadata":{"emulator":{"name":"dataconnect"},"message":"E0512 09:14:27.291911   19012 watch.go:40] Failed to load config from \"c:\\\\Users\\\\Usr\\\\Documents\\\\MiniAgente\\\\dataconnect\": could not find dataconnect.yaml in `c:\\Users\\Usr\\Documents\\MiniAgente\\dataconnect`\n"}}
[debug] [2026-05-12T12:14:37.292Z] E0512 09:14:37.291649   19012 watch.go:40] Failed to load config from "c:\\Users\\Usr\\Documents\\MiniAgente\\dataconnect": could not find dataconnect.yaml in `c:\Users\Usr\Documents\MiniAgente\dataconnect`
 {"metadata":{"emulator":{"name":"dataconnect"},"message":"E0512 09:14:37.291649   19012 watch.go:40] Failed to load config from \"c:\\\\Users\\\\Usr\\\\Documents\\\\MiniAgente\\\\dataconnect\": could not find dataconnect.yaml in `c:\\Users\\Usr\\Documents\\MiniAgente\\dataconnect`\n"}}
[debug] [2026-05-12T12:14:47.292Z] E0512 09:14:47.291817   19012 watch.go:40] Failed to load config from "c:\\Users\\Usr\\Documents\\MiniAgente\\dataconnect": could not find dataconnect.yaml in `c:\Users\Usr\Documents\MiniAgente\dataconnect`
 {"metadata":{"emulator":{"name":"dataconnect"},"message":"E0512 09:14:47.291817   19012 watch.go:40] Failed to load config from \"c:\\\\Users\\\\Usr\\\\Documents\\\\MiniAgente\\\\dataconnect\": could not find dataconnect.yaml in `c:\\Users\\Usr\\Documents\\MiniAgente\\dataconnect`\n"}}
[debug] [2026-05-12T12:14:57.291Z] E0512 09:14:57.291426   19012 watch.go:40] Failed to load config from "c:\\Users\\Usr\\Documents\\MiniAgente\\dataconnect": could not find dataconnect.yaml in `c:\Users\Usr\Documents\MiniAgente\dataconnect`
 {"metadata":{"emulator":{"name":"dataconnect"},"message":"E0512 09:14:57.291426   19012 watch.go:40] Failed to load config from \"c:\\\\Users\\\\Usr\\\\Documents\\\\MiniAgente\\\\dataconnect\": could not find dataconnect.yaml in `c:\\Users\\Usr\\Documents\\MiniAgente\\dataconnect`\n"}}
[debug] [2026-05-12T12:15:07.291Z] E0512 09:15:07.291495   19012 watch.go:116] watchAllDir unable to walk dir `c:\Users\Usr\Documents\MiniAgente\dataconnect`: GetFileAttributesEx c:\Users\Usr\Documents\MiniAgente\dataconnect: The system cannot find the file specified.
E0512 09:15:07.291495   19012 watch.go:40] Failed to load config from "c:\\Users\\Usr\\Documents\\MiniAgente\\dataconnect": could not find dataconnect.yaml in `c:\Users\Usr\Documents\MiniAgente\dataconnect`
 {"metadata":{"emulator":{"name":"dataconnect"},"message":"E0512 09:15:07.291495   19012 watch.go:116] watchAllDir unable to walk dir `c:\\Users\\Usr\\Documents\\MiniAgente\\dataconnect`: GetFileAttributesEx c:\\Users\\Usr\\Documents\\MiniAgente\\dataconnect: The system cannot find the file specified.\nE0512 09:15:07.291495   19012 watch.go:40] Failed to load config from \"c:\\\\Users\\\\Usr\\\\Documents\\\\MiniAgente\\\\dataconnect\": could not find dataconnect.yaml in `c:\\Users\\Usr\\Documents\\MiniAgente\\dataconnect`\n"}}
[debug] [2026-05-12T12:15:17.292Z] E0512 09:15:17.291680   19012 watch.go:40] Failed to load config from "c:\\Users\\Usr\\Documents\\MiniAgente\\dataconnect": could not find dataconnect.yaml in `c:\Users\Usr\Documents\MiniAgente\dataconnect`
 {"metadata":{"emulator":{"name":"dataconnect"},"message":"E0512 09:15:17.291680   19012 watch.go:40] Failed to load config from \"c:\\\\Users\\\\Usr\\\\Documents\\\\MiniAgente\\\\dataconnect\": could not find dataconnect.yaml in `c:\\Users\\Usr\\Documents\\MiniAgente\\dataconnect`\n"}}
[debug] [2026-05-12T12:15:27.292Z] E0512 09:15:27.291395   19012 watch.go:40] Failed to load config from "c:\\Users\\Usr\\Documents\\MiniAgente\\dataconnect": could not find dataconnect.yaml in `c:\Users\Usr\Documents\MiniAgente\dataconnect`
 {"metadata":{"emulator":{"name":"dataconnect"},"message":"E0512 09:15:27.291395   19012 watch.go:40] Failed to load config from \"c:\\\\Users\\\\Usr\\\\Documents\\\\MiniAgente\\\\dataconnect\": could not find dataconnect.yaml in `c:\\Users\\Usr\\Documents\\MiniAgente\\dataconnect`\n"}}
[debug] [2026-05-12T12:15:37.291Z] E0512 09:15:37.291181   19012 watch.go:40] Failed to load config from "c:\\Users\\Usr\\Documents\\MiniAgente\\dataconnect": could not find dataconnect.yaml in `c:\Users\Usr\Documents\MiniAgente\dataconnect`
 {"metadata":{"emulator":{"name":"dataconnect"},"message":"E0512 09:15:37.291181   19012 watch.go:40] Failed to load config from \"c:\\\\Users\\\\Usr\\\\Documents\\\\MiniAgente\\\\dataconnect\": could not find dataconnect.yaml in `c:\\Users\\Usr\\Documents\\MiniAgente\\dataconnect`\n"}}
[debug] [2026-05-12T12:15:47.291Z] E0512 09:15:47.291202   19012 watch.go:40] Failed to load config from "c:\\Users\\Usr\\Documents\\MiniAgente\\dataconnect": could not find dataconnect.yaml in `c:\Users\Usr\Documents\MiniAgente\dataconnect`
 {"metadata":{"emulator":{"name":"dataconnect"},"message":"E0512 09:15:47.291202   19012 watch.go:40] Failed to load config from \"c:\\\\Users\\\\Usr\\\\Documents\\\\MiniAgente\\\\dataconnect\": could not find dataconnect.yaml in `c:\\Users\\Usr\\Documents\\MiniAgente\\dataconnect`\n"}}
[debug] [2026-05-12T12:15:57.291Z] E0512 09:15:57.290995   19012 watch.go:40] Failed to load config from "c:\\Users\\Usr\\Documents\\MiniAgente\\dataconnect": could not find dataconnect.yaml in `c:\Users\Usr\Documents\MiniAgente\dataconnect`
 {"metadata":{"emulator":{"name":"dataconnect"},"message":"E0512 09:15:57.290995   19012 watch.go:40] Failed to load config from \"c:\\\\Users\\\\Usr\\\\Documents\\\\MiniAgente\\\\dataconnect\": could not find dataconnect.yaml in `c:\\Users\\Usr\\Documents\\MiniAgente\\dataconnect`\n"}}
[debug] [2026-05-12T12:16:07.291Z] E0512 09:16:07.290884   19012 watch.go:116] watchAllDir unable to walk dir `c:\Users\Usr\Documents\MiniAgente\dataconnect`: GetFileAttributesEx c:\Users\Usr\Documents\MiniAgente\dataconnect: The system cannot find the file specified.
 {"metadata":{"emulator":{"name":"dataconnect"},"message":"E0512 09:16:07.290884   19012 watch.go:116] watchAllDir unable to walk dir `c:\\Users\\Usr\\Documents\\MiniAgente\\dataconnect`: GetFileAttributesEx c:\\Users\\Usr\\Documents\\MiniAgente\\dataconnect: The system cannot find the file specified.\n"}}
[debug] [2026-05-12T12:16:07.291Z] E0512 09:16:07.290884   19012 watch.go:40] Failed to load config from "c:\\Users\\Usr\\Documents\\MiniAgente\\dataconnect": could not find dataconnect.yaml in `c:\Users\Usr\Documents\MiniAgente\dataconnect`
 {"metadata":{"emulator":{"name":"dataconnect"},"message":"E0512 09:16:07.290884   19012 watch.go:40] Failed to load config from \"c:\\\\Users\\\\Usr\\\\Documents\\\\MiniAgente\\\\dataconnect\": could not find dataconnect.yaml in `c:\\Users\\Usr\\Documents\\MiniAgente\\dataconnect`\n"}}
[debug] [2026-05-12T12:16:17.291Z] E0512 09:16:17.291171   19012 watch.go:40] Failed to load config from "c:\\Users\\Usr\\Documents\\MiniAgente\\dataconnect": could not find dataconnect.yaml in `c:\Users\Usr\Documents\MiniAgente\dataconnect`
 {"metadata":{"emulator":{"name":"dataconnect"},"message":"E0512 09:16:17.291171   19012 watch.go:40] Failed to load config from \"c:\\\\Users\\\\Usr\\\\Documents\\\\MiniAgente\\\\dataconnect\": could not find dataconnect.yaml in `c:\\Users\\Usr\\Documents\\MiniAgente\\dataconnect`\n"}}
[debug] [2026-05-12T12:16:27.293Z] E0512 09:16:27.291050   19012 watch.go:40] Failed to load config from "c:\\Users\\Usr\\Documents\\MiniAgente\\dataconnect": could not find dataconnect.yaml in `c:\Users\Usr\Documents\MiniAgente\dataconnect`
 {"metadata":{"emulator":{"name":"dataconnect"},"message":"E0512 09:16:27.291050   19012 watch.go:40] Failed to load config from \"c:\\\\Users\\\\Usr\\\\Documents\\\\MiniAgente\\\\dataconnect\": could not find dataconnect.yaml in `c:\\Users\\Usr\\Documents\\MiniAgente\\dataconnect`\n"}}
[debug] [2026-05-12T12:16:37.291Z] E0512 09:16:37.290596   19012 watch.go:40] Failed to load config from "c:\\Users\\Usr\\Documents\\MiniAgente\\dataconnect": could not find dataconnect.yaml in `c:\Users\Usr\Documents\MiniAgente\dataconnect`
 {"metadata":{"emulator":{"name":"dataconnect"},"message":"E0512 09:16:37.290596   19012 watch.go:40] Failed to load config from \"c:\\\\Users\\\\Usr\\\\Documents\\\\MiniAgente\\\\dataconnect\": could not find dataconnect.yaml in `c:\\Users\\Usr\\Documents\\MiniAgente\\dataconnect`\n"}}
[debug] [2026-05-12T12:16:47.291Z] E0512 09:16:47.291004   19012 watch.go:40] Failed to load config from "c:\\Users\\Usr\\Documents\\MiniAgente\\dataconnect": could not find dataconnect.yaml in `c:\Users\Usr\Documents\MiniAgente\dataconnect`
 {"metadata":{"emulator":{"name":"dataconnect"},"message":"E0512 09:16:47.291004   19012 watch.go:40] Failed to load config from \"c:\\\\Users\\\\Usr\\\\Documents\\\\MiniAgente\\\\dataconnect\": could not find dataconnect.yaml in `c:\\Users\\Usr\\Documents\\MiniAgente\\dataconnect`\n"}}
[debug] [2026-05-12T12:16:57.290Z] E0512 09:16:57.290554   19012 watch.go:40] Failed to load config from "c:\\Users\\Usr\\Documents\\MiniAgente\\dataconnect": could not find dataconnect.yaml in `c:\Users\Usr\Documents\MiniAgente\dataconnect`
 {"metadata":{"emulator":{"name":"dataconnect"},"message":"E0512 09:16:57.290554   19012 watch.go:40] Failed to load config from \"c:\\\\Users\\\\Usr\\\\Documents\\\\MiniAgente\\\\dataconnect\": could not find dataconnect.yaml in `c:\\Users\\Usr\\Documents\\MiniAgente\\dataconnect`\n"}}
[debug] [2026-05-12T12:17:07.291Z] E0512 09:17:07.290720   19012 watch.go:116] watchAllDir unable to walk dir `c:\Users\Usr\Documents\MiniAgente\dataconnect`: GetFileAttributesEx c:\Users\Usr\Documents\MiniAgente\dataconnect: The system cannot find the file specified.
E0512 09:17:07.290720   19012 watch.go:40] Failed to load config from "c:\\Users\\Usr\\Documents\\MiniAgente\\dataconnect": could not find dataconnect.yaml in `c:\Users\Usr\Documents\MiniAgente\dataconnect`
 {"metadata":{"emulator":{"name":"dataconnect"},"message":"E0512 09:17:07.290720   19012 watch.go:116] watchAllDir unable to walk dir `c:\\Users\\Usr\\Documents\\MiniAgente\\dataconnect`: GetFileAttributesEx c:\\Users\\Usr\\Documents\\MiniAgente\\dataconnect: The system cannot find the file specified.\nE0512 09:17:07.290720   19012 watch.go:40] Failed to load config from \"c:\\\\Users\\\\Usr\\\\Documents\\\\MiniAgente\\\\dataconnect\": could not find dataconnect.yaml in `c:\\Users\\Usr\\Documents\\MiniAgente\\dataconnect`\n"}}
[debug] [2026-05-12T12:17:17.290Z] E0512 09:17:17.290399   19012 watch.go:40] Failed to load config from "c:\\Users\\Usr\\Documents\\MiniAgente\\dataconnect": could not find dataconnect.yaml in `c:\Users\Usr\Documents\MiniAgente\dataconnect`
 {"metadata":{"emulator":{"name":"dataconnect"},"message":"E0512 09:17:17.290399   19012 watch.go:40] Failed to load config from \"c:\\\\Users\\\\Usr\\\\Documents\\\\MiniAgente\\\\dataconnect\": could not find dataconnect.yaml in `c:\\Users\\Usr\\Documents\\MiniAgente\\dataconnect`\n"}}
[debug] [2026-05-12T12:17:27.291Z] E0512 09:17:27.290395   19012 watch.go:40] Failed to load config from "c:\\Users\\Usr\\Documents\\MiniAgente\\dataconnect": could not find dataconnect.yaml in `c:\Users\Usr\Documents\MiniAgente\dataconnect`
 {"metadata":{"emulator":{"name":"dataconnect"},"message":"E0512 09:17:27.290395   19012 watch.go:40] Failed to load config from \"c:\\\\Users\\\\Usr\\\\Documents\\\\MiniAgente\\\\dataconnect\": could not find dataconnect.yaml in `c:\\Users\\Usr\\Documents\\MiniAgente\\dataconnect`\n"}}
[debug] [2026-05-12T12:17:37.290Z] E0512 09:17:37.290006   19012 watch.go:40] Failed to load config from "c:\\Users\\Usr\\Documents\\MiniAgente\\dataconnect": could not find dataconnect.yaml in `c:\Users\Usr\Documents\MiniAgente\dataconnect`
 {"metadata":{"emulator":{"name":"dataconnect"},"message":"E0512 09:17:37.290006   19012 watch.go:40] Failed to load config from \"c:\\\\Users\\\\Usr\\\\Documents\\\\MiniAgente\\\\dataconnect\": could not find dataconnect.yaml in `c:\\Users\\Usr\\Documents\\MiniAgente\\dataconnect`\n"}}
[debug] [2026-05-12T12:17:47.290Z] E0512 09:17:47.290200   19012 watch.go:40] Failed to load config from "c:\\Users\\Usr\\Documents\\MiniAgente\\dataconnect": could not find dataconnect.yaml in `c:\Users\Usr\Documents\MiniAgente\dataconnect`
 {"metadata":{"emulator":{"name":"dataconnect"},"message":"E0512 09:17:47.290200   19012 watch.go:40] Failed to load config from \"c:\\\\Users\\\\Usr\\\\Documents\\\\MiniAgente\\\\dataconnect\": could not find dataconnect.yaml in `c:\\Users\\Usr\\Documents\\MiniAgente\\dataconnect`\n"}}
[debug] [2026-05-12T12:17:57.290Z] E0512 09:17:57.290113   19012 watch.go:40] Failed to load config from "c:\\Users\\Usr\\Documents\\MiniAgente\\dataconnect": could not find dataconnect.yaml in `c:\Users\Usr\Documents\MiniAgente\dataconnect`
 {"metadata":{"emulator":{"name":"dataconnect"},"message":"E0512 09:17:57.290113   19012 watch.go:40] Failed to load config from \"c:\\\\Users\\\\Usr\\\\Documents\\\\MiniAgente\\\\dataconnect\": could not find dataconnect.yaml in `c:\\Users\\Usr\\Documents\\MiniAgente\\dataconnect`\n"}}
[debug] [2026-05-12T12:18:07.290Z] E0512 09:18:07.290510   19012 watch.go:116] watchAllDir unable to walk dir `c:\Users\Usr\Documents\MiniAgente\dataconnect`: GetFileAttributesEx c:\Users\Usr\Documents\MiniAgente\dataconnect: The system cannot find the file specified.
 {"metadata":{"emulator":{"name":"dataconnect"},"message":"E0512 09:18:07.290510   19012 watch.go:116] watchAllDir unable to walk dir `c:\\Users\\Usr\\Documents\\MiniAgente\\dataconnect`: GetFileAttributesEx c:\\Users\\Usr\\Documents\\MiniAgente\\dataconnect: The system cannot find the file specified.\n"}}
[debug] [2026-05-12T12:18:07.293Z] E0512 09:18:07.290510   19012 watch.go:40] Failed to load config from "c:\\Users\\Usr\\Documents\\MiniAgente\\dataconnect": could not find dataconnect.yaml in `c:\Users\Usr\Documents\MiniAgente\dataconnect`
 {"metadata":{"emulator":{"name":"dataconnect"},"message":"E0512 09:18:07.290510   19012 watch.go:40] Failed to load config from \"c:\\\\Users\\\\Usr\\\\Documents\\\\MiniAgente\\\\dataconnect\": could not find dataconnect.yaml in `c:\\Users\\Usr\\Documents\\MiniAgente\\dataconnect`\n"}}
[debug] [2026-05-12T12:18:17.290Z] E0512 09:18:17.290278   19012 watch.go:40] Failed to load config from "c:\\Users\\Usr\\Documents\\MiniAgente\\dataconnect": could not find dataconnect.yaml in `c:\Users\Usr\Documents\MiniAgente\dataconnect`
 {"metadata":{"emulator":{"name":"dataconnect"},"message":"E0512 09:18:17.290278   19012 watch.go:40] Failed to load config from \"c:\\\\Users\\\\Usr\\\\Documents\\\\MiniAgente\\\\dataconnect\": could not find dataconnect.yaml in `c:\\Users\\Usr\\Documents\\MiniAgente\\dataconnect`\n"}}
[debug] [2026-05-12T12:18:27.290Z] E0512 09:18:27.289824   19012 watch.go:40] Failed to load config from "c:\\Users\\Usr\\Documents\\MiniAgente\\dataconnect": could not find dataconnect.yaml in `c:\Users\Usr\Documents\MiniAgente\dataconnect`
 {"metadata":{"emulator":{"name":"dataconnect"},"message":"E0512 09:18:27.289824   19012 watch.go:40] Failed to load config from \"c:\\\\Users\\\\Usr\\\\Documents\\\\MiniAgente\\\\dataconnect\": could not find dataconnect.yaml in `c:\\Users\\Usr\\Documents\\MiniAgente\\dataconnect`\n"}}
[debug] [2026-05-12T12:18:37.290Z] E0512 09:18:37.289699   19012 watch.go:40] Failed to load config from "c:\\Users\\Usr\\Documents\\MiniAgente\\dataconnect": could not find dataconnect.yaml in `c:\Users\Usr\Documents\MiniAgente\dataconnect`
 {"metadata":{"emulator":{"name":"dataconnect"},"message":"E0512 09:18:37.289699   19012 watch.go:40] Failed to load config from \"c:\\\\Users\\\\Usr\\\\Documents\\\\MiniAgente\\\\dataconnect\": could not find dataconnect.yaml in `c:\\Users\\Usr\\Documents\\MiniAgente\\dataconnect`\n"}}
[debug] [2026-05-12T12:18:47.290Z] E0512 09:18:47.289556   19012 watch.go:40] Failed to load config from "c:\\Users\\Usr\\Documents\\MiniAgente\\dataconnect": could not find dataconnect.yaml in `c:\Users\Usr\Documents\MiniAgente\dataconnect`
 {"metadata":{"emulator":{"name":"dataconnect"},"message":"E0512 09:18:47.289556   19012 watch.go:40] Failed to load config from \"c:\\\\Users\\\\Usr\\\\Documents\\\\MiniAgente\\\\dataconnect\": could not find dataconnect.yaml in `c:\\Users\\Usr\\Documents\\MiniAgente\\dataconnect`\n"}}
[debug] [2026-05-12T12:18:57.290Z] E0512 09:18:57.290659   19012 watch.go:40] Failed to load config from "c:\\Users\\Usr\\Documents\\MiniAgente\\dataconnect": could not find dataconnect.yaml in `c:\Users\Usr\Documents\MiniAgente\dataconnect`
 {"metadata":{"emulator":{"name":"dataconnect"},"message":"E0512 09:18:57.290659   19012 watch.go:40] Failed to load config from \"c:\\\\Users\\\\Usr\\\\Documents\\\\MiniAgente\\\\dataconnect\": could not find dataconnect.yaml in `c:\\Users\\Usr\\Documents\\MiniAgente\\dataconnect`\n"}}
[debug] [2026-05-12T12:19:07.289Z] E0512 09:19:07.289412   19012 watch.go:116] watchAllDir unable to walk dir `c:\Users\Usr\Documents\MiniAgente\dataconnect`: GetFileAttributesEx c:\Users\Usr\Documents\MiniAgente\dataconnect: The system cannot find the file specified.
 {"metadata":{"emulator":{"name":"dataconnect"},"message":"E0512 09:19:07.289412   19012 watch.go:116] watchAllDir unable to walk dir `c:\\Users\\Usr\\Documents\\MiniAgente\\dataconnect`: GetFileAttributesEx c:\\Users\\Usr\\Documents\\MiniAgente\\dataconnect: The system cannot find the file specified.\n"}}
[debug] [2026-05-12T12:19:07.289Z] E0512 09:19:07.289412   19012 watch.go:40] Failed to load config from "c:\\Users\\Usr\\Documents\\MiniAgente\\dataconnect": could not find dataconnect.yaml in `c:\Users\Usr\Documents\MiniAgente\dataconnect`
 {"metadata":{"emulator":{"name":"dataconnect"},"message":"E0512 09:19:07.289412   19012 watch.go:40] Failed to load config from \"c:\\\\Users\\\\Usr\\\\Documents\\\\MiniAgente\\\\dataconnect\": could not find dataconnect.yaml in `c:\\Users\\Usr\\Documents\\MiniAgente\\dataconnect`\n"}}
[debug] [2026-05-12T12:19:17.289Z] E0512 09:19:17.289254   19012 watch.go:40] Failed to load config from "c:\\Users\\Usr\\Documents\\MiniAgente\\dataconnect": could not find dataconnect.yaml in `c:\Users\Usr\Documents\MiniAgente\dataconnect`
 {"metadata":{"emulator":{"name":"dataconnect"},"message":"E0512 09:19:17.289254   19012 watch.go:40] Failed to load config from \"c:\\\\Users\\\\Usr\\\\Documents\\\\MiniAgente\\\\dataconnect\": could not find dataconnect.yaml in `c:\\Users\\Usr\\Documents\\MiniAgente\\dataconnect`\n"}}
[debug] [2026-05-12T12:19:27.289Z] E0512 09:19:27.289008   19012 watch.go:40] Failed to load config from "c:\\Users\\Usr\\Documents\\MiniAgente\\dataconnect": could not find dataconnect.yaml in `c:\Users\Usr\Documents\MiniAgente\dataconnect`
 {"metadata":{"emulator":{"name":"dataconnect"},"message":"E0512 09:19:27.289008   19012 watch.go:40] Failed to load config from \"c:\\\\Users\\\\Usr\\\\Documents\\\\MiniAgente\\\\dataconnect\": could not find dataconnect.yaml in `c:\\Users\\Usr\\Documents\\MiniAgente\\dataconnect`\n"}}
[debug] [2026-05-12T12:19:28.513Z] [Firebase Plugin] Received emulators started notification. Running detection.
[debug] [2026-05-12T12:19:28.514Z] Found emulator hub locator: {"version":"15.17.0","origins":["http://127.0.0.1:4400","http://[::1]:4400"],"pid":18584}
[debug] [2026-05-12T12:19:28.515Z] >>> [apiv2][query] GET http://127.0.0.1:4400/emulators [none]
[debug] [2026-05-12T12:19:28.545Z] <<< [apiv2][status] GET http://127.0.0.1:4400/emulators 200
[debug] [2026-05-12T12:19:28.545Z] <<< [apiv2][body] GET http://127.0.0.1:4400/emulators {"hub":{"listen":[{"address":"127.0.0.1","family":"IPv4","port":4400},{"address":"::1","family":"IPv6","port":4400}],"name":"hub","host":"127.0.0.1","port":4400},"ui":{"listen":[{"address":"127.0.0.1","family":"IPv4","port":4000},{"address":"::1","family":"IPv6","port":4000}],"name":"ui","host":"127.0.0.1","port":4000},"logging":{"listen":[{"address":"127.0.0.1","family":"IPv4","port":4500}],"name":"logging","host":"127.0.0.1","port":4500},"firestore":{"listen":[{"address":"127.0.0.1","family":"IPv4","port":8080}],"name":"firestore","host":"127.0.0.1","port":8080,"pid":2640,"reservedPorts":[9150],"webSocketHost":"127.0.0.1","webSocketPort":9150}}
[debug] [2026-05-12T12:19:37.289Z] E0512 09:19:37.289010   19012 watch.go:40] Failed to load config from "c:\\Users\\Usr\\Documents\\MiniAgente\\dataconnect": could not find dataconnect.yaml in `c:\Users\Usr\Documents\MiniAgente\dataconnect`
 {"metadata":{"emulator":{"name":"dataconnect"},"message":"E0512 09:19:37.289010   19012 watch.go:40] Failed to load config from \"c:\\\\Users\\\\Usr\\\\Documents\\\\MiniAgente\\\\dataconnect\": could not find dataconnect.yaml in `c:\\Users\\Usr\\Documents\\MiniAgente\\dataconnect`\n"}}
[debug] [2026-05-12T12:19:47.289Z] E0512 09:19:47.289143   19012 watch.go:40] Failed to load config from "c:\\Users\\Usr\\Documents\\MiniAgente\\dataconnect": could not find dataconnect.yaml in `c:\Users\Usr\Documents\MiniAgente\dataconnect`
 {"metadata":{"emulator":{"name":"dataconnect"},"message":"E0512 09:19:47.289143   19012 watch.go:40] Failed to load config from \"c:\\\\Users\\\\Usr\\\\Documents\\\\MiniAgente\\\\dataconnect\": could not find dataconnect.yaml in `c:\\Users\\Usr\\Documents\\MiniAgente\\dataconnect`\n"}}
[debug] [2026-05-12T12:19:57.288Z] E0512 09:19:57.288756   19012 watch.go:40] Failed to load config from "c:\\Users\\Usr\\Documents\\MiniAgente\\dataconnect": could not find dataconnect.yaml in `c:\Users\Usr\Documents\MiniAgente\dataconnect`
 {"metadata":{"emulator":{"name":"dataconnect"},"message":"E0512 09:19:57.288756   19012 watch.go:40] Failed to load config from \"c:\\\\Users\\\\Usr\\\\Documents\\\\MiniAgente\\\\dataconnect\": could not find dataconnect.yaml in `c:\\Users\\Usr\\Documents\\MiniAgente\\dataconnect`\n"}}
[debug] [2026-05-12T12:20:07.289Z] E0512 09:20:07.288748   19012 watch.go:116] watchAllDir unable to walk dir `c:\Users\Usr\Documents\MiniAgente\dataconnect`: GetFileAttributesEx c:\Users\Usr\Documents\MiniAgente\dataconnect: The system cannot find the file specified.
E0512 09:20:07.288748   19012 watch.go:40] Failed to load config from "c:\\Users\\Usr\\Documents\\MiniAgente\\dataconnect": could not find dataconnect.yaml in `c:\Users\Usr\Documents\MiniAgente\dataconnect`
 {"metadata":{"emulator":{"name":"dataconnect"},"message":"E0512 09:20:07.288748   19012 watch.go:116] watchAllDir unable to walk dir `c:\\Users\\Usr\\Documents\\MiniAgente\\dataconnect`: GetFileAttributesEx c:\\Users\\Usr\\Documents\\MiniAgente\\dataconnect: The system cannot find the file specified.\nE0512 09:20:07.288748   19012 watch.go:40] Failed to load config from \"c:\\\\Users\\\\Usr\\\\Documents\\\\MiniAgente\\\\dataconnect\": could not find dataconnect.yaml in `c:\\Users\\Usr\\Documents\\MiniAgente\\dataconnect`\n"}}
[debug] [2026-05-12T12:20:17.289Z] E0512 09:20:17.289121   19012 watch.go:40] Failed to load config from "c:\\Users\\Usr\\Documents\\MiniAgente\\dataconnect": could not find dataconnect.yaml in `c:\Users\Usr\Documents\MiniAgente\dataconnect`
 {"metadata":{"emulator":{"name":"dataconnect"},"message":"E0512 09:20:17.289121   19012 watch.go:40] Failed to load config from \"c:\\\\Users\\\\Usr\\\\Documents\\\\MiniAgente\\\\dataconnect\": could not find dataconnect.yaml in `c:\\Users\\Usr\\Documents\\MiniAgente\\dataconnect`\n"}}
[debug] [2026-05-12T12:20:27.288Z] E0512 09:20:27.288438   19012 watch.go:40] Failed to load config from "c:\\Users\\Usr\\Documents\\MiniAgente\\dataconnect": could not find dataconnect.yaml in `c:\Users\Usr\Documents\MiniAgente\dataconnect`
 {"metadata":{"emulator":{"name":"dataconnect"},"message":"E0512 09:20:27.288438   19012 watch.go:40] Failed to load config from \"c:\\\\Users\\\\Usr\\\\Documents\\\\MiniAgente\\\\dataconnect\": could not find dataconnect.yaml in `c:\\Users\\Usr\\Documents\\MiniAgente\\dataconnect`\n"}}
[debug] [2026-05-12T12:20:28.395Z] [Firebase Plugin] Received emulators shutdown notification.
[debug] [2026-05-12T12:20:37.289Z] E0512 09:20:37.288809   19012 watch.go:40] Failed to load config from "c:\\Users\\Usr\\Documents\\MiniAgente\\dataconnect": could not find dataconnect.yaml in `c:\Users\Usr\Documents\MiniAgente\dataconnect`
 {"metadata":{"emulator":{"name":"dataconnect"},"message":"E0512 09:20:37.288809   19012 watch.go:40] Failed to load config from \"c:\\\\Users\\\\Usr\\\\Documents\\\\MiniAgente\\\\dataconnect\": could not find dataconnect.yaml in `c:\\Users\\Usr\\Documents\\MiniAgente\\dataconnect`\n"}}
[debug] [2026-05-12T12:20:47.289Z] E0512 09:20:47.288450   19012 watch.go:40] Failed to load config from "c:\\Users\\Usr\\Documents\\MiniAgente\\dataconnect": could not find dataconnect.yaml in `c:\Users\Usr\Documents\MiniAgente\dataconnect`
 {"metadata":{"emulator":{"name":"dataconnect"},"message":"E0512 09:20:47.288450   19012 watch.go:40] Failed to load config from \"c:\\\\Users\\\\Usr\\\\Documents\\\\MiniAgente\\\\dataconnect\": could not find dataconnect.yaml in `c:\\Users\\Usr\\Documents\\MiniAgente\\dataconnect`\n"}}
[debug] [2026-05-12T12:20:50.170Z] [Firebase Plugin] Received emulators started notification. Running detection.
[debug] [2026-05-12T12:20:50.171Z] Found emulator hub locator: {"version":"15.17.0","origins":["http://127.0.0.1:4400","http://[::1]:4400"],"pid":13048}
[debug] [2026-05-12T12:20:50.172Z] >>> [apiv2][query] GET http://127.0.0.1:4400/emulators [none]
[debug] [2026-05-12T12:20:50.195Z] <<< [apiv2][status] GET http://127.0.0.1:4400/emulators 200
[debug] [2026-05-12T12:20:50.196Z] <<< [apiv2][body] GET http://127.0.0.1:4400/emulators {"hub":{"listen":[{"address":"127.0.0.1","family":"IPv4","port":4400},{"address":"::1","family":"IPv6","port":4400}],"name":"hub","host":"127.0.0.1","port":4400},"ui":{"listen":[{"address":"127.0.0.1","family":"IPv4","port":4000},{"address":"::1","family":"IPv6","port":4000}],"name":"ui","host":"127.0.0.1","port":4000},"logging":{"listen":[{"address":"127.0.0.1","family":"IPv4","port":4500}],"name":"logging","host":"127.0.0.1","port":4500},"firestore":{"listen":[{"address":"127.0.0.1","family":"IPv4","port":8080}],"name":"firestore","host":"127.0.0.1","port":8080,"pid":8128,"reservedPorts":[9150],"webSocketHost":"127.0.0.1","webSocketPort":9150}}
[debug] [2026-05-12T12:20:57.287Z] E0512 09:20:57.288528   19012 watch.go:40] Failed to load config from "c:\\Users\\Usr\\Documents\\MiniAgente\\dataconnect": could not find dataconnect.yaml in `c:\Users\Usr\Documents\MiniAgente\dataconnect`
 {"metadata":{"emulator":{"name":"dataconnect"},"message":"E0512 09:20:57.288528   19012 watch.go:40] Failed to load config from \"c:\\\\Users\\\\Usr\\\\Documents\\\\MiniAgente\\\\dataconnect\": could not find dataconnect.yaml in `c:\\Users\\Usr\\Documents\\MiniAgente\\dataconnect`\n"}}
[debug] [2026-05-12T12:21:07.286Z] E0512 09:21:07.288153   19012 watch.go:116] watchAllDir unable to walk dir `c:\Users\Usr\Documents\MiniAgente\dataconnect`: GetFileAttributesEx c:\Users\Usr\Documents\MiniAgente\dataconnect: The system cannot find the file specified.
E0512 09:21:07.288153   19012 watch.go:40] Failed to load config from "c:\\Users\\Usr\\Documents\\MiniAgente\\dataconnect": could not find dataconnect.yaml in `c:\Users\Usr\Documents\MiniAgente\dataconnect`
 {"metadata":{"emulator":{"name":"dataconnect"},"message":"E0512 09:21:07.288153   19012 watch.go:116] watchAllDir unable to walk dir `c:\\Users\\Usr\\Documents\\MiniAgente\\dataconnect`: GetFileAttributesEx c:\\Users\\Usr\\Documents\\MiniAgente\\dataconnect: The system cannot find the file specified.\nE0512 09:21:07.288153   19012 watch.go:40] Failed to load config from \"c:\\\\Users\\\\Usr\\\\Documents\\\\MiniAgente\\\\dataconnect\": could not find dataconnect.yaml in `c:\\Users\\Usr\\Documents\\MiniAgente\\dataconnect`\n"}}
[debug] [2026-05-12T12:21:17.287Z] E0512 09:21:17.288595   19012 watch.go:40] Failed to load config from "c:\\Users\\Usr\\Documents\\MiniAgente\\dataconnect": could not find dataconnect.yaml in `c:\Users\Usr\Documents\MiniAgente\dataconnect`
 {"metadata":{"emulator":{"name":"dataconnect"},"message":"E0512 09:21:17.288595   19012 watch.go:40] Failed to load config from \"c:\\\\Users\\\\Usr\\\\Documents\\\\MiniAgente\\\\dataconnect\": could not find dataconnect.yaml in `c:\\Users\\Usr\\Documents\\MiniAgente\\dataconnect`\n"}}
[debug] [2026-05-12T12:21:27.287Z] E0512 09:21:27.288382   19012 watch.go:40] Failed to load config from "c:\\Users\\Usr\\Documents\\MiniAgente\\dataconnect": could not find dataconnect.yaml in `c:\Users\Usr\Documents\MiniAgente\dataconnect`
 {"metadata":{"emulator":{"name":"dataconnect"},"message":"E0512 09:21:27.288382   19012 watch.go:40] Failed to load config from \"c:\\\\Users\\\\Usr\\\\Documents\\\\MiniAgente\\\\dataconnect\": could not find dataconnect.yaml in `c:\\Users\\Usr\\Documents\\MiniAgente\\dataconnect`\n"}}
[debug] [2026-05-12T12:21:37.287Z] E0512 09:21:37.288289   19012 watch.go:40] Failed to load config from "c:\\Users\\Usr\\Documents\\MiniAgente\\dataconnect": could not find dataconnect.yaml in `c:\Users\Usr\Documents\MiniAgente\dataconnect`
 {"metadata":{"emulator":{"name":"dataconnect"},"message":"E0512 09:21:37.288289   19012 watch.go:40] Failed to load config from \"c:\\\\Users\\\\Usr\\\\Documents\\\\MiniAgente\\\\dataconnect\": could not find dataconnect.yaml in `c:\\Users\\Usr\\Documents\\MiniAgente\\dataconnect`\n"}}
[debug] [2026-05-12T12:21:47.287Z] E0512 09:21:47.288081   19012 watch.go:40] Failed to load config from "c:\\Users\\Usr\\Documents\\MiniAgente\\dataconnect": could not find dataconnect.yaml in `c:\Users\Usr\Documents\MiniAgente\dataconnect`
 {"metadata":{"emulator":{"name":"dataconnect"},"message":"E0512 09:21:47.288081   19012 watch.go:40] Failed to load config from \"c:\\\\Users\\\\Usr\\\\Documents\\\\MiniAgente\\\\dataconnect\": could not find dataconnect.yaml in `c:\\Users\\Usr\\Documents\\MiniAgente\\dataconnect`\n"}}
[debug] [2026-05-12T12:21:57.287Z] E0512 09:21:57.287677   19012 watch.go:40] Failed to load config from "c:\\Users\\Usr\\Documents\\MiniAgente\\dataconnect": could not find dataconnect.yaml in `c:\Users\Usr\Documents\MiniAgente\dataconnect`
 {"metadata":{"emulator":{"name":"dataconnect"},"message":"E0512 09:21:57.287677   19012 watch.go:40] Failed to load config from \"c:\\\\Users\\\\Usr\\\\Documents\\\\MiniAgente\\\\dataconnect\": could not find dataconnect.yaml in `c:\\Users\\Usr\\Documents\\MiniAgente\\dataconnect`\n"}}
[debug] [2026-05-12T12:22:07.287Z] E0512 09:22:07.287641   19012 watch.go:116] watchAllDir unable to walk dir `c:\Users\Usr\Documents\MiniAgente\dataconnect`: GetFileAttributesEx c:\Users\Usr\Documents\MiniAgente\dataconnect: The system cannot find the file specified.
E0512 09:22:07.287641   19012 watch.go:40] Failed to load config from "c:\\Users\\Usr\\Documents\\MiniAgente\\dataconnect": could not find dataconnect.yaml in `c:\Users\Usr\Documents\MiniAgente\dataconnect`
 {"metadata":{"emulator":{"name":"dataconnect"},"message":"E0512 09:22:07.287641   19012 watch.go:116] watchAllDir unable to walk dir `c:\\Users\\Usr\\Documents\\MiniAgente\\dataconnect`: GetFileAttributesEx c:\\Users\\Usr\\Documents\\MiniAgente\\dataconnect: The system cannot find the file specified.\nE0512 09:22:07.287641   19012 watch.go:40] Failed to load config from \"c:\\\\Users\\\\Usr\\\\Documents\\\\MiniAgente\\\\dataconnect\": could not find dataconnect.yaml in `c:\\Users\\Usr\\Documents\\MiniAgente\\dataconnect`\n"}}
[debug] [2026-05-12T12:22:17.288Z] E0512 09:22:17.287813   19012 watch.go:40] Failed to load config from "c:\\Users\\Usr\\Documents\\MiniAgente\\dataconnect": could not find dataconnect.yaml in `c:\Users\Usr\Documents\MiniAgente\dataconnect`
 {"metadata":{"emulator":{"name":"dataconnect"},"message":"E0512 09:22:17.287813   19012 watch.go:40] Failed to load config from \"c:\\\\Users\\\\Usr\\\\Documents\\\\MiniAgente\\\\dataconnect\": could not find dataconnect.yaml in `c:\\Users\\Usr\\Documents\\MiniAgente\\dataconnect`\n"}}
[debug] [2026-05-12T12:22:20.493Z] [Firebase Plugin] Received emulators started notification. Running detection.
[debug] [2026-05-12T12:22:20.494Z] Found emulator hub locator: {"version":"15.17.0","origins":["http://127.0.0.1:4400","http://[::1]:4400"],"pid":11580}
[debug] [2026-05-12T12:22:20.495Z] >>> [apiv2][query] GET http://127.0.0.1:4400/emulators [none]
[debug] [2026-05-12T12:22:20.515Z] <<< [apiv2][status] GET http://127.0.0.1:4400/emulators 200
[debug] [2026-05-12T12:22:20.515Z] <<< [apiv2][body] GET http://127.0.0.1:4400/emulators {"hub":{"listen":[{"address":"127.0.0.1","family":"IPv4","port":4400},{"address":"::1","family":"IPv6","port":4400}],"name":"hub","host":"127.0.0.1","port":4400},"ui":{"listen":[{"address":"127.0.0.1","family":"IPv4","port":4000},{"address":"::1","family":"IPv6","port":4000}],"name":"ui","host":"127.0.0.1","port":4000},"logging":{"listen":[{"address":"127.0.0.1","family":"IPv4","port":4500}],"name":"logging","host":"127.0.0.1","port":4500},"firestore":{"listen":[{"address":"127.0.0.1","family":"IPv4","port":8080}],"name":"firestore","host":"127.0.0.1","port":8080,"pid":16688,"reservedPorts":[9150],"webSocketHost":"127.0.0.1","webSocketPort":9150}}
[debug] [2026-05-12T12:22:27.287Z] E0512 09:22:27.287372   19012 watch.go:40] Failed to load config from "c:\\Users\\Usr\\Documents\\MiniAgente\\dataconnect": could not find dataconnect.yaml in `c:\Users\Usr\Documents\MiniAgente\dataconnect`
 {"metadata":{"emulator":{"name":"dataconnect"},"message":"E0512 09:22:27.287372   19012 watch.go:40] Failed to load config from \"c:\\\\Users\\\\Usr\\\\Documents\\\\MiniAgente\\\\dataconnect\": could not find dataconnect.yaml in `c:\\Users\\Usr\\Documents\\MiniAgente\\dataconnect`\n"}}
[debug] [2026-05-12T12:22:37.287Z] E0512 09:22:37.287342   19012 watch.go:40] Failed to load config from "c:\\Users\\Usr\\Documents\\MiniAgente\\dataconnect": could not find dataconnect.yaml in `c:\Users\Usr\Documents\MiniAgente\dataconnect`
 {"metadata":{"emulator":{"name":"dataconnect"},"message":"E0512 09:22:37.287342   19012 watch.go:40] Failed to load config from \"c:\\\\Users\\\\Usr\\\\Documents\\\\MiniAgente\\\\dataconnect\": could not find dataconnect.yaml in `c:\\Users\\Usr\\Documents\\MiniAgente\\dataconnect`\n"}}
[debug] [2026-05-12T12:22:47.288Z] E0512 09:22:47.287292   19012 watch.go:40] Failed to load config from "c:\\Users\\Usr\\Documents\\MiniAgente\\dataconnect": could not find dataconnect.yaml in `c:\Users\Usr\Documents\MiniAgente\dataconnect`
 {"metadata":{"emulator":{"name":"dataconnect"},"message":"E0512 09:22:47.287292   19012 watch.go:40] Failed to load config from \"c:\\\\Users\\\\Usr\\\\Documents\\\\MiniAgente\\\\dataconnect\": could not find dataconnect.yaml in `c:\\Users\\Usr\\Documents\\MiniAgente\\dataconnect`\n"}}
[debug] [2026-05-12T12:22:57.287Z] E0512 09:22:57.287167   19012 watch.go:40] Failed to load config from "c:\\Users\\Usr\\Documents\\MiniAgente\\dataconnect": could not find dataconnect.yaml in `c:\Users\Usr\Documents\MiniAgente\dataconnect`
 {"metadata":{"emulator":{"name":"dataconnect"},"message":"E0512 09:22:57.287167   19012 watch.go:40] Failed to load config from \"c:\\\\Users\\\\Usr\\\\Documents\\\\MiniAgente\\\\dataconnect\": could not find dataconnect.yaml in `c:\\Users\\Usr\\Documents\\MiniAgente\\dataconnect`\n"}}
[debug] [2026-05-12T12:23:07.287Z] E0512 09:23:07.287136   19012 watch.go:116] watchAllDir unable to walk dir `c:\Users\Usr\Documents\MiniAgente\dataconnect`: GetFileAttributesEx c:\Users\Usr\Documents\MiniAgente\dataconnect: The system cannot find the file specified.
E0512 09:23:07.287136   19012 watch.go:40] Failed to load config from "c:\\Users\\Usr\\Documents\\MiniAgente\\dataconnect": could not find dataconnect.yaml in `c:\Users\Usr\Documents\MiniAgente\dataconnect`
 {"metadata":{"emulator":{"name":"dataconnect"},"message":"E0512 09:23:07.287136   19012 watch.go:116] watchAllDir unable to walk dir `c:\\Users\\Usr\\Documents\\MiniAgente\\dataconnect`: GetFileAttributesEx c:\\Users\\Usr\\Documents\\MiniAgente\\dataconnect: The system cannot find the file specified.\nE0512 09:23:07.287136   19012 watch.go:40] Failed to load config from \"c:\\\\Users\\\\Usr\\\\Documents\\\\MiniAgente\\\\dataconnect\": could not find dataconnect.yaml in `c:\\Users\\Usr\\Documents\\MiniAgente\\dataconnect`\n"}}
[debug] [2026-05-12T12:23:17.287Z] E0512 09:23:17.287424   19012 watch.go:40] Failed to load config from "c:\\Users\\Usr\\Documents\\MiniAgente\\dataconnect": could not find dataconnect.yaml in `c:\Users\Usr\Documents\MiniAgente\dataconnect`
 {"metadata":{"emulator":{"name":"dataconnect"},"message":"E0512 09:23:17.287424   19012 watch.go:40] Failed to load config from \"c:\\\\Users\\\\Usr\\\\Documents\\\\MiniAgente\\\\dataconnect\": could not find dataconnect.yaml in `c:\\Users\\Usr\\Documents\\MiniAgente\\dataconnect`\n"}}
[debug] [2026-05-12T12:23:27.287Z] E0512 09:23:27.286858   19012 watch.go:40] Failed to load config from "c:\\Users\\Usr\\Documents\\MiniAgente\\dataconnect": could not find dataconnect.yaml in `c:\Users\Usr\Documents\MiniAgente\dataconnect`
 {"metadata":{"emulator":{"name":"dataconnect"},"message":"E0512 09:23:27.286858   19012 watch.go:40] Failed to load config from \"c:\\\\Users\\\\Usr\\\\Documents\\\\MiniAgente\\\\dataconnect\": could not find dataconnect.yaml in `c:\\Users\\Usr\\Documents\\MiniAgente\\dataconnect`\n"}}
[debug] [2026-05-12T12:23:37.287Z] E0512 09:23:37.287162   19012 watch.go:40] Failed to load config from "c:\\Users\\Usr\\Documents\\MiniAgente\\dataconnect": could not find dataconnect.yaml in `c:\Users\Usr\Documents\MiniAgente\dataconnect`
 {"metadata":{"emulator":{"name":"dataconnect"},"message":"E0512 09:23:37.287162   19012 watch.go:40] Failed to load config from \"c:\\\\Users\\\\Usr\\\\Documents\\\\MiniAgente\\\\dataconnect\": could not find dataconnect.yaml in `c:\\Users\\Usr\\Documents\\MiniAgente\\dataconnect`\n"}}
[debug] [2026-05-12T12:23:41.015Z] [Firebase Plugin] Received emulators shutdown notification.
[debug] [2026-05-12T12:23:47.287Z] E0512 09:23:47.286804   19012 watch.go:40] Failed to load config from "c:\\Users\\Usr\\Documents\\MiniAgente\\dataconnect": could not find dataconnect.yaml in `c:\Users\Usr\Documents\MiniAgente\dataconnect`
 {"metadata":{"emulator":{"name":"dataconnect"},"message":"E0512 09:23:47.286804   19012 watch.go:40] Failed to load config from \"c:\\\\Users\\\\Usr\\\\Documents\\\\MiniAgente\\\\dataconnect\": could not find dataconnect.yaml in `c:\\Users\\Usr\\Documents\\MiniAgente\\dataconnect`\n"}}
[debug] [2026-05-12T12:23:57.286Z] E0512 09:23:57.286718   19012 watch.go:40] Failed to load config from "c:\\Users\\Usr\\Documents\\MiniAgente\\dataconnect": could not find dataconnect.yaml in `c:\Users\Usr\Documents\MiniAgente\dataconnect`
 {"metadata":{"emulator":{"name":"dataconnect"},"message":"E0512 09:23:57.286718   19012 watch.go:40] Failed to load config from \"c:\\\\Users\\\\Usr\\\\Documents\\\\MiniAgente\\\\dataconnect\": could not find dataconnect.yaml in `c:\\Users\\Usr\\Documents\\MiniAgente\\dataconnect`\n"}}
[debug] [2026-05-12T12:24:07.287Z] E0512 09:24:07.286789   19012 watch.go:116] watchAllDir unable to walk dir `c:\Users\Usr\Documents\MiniAgente\dataconnect`: GetFileAttributesEx c:\Users\Usr\Documents\MiniAgente\dataconnect: The system cannot find the file specified.
 {"metadata":{"emulator":{"name":"dataconnect"},"message":"E0512 09:24:07.286789   19012 watch.go:116] watchAllDir unable to walk dir `c:\\Users\\Usr\\Documents\\MiniAgente\\dataconnect`: GetFileAttributesEx c:\\Users\\Usr\\Documents\\MiniAgente\\dataconnect: The system cannot find the file specified.\n"}}
[debug] [2026-05-12T12:24:07.287Z] E0512 09:24:07.286789   19012 watch.go:40] Failed to load config from "c:\\Users\\Usr\\Documents\\MiniAgente\\dataconnect": could not find dataconnect.yaml in `c:\Users\Usr\Documents\MiniAgente\dataconnect`
 {"metadata":{"emulator":{"name":"dataconnect"},"message":"E0512 09:24:07.286789   19012 watch.go:40] Failed to load config from \"c:\\\\Users\\\\Usr\\\\Documents\\\\MiniAgente\\\\dataconnect\": could not find dataconnect.yaml in `c:\\Users\\Usr\\Documents\\MiniAgente\\dataconnect`\n"}}
[debug] [2026-05-12T12:24:17.287Z] E0512 09:24:17.286694   19012 watch.go:40] Failed to load config from "c:\\Users\\Usr\\Documents\\MiniAgente\\dataconnect": could not find dataconnect.yaml in `c:\Users\Usr\Documents\MiniAgente\dataconnect`
 {"metadata":{"emulator":{"name":"dataconnect"},"message":"E0512 09:24:17.286694   19012 watch.go:40] Failed to load config from \"c:\\\\Users\\\\Usr\\\\Documents\\\\MiniAgente\\\\dataconnect\": could not find dataconnect.yaml in `c:\\Users\\Usr\\Documents\\MiniAgente\\dataconnect`\n"}}
[debug] [2026-05-12T12:24:27.287Z] E0512 09:24:27.286477   19012 watch.go:40] Failed to load config from "c:\\Users\\Usr\\Documents\\MiniAgente\\dataconnect": could not find dataconnect.yaml in `c:\Users\Usr\Documents\MiniAgente\dataconnect`
 {"metadata":{"emulator":{"name":"dataconnect"},"message":"E0512 09:24:27.286477   19012 watch.go:40] Failed to load config from \"c:\\\\Users\\\\Usr\\\\Documents\\\\MiniAgente\\\\dataconnect\": could not find dataconnect.yaml in `c:\\Users\\Usr\\Documents\\MiniAgente\\dataconnect`\n"}}
[debug] [2026-05-12T12:24:37.288Z] E0512 09:24:37.286252   19012 watch.go:40] Failed to load config from "c:\\Users\\Usr\\Documents\\MiniAgente\\dataconnect": could not find dataconnect.yaml in `c:\Users\Usr\Documents\MiniAgente\dataconnect`
 {"metadata":{"emulator":{"name":"dataconnect"},"message":"E0512 09:24:37.286252   19012 watch.go:40] Failed to load config from \"c:\\\\Users\\\\Usr\\\\Documents\\\\MiniAgente\\\\dataconnect\": could not find dataconnect.yaml in `c:\\Users\\Usr\\Documents\\MiniAgente\\dataconnect`\n"}}
[debug] [2026-05-12T12:24:47.286Z] E0512 09:24:47.286130   19012 watch.go:40] Failed to load config from "c:\\Users\\Usr\\Documents\\MiniAgente\\dataconnect": could not find dataconnect.yaml in `c:\Users\Usr\Documents\MiniAgente\dataconnect`
 {"metadata":{"emulator":{"name":"dataconnect"},"message":"E0512 09:24:47.286130   19012 watch.go:40] Failed to load config from \"c:\\\\Users\\\\Usr\\\\Documents\\\\MiniAgente\\\\dataconnect\": could not find dataconnect.yaml in `c:\\Users\\Usr\\Documents\\MiniAgente\\dataconnect`\n"}}
[debug] [2026-05-12T12:24:57.286Z] E0512 09:24:57.286372   19012 watch.go:40] Failed to load config from "c:\\Users\\Usr\\Documents\\MiniAgente\\dataconnect": could not find dataconnect.yaml in `c:\Users\Usr\Documents\MiniAgente\dataconnect`
 {"metadata":{"emulator":{"name":"dataconnect"},"message":"E0512 09:24:57.286372   19012 watch.go:40] Failed to load config from \"c:\\\\Users\\\\Usr\\\\Documents\\\\MiniAgente\\\\dataconnect\": could not find dataconnect.yaml in `c:\\Users\\Usr\\Documents\\MiniAgente\\dataconnect`\n"}}
[debug] [2026-05-12T12:25:07.286Z] E0512 09:25:07.285960   19012 watch.go:116] watchAllDir unable to walk dir `c:\Users\Usr\Documents\MiniAgente\dataconnect`: GetFileAttributesEx c:\Users\Usr\Documents\MiniAgente\dataconnect: The system cannot find the file specified.
 {"metadata":{"emulator":{"name":"dataconnect"},"message":"E0512 09:25:07.285960   19012 watch.go:116] watchAllDir unable to walk dir `c:\\Users\\Usr\\Documents\\MiniAgente\\dataconnect`: GetFileAttributesEx c:\\Users\\Usr\\Documents\\MiniAgente\\dataconnect: The system cannot find the file specified.\n"}}
[debug] [2026-05-12T12:25:07.286Z] E0512 09:25:07.285960   19012 watch.go:40] Failed to load config from "c:\\Users\\Usr\\Documents\\MiniAgente\\dataconnect": could not find dataconnect.yaml in `c:\Users\Usr\Documents\MiniAgente\dataconnect`
 {"metadata":{"emulator":{"name":"dataconnect"},"message":"E0512 09:25:07.285960   19012 watch.go:40] Failed to load config from \"c:\\\\Users\\\\Usr\\\\Documents\\\\MiniAgente\\\\dataconnect\": could not find dataconnect.yaml in `c:\\Users\\Usr\\Documents\\MiniAgente\\dataconnect`\n"}}
[debug] [2026-05-12T12:25:17.286Z] E0512 09:25:17.286163   19012 watch.go:40] Failed to load config from "c:\\Users\\Usr\\Documents\\MiniAgente\\dataconnect": could not find dataconnect.yaml in `c:\Users\Usr\Documents\MiniAgente\dataconnect`
 {"metadata":{"emulator":{"name":"dataconnect"},"message":"E0512 09:25:17.286163   19012 watch.go:40] Failed to load config from \"c:\\\\Users\\\\Usr\\\\Documents\\\\MiniAgente\\\\dataconnect\": could not find dataconnect.yaml in `c:\\Users\\Usr\\Documents\\MiniAgente\\dataconnect`\n"}}
[debug] [2026-05-12T12:25:27.286Z] E0512 09:25:27.285886   19012 watch.go:40] Failed to load config from "c:\\Users\\Usr\\Documents\\MiniAgente\\dataconnect": could not find dataconnect.yaml in `c:\Users\Usr\Documents\MiniAgente\dataconnect`
 {"metadata":{"emulator":{"name":"dataconnect"},"message":"E0512 09:25:27.285886   19012 watch.go:40] Failed to load config from \"c:\\\\Users\\\\Usr\\\\Documents\\\\MiniAgente\\\\dataconnect\": could not find dataconnect.yaml in `c:\\Users\\Usr\\Documents\\MiniAgente\\dataconnect`\n"}}
[debug] [2026-05-12T12:25:37.286Z] E0512 09:25:37.285834   19012 watch.go:40] Failed to load config from "c:\\Users\\Usr\\Documents\\MiniAgente\\dataconnect": could not find dataconnect.yaml in `c:\Users\Usr\Documents\MiniAgente\dataconnect`
 {"metadata":{"emulator":{"name":"dataconnect"},"message":"E0512 09:25:37.285834   19012 watch.go:40] Failed to load config from \"c:\\\\Users\\\\Usr\\\\Documents\\\\MiniAgente\\\\dataconnect\": could not find dataconnect.yaml in `c:\\Users\\Usr\\Documents\\MiniAgente\\dataconnect`\n"}}
[debug] [2026-05-12T12:25:47.286Z] E0512 09:25:47.285678   19012 watch.go:40] Failed to load config from "c:\\Users\\Usr\\Documents\\MiniAgente\\dataconnect": could not find dataconnect.yaml in `c:\Users\Usr\Documents\MiniAgente\dataconnect`
 {"metadata":{"emulator":{"name":"dataconnect"},"message":"E0512 09:25:47.285678   19012 watch.go:40] Failed to load config from \"c:\\\\Users\\\\Usr\\\\Documents\\\\MiniAgente\\\\dataconnect\": could not find dataconnect.yaml in `c:\\Users\\Usr\\Documents\\MiniAgente\\dataconnect`\n"}}
[debug] [2026-05-12T12:25:57.285Z] E0512 09:25:57.285512   19012 watch.go:40] Failed to load config from "c:\\Users\\Usr\\Documents\\MiniAgente\\dataconnect": could not find dataconnect.yaml in `c:\Users\Usr\Documents\MiniAgente\dataconnect`
 {"metadata":{"emulator":{"name":"dataconnect"},"message":"E0512 09:25:57.285512   19012 watch.go:40] Failed to load config from \"c:\\\\Users\\\\Usr\\\\Documents\\\\MiniAgente\\\\dataconnect\": could not find dataconnect.yaml in `c:\\Users\\Usr\\Documents\\MiniAgente\\dataconnect`\n"}}
[debug] [2026-05-12T12:26:07.286Z] E0512 09:26:07.285576   19012 watch.go:116] watchAllDir unable to walk dir `c:\Users\Usr\Documents\MiniAgente\dataconnect`: GetFileAttributesEx c:\Users\Usr\Documents\MiniAgente\dataconnect: The system cannot find the file specified.
E0512 09:26:07.285576   19012 watch.go:40] Failed to load config from "c:\\Users\\Usr\\Documents\\MiniAgente\\dataconnect": could not find dataconnect.yaml in `c:\Users\Usr\Documents\MiniAgente\dataconnect`
 {"metadata":{"emulator":{"name":"dataconnect"},"message":"E0512 09:26:07.285576   19012 watch.go:116] watchAllDir unable to walk dir `c:\\Users\\Usr\\Documents\\MiniAgente\\dataconnect`: GetFileAttributesEx c:\\Users\\Usr\\Documents\\MiniAgente\\dataconnect: The system cannot find the file specified.\nE0512 09:26:07.285576   19012 watch.go:40] Failed to load config from \"c:\\\\Users\\\\Usr\\\\Documents\\\\MiniAgente\\\\dataconnect\": could not find dataconnect.yaml in `c:\\Users\\Usr\\Documents\\MiniAgente\\dataconnect`\n"}}
[debug] [2026-05-12T12:26:17.286Z] E0512 09:26:17.285867   19012 watch.go:40] Failed to load config from "c:\\Users\\Usr\\Documents\\MiniAgente\\dataconnect": could not find dataconnect.yaml in `c:\Users\Usr\Documents\MiniAgente\dataconnect`
 {"metadata":{"emulator":{"name":"dataconnect"},"message":"E0512 09:26:17.285867   19012 watch.go:40] Failed to load config from \"c:\\\\Users\\\\Usr\\\\Documents\\\\MiniAgente\\\\dataconnect\": could not find dataconnect.yaml in `c:\\Users\\Usr\\Documents\\MiniAgente\\dataconnect`\n"}}
[debug] [2026-05-12T12:26:27.286Z] E0512 09:26:27.285700   19012 watch.go:40] Failed to load config from "c:\\Users\\Usr\\Documents\\MiniAgente\\dataconnect": could not find dataconnect.yaml in `c:\Users\Usr\Documents\MiniAgente\dataconnect`
 {"metadata":{"emulator":{"name":"dataconnect"},"message":"E0512 09:26:27.285700   19012 watch.go:40] Failed to load config from \"c:\\\\Users\\\\Usr\\\\Documents\\\\MiniAgente\\\\dataconnect\": could not find dataconnect.yaml in `c:\\Users\\Usr\\Documents\\MiniAgente\\dataconnect`\n"}}
[debug] [2026-05-12T12:26:37.286Z] E0512 09:26:37.285746   19012 watch.go:40] Failed to load config from "c:\\Users\\Usr\\Documents\\MiniAgente\\dataconnect": could not find dataconnect.yaml in `c:\Users\Usr\Documents\MiniAgente\dataconnect`
 {"metadata":{"emulator":{"name":"dataconnect"},"message":"E0512 09:26:37.285746   19012 watch.go:40] Failed to load config from \"c:\\\\Users\\\\Usr\\\\Documents\\\\MiniAgente\\\\dataconnect\": could not find dataconnect.yaml in `c:\\Users\\Usr\\Documents\\MiniAgente\\dataconnect`\n"}}
[debug] [2026-05-12T12:26:47.285Z] E0512 09:26:47.285343   19012 watch.go:40] Failed to load config from "c:\\Users\\Usr\\Documents\\MiniAgente\\dataconnect": could not find dataconnect.yaml in `c:\Users\Usr\Documents\MiniAgente\dataconnect`
 {"metadata":{"emulator":{"name":"dataconnect"},"message":"E0512 09:26:47.285343   19012 watch.go:40] Failed to load config from \"c:\\\\Users\\\\Usr\\\\Documents\\\\MiniAgente\\\\dataconnect\": could not find dataconnect.yaml in `c:\\Users\\Usr\\Documents\\MiniAgente\\dataconnect`\n"}}
[debug] [2026-05-12T12:26:57.285Z] E0512 09:26:57.284960   19012 watch.go:40] Failed to load config from "c:\\Users\\Usr\\Documents\\MiniAgente\\dataconnect": could not find dataconnect.yaml in `c:\Users\Usr\Documents\MiniAgente\dataconnect`
 {"metadata":{"emulator":{"name":"dataconnect"},"message":"E0512 09:26:57.284960   19012 watch.go:40] Failed to load config from \"c:\\\\Users\\\\Usr\\\\Documents\\\\MiniAgente\\\\dataconnect\": could not find dataconnect.yaml in `c:\\Users\\Usr\\Documents\\MiniAgente\\dataconnect`\n"}}
[debug] [2026-05-12T12:27:04.286Z] [Firebase Plugin] Received emulators started notification. Running detection.
[debug] [2026-05-12T12:27:04.287Z] Found emulator hub locator: {"version":"15.17.0","origins":["http://127.0.0.1:4400","http://[::1]:4400"],"pid":5108}
[debug] [2026-05-12T12:27:04.288Z] >>> [apiv2][query] GET http://127.0.0.1:4400/emulators [none]
[debug] [2026-05-12T12:27:04.314Z] <<< [apiv2][status] GET http://127.0.0.1:4400/emulators 200
[debug] [2026-05-12T12:27:04.315Z] <<< [apiv2][body] GET http://127.0.0.1:4400/emulators {"hub":{"listen":[{"address":"127.0.0.1","family":"IPv4","port":4400},{"address":"::1","family":"IPv6","port":4400}],"name":"hub","host":"127.0.0.1","port":4400},"ui":{"listen":[{"address":"127.0.0.1","family":"IPv4","port":4000},{"address":"::1","family":"IPv6","port":4000}],"name":"ui","host":"127.0.0.1","port":4000},"logging":{"listen":[{"address":"127.0.0.1","family":"IPv4","port":4500}],"name":"logging","host":"127.0.0.1","port":4500},"firestore":{"listen":[{"address":"127.0.0.1","family":"IPv4","port":8080}],"name":"firestore","host":"127.0.0.1","port":8080,"pid":20084,"reservedPorts":[9150],"webSocketHost":"127.0.0.1","webSocketPort":9150}}
[debug] [2026-05-12T12:27:07.285Z] E0512 09:27:07.285287   19012 watch.go:116] watchAllDir unable to walk dir `c:\Users\Usr\Documents\MiniAgente\dataconnect`: GetFileAttributesEx c:\Users\Usr\Documents\MiniAgente\dataconnect: The system cannot find the file specified.
 {"metadata":{"emulator":{"name":"dataconnect"},"message":"E0512 09:27:07.285287   19012 watch.go:116] watchAllDir unable to walk dir `c:\\Users\\Usr\\Documents\\MiniAgente\\dataconnect`: GetFileAttributesEx c:\\Users\\Usr\\Documents\\MiniAgente\\dataconnect: The system cannot find the file specified.\n"}}
[debug] [2026-05-12T12:27:07.286Z] E0512 09:27:07.285287   19012 watch.go:40] Failed to load config from "c:\\Users\\Usr\\Documents\\MiniAgente\\dataconnect": could not find dataconnect.yaml in `c:\Users\Usr\Documents\MiniAgente\dataconnect`
 {"metadata":{"emulator":{"name":"dataconnect"},"message":"E0512 09:27:07.285287   19012 watch.go:40] Failed to load config from \"c:\\\\Users\\\\Usr\\\\Documents\\\\MiniAgente\\\\dataconnect\": could not find dataconnect.yaml in `c:\\Users\\Usr\\Documents\\MiniAgente\\dataconnect`\n"}}
[debug] [2026-05-12T12:27:17.285Z] E0512 09:27:17.284812   19012 watch.go:40] Failed to load config from "c:\\Users\\Usr\\Documents\\MiniAgente\\dataconnect": could not find dataconnect.yaml in `c:\Users\Usr\Documents\MiniAgente\dataconnect`
 {"metadata":{"emulator":{"name":"dataconnect"},"message":"E0512 09:27:17.284812   19012 watch.go:40] Failed to load config from \"c:\\\\Users\\\\Usr\\\\Documents\\\\MiniAgente\\\\dataconnect\": could not find dataconnect.yaml in `c:\\Users\\Usr\\Documents\\MiniAgente\\dataconnect`\n"}}
[debug] [2026-05-12T12:27:27.285Z] E0512 09:27:27.284915   19012 watch.go:40] Failed to load config from "c:\\Users\\Usr\\Documents\\MiniAgente\\dataconnect": could not find dataconnect.yaml in `c:\Users\Usr\Documents\MiniAgente\dataconnect`
 {"metadata":{"emulator":{"name":"dataconnect"},"message":"E0512 09:27:27.284915   19012 watch.go:40] Failed to load config from \"c:\\\\Users\\\\Usr\\\\Documents\\\\MiniAgente\\\\dataconnect\": could not find dataconnect.yaml in `c:\\Users\\Usr\\Documents\\MiniAgente\\dataconnect`\n"}}
[debug] [2026-05-12T12:27:37.285Z] E0512 09:27:37.285006   19012 watch.go:40] Failed to load config from "c:\\Users\\Usr\\Documents\\MiniAgente\\dataconnect": could not find dataconnect.yaml in `c:\Users\Usr\Documents\MiniAgente\dataconnect`
 {"metadata":{"emulator":{"name":"dataconnect"},"message":"E0512 09:27:37.285006   19012 watch.go:40] Failed to load config from \"c:\\\\Users\\\\Usr\\\\Documents\\\\MiniAgente\\\\dataconnect\": could not find dataconnect.yaml in `c:\\Users\\Usr\\Documents\\MiniAgente\\dataconnect`\n"}}
[debug] [2026-05-12T12:27:47.285Z] E0512 09:27:47.284691   19012 watch.go:40] Failed to load config from "c:\\Users\\Usr\\Documents\\MiniAgente\\dataconnect": could not find dataconnect.yaml in `c:\Users\Usr\Documents\MiniAgente\dataconnect`
 {"metadata":{"emulator":{"name":"dataconnect"},"message":"E0512 09:27:47.284691   19012 watch.go:40] Failed to load config from \"c:\\\\Users\\\\Usr\\\\Documents\\\\MiniAgente\\\\dataconnect\": could not find dataconnect.yaml in `c:\\Users\\Usr\\Documents\\MiniAgente\\dataconnect`\n"}}
[debug] [2026-05-12T12:27:57.285Z] E0512 09:27:57.284733   19012 watch.go:40] Failed to load config from "c:\\Users\\Usr\\Documents\\MiniAgente\\dataconnect": could not find dataconnect.yaml in `c:\Users\Usr\Documents\MiniAgente\dataconnect`
 {"metadata":{"emulator":{"name":"dataconnect"},"message":"E0512 09:27:57.284733   19012 watch.go:40] Failed to load config from \"c:\\\\Users\\\\Usr\\\\Documents\\\\MiniAgente\\\\dataconnect\": could not find dataconnect.yaml in `c:\\Users\\Usr\\Documents\\MiniAgente\\dataconnect`\n"}}
[debug] [2026-05-12T12:28:07.285Z] E0512 09:28:07.284624   19012 watch.go:116] watchAllDir unable to walk dir `c:\Users\Usr\Documents\MiniAgente\dataconnect`: GetFileAttributesEx c:\Users\Usr\Documents\MiniAgente\dataconnect: The system cannot find the file specified.
 {"metadata":{"emulator":{"name":"dataconnect"},"message":"E0512 09:28:07.284624   19012 watch.go:116] watchAllDir unable to walk dir `c:\\Users\\Usr\\Documents\\MiniAgente\\dataconnect`: GetFileAttributesEx c:\\Users\\Usr\\Documents\\MiniAgente\\dataconnect: The system cannot find the file specified.\n"}}
[debug] [2026-05-12T12:28:07.285Z] E0512 09:28:07.284624   19012 watch.go:40] Failed to load config from "c:\\Users\\Usr\\Documents\\MiniAgente\\dataconnect": could not find dataconnect.yaml in `c:\Users\Usr\Documents\MiniAgente\dataconnect`
 {"metadata":{"emulator":{"name":"dataconnect"},"message":"E0512 09:28:07.284624   19012 watch.go:40] Failed to load config from \"c:\\\\Users\\\\Usr\\\\Documents\\\\MiniAgente\\\\dataconnect\": could not find dataconnect.yaml in `c:\\Users\\Usr\\Documents\\MiniAgente\\dataconnect`\n"}}
[debug] [2026-05-12T12:28:17.285Z] E0512 09:28:17.284766   19012 watch.go:40] Failed to load config from "c:\\Users\\Usr\\Documents\\MiniAgente\\dataconnect": could not find dataconnect.yaml in `c:\Users\Usr\Documents\MiniAgente\dataconnect`
 {"metadata":{"emulator":{"name":"dataconnect"},"message":"E0512 09:28:17.284766   19012 watch.go:40] Failed to load config from \"c:\\\\Users\\\\Usr\\\\Documents\\\\MiniAgente\\\\dataconnect\": could not find dataconnect.yaml in `c:\\Users\\Usr\\Documents\\MiniAgente\\dataconnect`\n"}}
[debug] [2026-05-12T12:28:27.285Z] E0512 09:28:27.284545   19012 watch.go:40] Failed to load config from "c:\\Users\\Usr\\Documents\\MiniAgente\\dataconnect": could not find dataconnect.yaml in `c:\Users\Usr\Documents\MiniAgente\dataconnect`
 {"metadata":{"emulator":{"name":"dataconnect"},"message":"E0512 09:28:27.284545   19012 watch.go:40] Failed to load config from \"c:\\\\Users\\\\Usr\\\\Documents\\\\MiniAgente\\\\dataconnect\": could not find dataconnect.yaml in `c:\\Users\\Usr\\Documents\\MiniAgente\\dataconnect`\n"}}
[debug] [2026-05-12T12:28:37.285Z] E0512 09:28:37.284396   19012 watch.go:40] Failed to load config from "c:\\Users\\Usr\\Documents\\MiniAgente\\dataconnect": could not find dataconnect.yaml in `c:\Users\Usr\Documents\MiniAgente\dataconnect`
 {"metadata":{"emulator":{"name":"dataconnect"},"message":"E0512 09:28:37.284396   19012 watch.go:40] Failed to load config from \"c:\\\\Users\\\\Usr\\\\Documents\\\\MiniAgente\\\\dataconnect\": could not find dataconnect.yaml in `c:\\Users\\Usr\\Documents\\MiniAgente\\dataconnect`\n"}}
[debug] [2026-05-12T12:28:47.284Z] E0512 09:28:47.284219   19012 watch.go:40] Failed to load config from "c:\\Users\\Usr\\Documents\\MiniAgente\\dataconnect": could not find dataconnect.yaml in `c:\Users\Usr\Documents\MiniAgente\dataconnect`
 {"metadata":{"emulator":{"name":"dataconnect"},"message":"E0512 09:28:47.284219   19012 watch.go:40] Failed to load config from \"c:\\\\Users\\\\Usr\\\\Documents\\\\MiniAgente\\\\dataconnect\": could not find dataconnect.yaml in `c:\\Users\\Usr\\Documents\\MiniAgente\\dataconnect`\n"}}
[debug] [2026-05-12T12:28:57.284Z] E0512 09:28:57.283954   19012 watch.go:40] Failed to load config from "c:\\Users\\Usr\\Documents\\MiniAgente\\dataconnect": could not find dataconnect.yaml in `c:\Users\Usr\Documents\MiniAgente\dataconnect`
 {"metadata":{"emulator":{"name":"dataconnect"},"message":"E0512 09:28:57.283954   19012 watch.go:40] Failed to load config from \"c:\\\\Users\\\\Usr\\\\Documents\\\\MiniAgente\\\\dataconnect\": could not find dataconnect.yaml in `c:\\Users\\Usr\\Documents\\MiniAgente\\dataconnect`\n"}}
[debug] [2026-05-12T12:29:07.284Z] E0512 09:29:07.283906   19012 watch.go:40] Failed to load config from "c:\\Users\\Usr\\Documents\\MiniAgente\\dataconnect": could not find dataconnect.yaml in `c:\Users\Usr\Documents\MiniAgente\dataconnect`
 {"metadata":{"emulator":{"name":"dataconnect"},"message":"E0512 09:29:07.283906   19012 watch.go:40] Failed to load config from \"c:\\\\Users\\\\Usr\\\\Documents\\\\MiniAgente\\\\dataconnect\": could not find dataconnect.yaml in `c:\\Users\\Usr\\Documents\\MiniAgente\\dataconnect`\n"}}
[debug] [2026-05-12T12:29:07.285Z] E0512 09:29:07.284413   19012 watch.go:116] watchAllDir unable to walk dir `c:\Users\Usr\Documents\MiniAgente\dataconnect`: GetFileAttributesEx c:\Users\Usr\Documents\MiniAgente\dataconnect: The system cannot find the file specified.
 {"metadata":{"emulator":{"name":"dataconnect"},"message":"E0512 09:29:07.284413   19012 watch.go:116] watchAllDir unable to walk dir `c:\\Users\\Usr\\Documents\\MiniAgente\\dataconnect`: GetFileAttributesEx c:\\Users\\Usr\\Documents\\MiniAgente\\dataconnect: The system cannot find the file specified.\n"}}
[debug] [2026-05-12T12:29:17.284Z] E0512 09:29:17.284178   19012 watch.go:40] Failed to load config from "c:\\Users\\Usr\\Documents\\MiniAgente\\dataconnect": could not find dataconnect.yaml in `c:\Users\Usr\Documents\MiniAgente\dataconnect`
 {"metadata":{"emulator":{"name":"dataconnect"},"message":"E0512 09:29:17.284178   19012 watch.go:40] Failed to load config from \"c:\\\\Users\\\\Usr\\\\Documents\\\\MiniAgente\\\\dataconnect\": could not find dataconnect.yaml in `c:\\Users\\Usr\\Documents\\MiniAgente\\dataconnect`\n"}}
[debug] [2026-05-12T12:29:27.284Z] E0512 09:29:27.283683   19012 watch.go:40] Failed to load config from "c:\\Users\\Usr\\Documents\\MiniAgente\\dataconnect": could not find dataconnect.yaml in `c:\Users\Usr\Documents\MiniAgente\dataconnect`
 {"metadata":{"emulator":{"name":"dataconnect"},"message":"E0512 09:29:27.283683   19012 watch.go:40] Failed to load config from \"c:\\\\Users\\\\Usr\\\\Documents\\\\MiniAgente\\\\dataconnect\": could not find dataconnect.yaml in `c:\\Users\\Usr\\Documents\\MiniAgente\\dataconnect`\n"}}
[debug] [2026-05-12T12:29:37.284Z] E0512 09:29:37.284028   19012 watch.go:40] Failed to load config from "c:\\Users\\Usr\\Documents\\MiniAgente\\dataconnect": could not find dataconnect.yaml in `c:\Users\Usr\Documents\MiniAgente\dataconnect`
 {"metadata":{"emulator":{"name":"dataconnect"},"message":"E0512 09:29:37.284028   19012 watch.go:40] Failed to load config from \"c:\\\\Users\\\\Usr\\\\Documents\\\\MiniAgente\\\\dataconnect\": could not find dataconnect.yaml in `c:\\Users\\Usr\\Documents\\MiniAgente\\dataconnect`\n"}}
[debug] [2026-05-12T12:29:47.284Z] E0512 09:29:47.283729   19012 watch.go:40] Failed to load config from "c:\\Users\\Usr\\Documents\\MiniAgente\\dataconnect": could not find dataconnect.yaml in `c:\Users\Usr\Documents\MiniAgente\dataconnect`
 {"metadata":{"emulator":{"name":"dataconnect"},"message":"E0512 09:29:47.283729   19012 watch.go:40] Failed to load config from \"c:\\\\Users\\\\Usr\\\\Documents\\\\MiniAgente\\\\dataconnect\": could not find dataconnect.yaml in `c:\\Users\\Usr\\Documents\\MiniAgente\\dataconnect`\n"}}
[debug] [2026-05-12T12:29:57.283Z] E0512 09:29:57.283643   19012 watch.go:40] Failed to load config from "c:\\Users\\Usr\\Documents\\MiniAgente\\dataconnect": could not find dataconnect.yaml in `c:\Users\Usr\Documents\MiniAgente\dataconnect`
 {"metadata":{"emulator":{"name":"dataconnect"},"message":"E0512 09:29:57.283643   19012 watch.go:40] Failed to load config from \"c:\\\\Users\\\\Usr\\\\Documents\\\\MiniAgente\\\\dataconnect\": could not find dataconnect.yaml in `c:\\Users\\Usr\\Documents\\MiniAgente\\dataconnect`\n"}}
[debug] [2026-05-12T12:30:07.283Z] E0512 09:30:07.283458   19012 watch.go:116] watchAllDir unable to walk dir `c:\Users\Usr\Documents\MiniAgente\dataconnect`: GetFileAttributesEx c:\Users\Usr\Documents\MiniAgente\dataconnect: The system cannot find the file specified.
 {"metadata":{"emulator":{"name":"dataconnect"},"message":"E0512 09:30:07.283458   19012 watch.go:116] watchAllDir unable to walk dir `c:\\Users\\Usr\\Documents\\MiniAgente\\dataconnect`: GetFileAttributesEx c:\\Users\\Usr\\Documents\\MiniAgente\\dataconnect: The system cannot find the file specified.\n"}}
[debug] [2026-05-12T12:30:07.284Z] E0512 09:30:07.283458   19012 watch.go:40] Failed to load config from "c:\\Users\\Usr\\Documents\\MiniAgente\\dataconnect": could not find dataconnect.yaml in `c:\Users\Usr\Documents\MiniAgente\dataconnect`
 {"metadata":{"emulator":{"name":"dataconnect"},"message":"E0512 09:30:07.283458   19012 watch.go:40] Failed to load config from \"c:\\\\Users\\\\Usr\\\\Documents\\\\MiniAgente\\\\dataconnect\": could not find dataconnect.yaml in `c:\\Users\\Usr\\Documents\\MiniAgente\\dataconnect`\n"}}
[debug] [2026-05-12T12:30:17.283Z] E0512 09:30:17.283318   19012 watch.go:40] Failed to load config from "c:\\Users\\Usr\\Documents\\MiniAgente\\dataconnect": could not find dataconnect.yaml in `c:\Users\Usr\Documents\MiniAgente\dataconnect`
 {"metadata":{"emulator":{"name":"dataconnect"},"message":"E0512 09:30:17.283318   19012 watch.go:40] Failed to load config from \"c:\\\\Users\\\\Usr\\\\Documents\\\\MiniAgente\\\\dataconnect\": could not find dataconnect.yaml in `c:\\Users\\Usr\\Documents\\MiniAgente\\dataconnect`\n"}}
[debug] [2026-05-12T12:30:27.283Z] E0512 09:30:27.283541   19012 watch.go:40] Failed to load config from "c:\\Users\\Usr\\Documents\\MiniAgente\\dataconnect": could not find dataconnect.yaml in `c:\Users\Usr\Documents\MiniAgente\dataconnect`
 {"metadata":{"emulator":{"name":"dataconnect"},"message":"E0512 09:30:27.283541   19012 watch.go:40] Failed to load config from \"c:\\\\Users\\\\Usr\\\\Documents\\\\MiniAgente\\\\dataconnect\": could not find dataconnect.yaml in `c:\\Users\\Usr\\Documents\\MiniAgente\\dataconnect`\n"}}
[debug] [2026-05-12T12:30:37.283Z] E0512 09:30:37.283600   19012 watch.go:40] Failed to load config from "c:\\Users\\Usr\\Documents\\MiniAgente\\dataconnect": could not find dataconnect.yaml in `c:\Users\Usr\Documents\MiniAgente\dataconnect`
 {"metadata":{"emulator":{"name":"dataconnect"},"message":"E0512 09:30:37.283600   19012 watch.go:40] Failed to load config from \"c:\\\\Users\\\\Usr\\\\Documents\\\\MiniAgente\\\\dataconnect\": could not find dataconnect.yaml in `c:\\Users\\Usr\\Documents\\MiniAgente\\dataconnect`\n"}}
[debug] [2026-05-12T12:30:47.283Z] E0512 09:30:47.283346   19012 watch.go:40] Failed to load config from "c:\\Users\\Usr\\Documents\\MiniAgente\\dataconnect": could not find dataconnect.yaml in `c:\Users\Usr\Documents\MiniAgente\dataconnect`
 {"metadata":{"emulator":{"name":"dataconnect"},"message":"E0512 09:30:47.283346   19012 watch.go:40] Failed to load config from \"c:\\\\Users\\\\Usr\\\\Documents\\\\MiniAgente\\\\dataconnect\": could not find dataconnect.yaml in `c:\\Users\\Usr\\Documents\\MiniAgente\\dataconnect`\n"}}
[debug] [2026-05-12T12:30:57.283Z] E0512 09:30:57.283012   19012 watch.go:40] Failed to load config from "c:\\Users\\Usr\\Documents\\MiniAgente\\dataconnect": could not find dataconnect.yaml in `c:\Users\Usr\Documents\MiniAgente\dataconnect`
 {"metadata":{"emulator":{"name":"dataconnect"},"message":"E0512 09:30:57.283012   19012 watch.go:40] Failed to load config from \"c:\\\\Users\\\\Usr\\\\Documents\\\\MiniAgente\\\\dataconnect\": could not find dataconnect.yaml in `c:\\Users\\Usr\\Documents\\MiniAgente\\dataconnect`\n"}}
[debug] [2026-05-12T12:31:07.283Z] E0512 09:31:07.283169   19012 watch.go:116] watchAllDir unable to walk dir `c:\Users\Usr\Documents\MiniAgente\dataconnect`: GetFileAttributesEx c:\Users\Usr\Documents\MiniAgente\dataconnect: The system cannot find the file specified.
 {"metadata":{"emulator":{"name":"dataconnect"},"message":"E0512 09:31:07.283169   19012 watch.go:116] watchAllDir unable to walk dir `c:\\Users\\Usr\\Documents\\MiniAgente\\dataconnect`: GetFileAttributesEx c:\\Users\\Usr\\Documents\\MiniAgente\\dataconnect: The system cannot find the file specified.\n"}}
[debug] [2026-05-12T12:31:07.283Z] E0512 09:31:07.283169   19012 watch.go:40] Failed to load config from "c:\\Users\\Usr\\Documents\\MiniAgente\\dataconnect": could not find dataconnect.yaml in `c:\Users\Usr\Documents\MiniAgente\dataconnect`
 {"metadata":{"emulator":{"name":"dataconnect"},"message":"E0512 09:31:07.283169   19012 watch.go:40] Failed to load config from \"c:\\\\Users\\\\Usr\\\\Documents\\\\MiniAgente\\\\dataconnect\": could not find dataconnect.yaml in `c:\\Users\\Usr\\Documents\\MiniAgente\\dataconnect`\n"}}
[debug] [2026-05-12T12:31:17.283Z] E0512 09:31:17.282830   19012 watch.go:40] Failed to load config from "c:\\Users\\Usr\\Documents\\MiniAgente\\dataconnect": could not find dataconnect.yaml in `c:\Users\Usr\Documents\MiniAgente\dataconnect`
 {"metadata":{"emulator":{"name":"dataconnect"},"message":"E0512 09:31:17.282830   19012 watch.go:40] Failed to load config from \"c:\\\\Users\\\\Usr\\\\Documents\\\\MiniAgente\\\\dataconnect\": could not find dataconnect.yaml in `c:\\Users\\Usr\\Documents\\MiniAgente\\dataconnect`\n"}}
[debug] [2026-05-12T12:31:27.283Z] E0512 09:31:27.282802   19012 watch.go:40] Failed to load config from "c:\\Users\\Usr\\Documents\\MiniAgente\\dataconnect": could not find dataconnect.yaml in `c:\Users\Usr\Documents\MiniAgente\dataconnect`
 {"metadata":{"emulator":{"name":"dataconnect"},"message":"E0512 09:31:27.282802   19012 watch.go:40] Failed to load config from \"c:\\\\Users\\\\Usr\\\\Documents\\\\MiniAgente\\\\dataconnect\": could not find dataconnect.yaml in `c:\\Users\\Usr\\Documents\\MiniAgente\\dataconnect`\n"}}
[debug] [2026-05-12T12:31:37.283Z] E0512 09:31:37.283020   19012 watch.go:40] Failed to load config from "c:\\Users\\Usr\\Documents\\MiniAgente\\dataconnect": could not find dataconnect.yaml in `c:\Users\Usr\Documents\MiniAgente\dataconnect`
 {"metadata":{"emulator":{"name":"dataconnect"},"message":"E0512 09:31:37.283020   19012 watch.go:40] Failed to load config from \"c:\\\\Users\\\\Usr\\\\Documents\\\\MiniAgente\\\\dataconnect\": could not find dataconnect.yaml in `c:\\Users\\Usr\\Documents\\MiniAgente\\dataconnect`\n"}}
[debug] [2026-05-12T12:31:47.283Z] E0512 09:31:47.283012   19012 watch.go:40] Failed to load config from "c:\\Users\\Usr\\Documents\\MiniAgente\\dataconnect": could not find dataconnect.yaml in `c:\Users\Usr\Documents\MiniAgente\dataconnect`
 {"metadata":{"emulator":{"name":"dataconnect"},"message":"E0512 09:31:47.283012   19012 watch.go:40] Failed to load config from \"c:\\\\Users\\\\Usr\\\\Documents\\\\MiniAgente\\\\dataconnect\": could not find dataconnect.yaml in `c:\\Users\\Usr\\Documents\\MiniAgente\\dataconnect`\n"}}
[debug] [2026-05-12T12:31:57.282Z] E0512 09:31:57.282929   19012 watch.go:40] Failed to load config from "c:\\Users\\Usr\\Documents\\MiniAgente\\dataconnect": could not find dataconnect.yaml in `c:\Users\Usr\Documents\MiniAgente\dataconnect`
 {"metadata":{"emulator":{"name":"dataconnect"},"message":"E0512 09:31:57.282929   19012 watch.go:40] Failed to load config from \"c:\\\\Users\\\\Usr\\\\Documents\\\\MiniAgente\\\\dataconnect\": could not find dataconnect.yaml in `c:\\Users\\Usr\\Documents\\MiniAgente\\dataconnect`\n"}}
[debug] [2026-05-12T12:32:07.282Z] E0512 09:32:07.282543   19012 watch.go:116] watchAllDir unable to walk dir `c:\Users\Usr\Documents\MiniAgente\dataconnect`: GetFileAttributesEx c:\Users\Usr\Documents\MiniAgente\dataconnect: The system cannot find the file specified.
 {"metadata":{"emulator":{"name":"dataconnect"},"message":"E0512 09:32:07.282543   19012 watch.go:116] watchAllDir unable to walk dir `c:\\Users\\Usr\\Documents\\MiniAgente\\dataconnect`: GetFileAttributesEx c:\\Users\\Usr\\Documents\\MiniAgente\\dataconnect: The system cannot find the file specified.\n"}}
[debug] [2026-05-12T12:32:07.283Z] E0512 09:32:07.282543   19012 watch.go:40] Failed to load config from "c:\\Users\\Usr\\Documents\\MiniAgente\\dataconnect": could not find dataconnect.yaml in `c:\Users\Usr\Documents\MiniAgente\dataconnect`
 {"metadata":{"emulator":{"name":"dataconnect"},"message":"E0512 09:32:07.282543   19012 watch.go:40] Failed to load config from \"c:\\\\Users\\\\Usr\\\\Documents\\\\MiniAgente\\\\dataconnect\": could not find dataconnect.yaml in `c:\\Users\\Usr\\Documents\\MiniAgente\\dataconnect`\n"}}
[debug] [2026-05-12T12:32:17.282Z] E0512 09:32:17.282534   19012 watch.go:40] Failed to load config from "c:\\Users\\Usr\\Documents\\MiniAgente\\dataconnect": could not find dataconnect.yaml in `c:\Users\Usr\Documents\MiniAgente\dataconnect`
 {"metadata":{"emulator":{"name":"dataconnect"},"message":"E0512 09:32:17.282534   19012 watch.go:40] Failed to load config from \"c:\\\\Users\\\\Usr\\\\Documents\\\\MiniAgente\\\\dataconnect\": could not find dataconnect.yaml in `c:\\Users\\Usr\\Documents\\MiniAgente\\dataconnect`\n"}}
[debug] [2026-05-12T12:32:27.282Z] E0512 09:32:27.282713   19012 watch.go:40] Failed to load config from "c:\\Users\\Usr\\Documents\\MiniAgente\\dataconnect": could not find dataconnect.yaml in `c:\Users\Usr\Documents\MiniAgente\dataconnect`
 {"metadata":{"emulator":{"name":"dataconnect"},"message":"E0512 09:32:27.282713   19012 watch.go:40] Failed to load config from \"c:\\\\Users\\\\Usr\\\\Documents\\\\MiniAgente\\\\dataconnect\": could not find dataconnect.yaml in `c:\\Users\\Usr\\Documents\\MiniAgente\\dataconnect`\n"}}
[debug] [2026-05-12T12:32:37.282Z] E0512 09:32:37.282376   19012 watch.go:40] Failed to load config from "c:\\Users\\Usr\\Documents\\MiniAgente\\dataconnect": could not find dataconnect.yaml in `c:\Users\Usr\Documents\MiniAgente\dataconnect`
 {"metadata":{"emulator":{"name":"dataconnect"},"message":"E0512 09:32:37.282376   19012 watch.go:40] Failed to load config from \"c:\\\\Users\\\\Usr\\\\Documents\\\\MiniAgente\\\\dataconnect\": could not find dataconnect.yaml in `c:\\Users\\Usr\\Documents\\MiniAgente\\dataconnect`\n"}}
[debug] [2026-05-12T12:32:47.283Z] E0512 09:32:47.282729   19012 watch.go:40] Failed to load config from "c:\\Users\\Usr\\Documents\\MiniAgente\\dataconnect": could not find dataconnect.yaml in `c:\Users\Usr\Documents\MiniAgente\dataconnect`
 {"metadata":{"emulator":{"name":"dataconnect"},"message":"E0512 09:32:47.282729   19012 watch.go:40] Failed to load config from \"c:\\\\Users\\\\Usr\\\\Documents\\\\MiniAgente\\\\dataconnect\": could not find dataconnect.yaml in `c:\\Users\\Usr\\Documents\\MiniAgente\\dataconnect`\n"}}
[debug] [2026-05-12T12:32:57.282Z] E0512 09:32:57.282197   19012 watch.go:40] Failed to load config from "c:\\Users\\Usr\\Documents\\MiniAgente\\dataconnect": could not find dataconnect.yaml in `c:\Users\Usr\Documents\MiniAgente\dataconnect`
 {"metadata":{"emulator":{"name":"dataconnect"},"message":"E0512 09:32:57.282197   19012 watch.go:40] Failed to load config from \"c:\\\\Users\\\\Usr\\\\Documents\\\\MiniAgente\\\\dataconnect\": could not find dataconnect.yaml in `c:\\Users\\Usr\\Documents\\MiniAgente\\dataconnect`\n"}}
[debug] [2026-05-12T12:33:07.282Z] E0512 09:33:07.282251   19012 watch.go:116] watchAllDir unable to walk dir `c:\Users\Usr\Documents\MiniAgente\dataconnect`: GetFileAttributesEx c:\Users\Usr\Documents\MiniAgente\dataconnect: The system cannot find the file specified.
E0512 09:33:07.282251   19012 watch.go:40] Failed to load config from "c:\\Users\\Usr\\Documents\\MiniAgente\\dataconnect": could not find dataconnect.yaml in `c:\Users\Usr\Documents\MiniAgente\dataconnect`
 {"metadata":{"emulator":{"name":"dataconnect"},"message":"E0512 09:33:07.282251   19012 watch.go:116] watchAllDir unable to walk dir `c:\\Users\\Usr\\Documents\\MiniAgente\\dataconnect`: GetFileAttributesEx c:\\Users\\Usr\\Documents\\MiniAgente\\dataconnect: The system cannot find the file specified.\nE0512 09:33:07.282251   19012 watch.go:40] Failed to load config from \"c:\\\\Users\\\\Usr\\\\Documents\\\\MiniAgente\\\\dataconnect\": could not find dataconnect.yaml in `c:\\Users\\Usr\\Documents\\MiniAgente\\dataconnect`\n"}}
[debug] [2026-05-12T12:33:17.282Z] E0512 09:33:17.282196   19012 watch.go:40] Failed to load config from "c:\\Users\\Usr\\Documents\\MiniAgente\\dataconnect": could not find dataconnect.yaml in `c:\Users\Usr\Documents\MiniAgente\dataconnect`
 {"metadata":{"emulator":{"name":"dataconnect"},"message":"E0512 09:33:17.282196   19012 watch.go:40] Failed to load config from \"c:\\\\Users\\\\Usr\\\\Documents\\\\MiniAgente\\\\dataconnect\": could not find dataconnect.yaml in `c:\\Users\\Usr\\Documents\\MiniAgente\\dataconnect`\n"}}
[debug] [2026-05-12T12:33:27.282Z] E0512 09:33:27.281854   19012 watch.go:40] Failed to load config from "c:\\Users\\Usr\\Documents\\MiniAgente\\dataconnect": could not find dataconnect.yaml in `c:\Users\Usr\Documents\MiniAgente\dataconnect`
 {"metadata":{"emulator":{"name":"dataconnect"},"message":"E0512 09:33:27.281854   19012 watch.go:40] Failed to load config from \"c:\\\\Users\\\\Usr\\\\Documents\\\\MiniAgente\\\\dataconnect\": could not find dataconnect.yaml in `c:\\Users\\Usr\\Documents\\MiniAgente\\dataconnect`\n"}}
[debug] [2026-05-12T12:33:37.282Z] E0512 09:33:37.281975   19012 watch.go:40] Failed to load config from "c:\\Users\\Usr\\Documents\\MiniAgente\\dataconnect": could not find dataconnect.yaml in `c:\Users\Usr\Documents\MiniAgente\dataconnect`
 {"metadata":{"emulator":{"name":"dataconnect"},"message":"E0512 09:33:37.281975   19012 watch.go:40] Failed to load config from \"c:\\\\Users\\\\Usr\\\\Documents\\\\MiniAgente\\\\dataconnect\": could not find dataconnect.yaml in `c:\\Users\\Usr\\Documents\\MiniAgente\\dataconnect`\n"}}
[debug] [2026-05-12T12:33:47.282Z] E0512 09:33:47.282012   19012 watch.go:40] Failed to load config from "c:\\Users\\Usr\\Documents\\MiniAgente\\dataconnect": could not find dataconnect.yaml in `c:\Users\Usr\Documents\MiniAgente\dataconnect`
 {"metadata":{"emulator":{"name":"dataconnect"},"message":"E0512 09:33:47.282012   19012 watch.go:40] Failed to load config from \"c:\\\\Users\\\\Usr\\\\Documents\\\\MiniAgente\\\\dataconnect\": could not find dataconnect.yaml in `c:\\Users\\Usr\\Documents\\MiniAgente\\dataconnect`\n"}}
[debug] [2026-05-12T12:33:57.282Z] E0512 09:33:57.281785   19012 watch.go:40] Failed to load config from "c:\\Users\\Usr\\Documents\\MiniAgente\\dataconnect": could not find dataconnect.yaml in `c:\Users\Usr\Documents\MiniAgente\dataconnect`
 {"metadata":{"emulator":{"name":"dataconnect"},"message":"E0512 09:33:57.281785   19012 watch.go:40] Failed to load config from \"c:\\\\Users\\\\Usr\\\\Documents\\\\MiniAgente\\\\dataconnect\": could not find dataconnect.yaml in `c:\\Users\\Usr\\Documents\\MiniAgente\\dataconnect`\n"}}
[debug] [2026-05-12T12:34:07.281Z] E0512 09:34:07.281516   19012 watch.go:116] watchAllDir unable to walk dir `c:\Users\Usr\Documents\MiniAgente\dataconnect`: GetFileAttributesEx c:\Users\Usr\Documents\MiniAgente\dataconnect: The system cannot find the file specified.
E0512 09:34:07.281516   19012 watch.go:40] Failed to load config from "c:\\Users\\Usr\\Documents\\MiniAgente\\dataconnect": could not find dataconnect.yaml in `c:\Users\Usr\Documents\MiniAgente\dataconnect`
 {"metadata":{"emulator":{"name":"dataconnect"},"message":"E0512 09:34:07.281516   19012 watch.go:116] watchAllDir unable to walk dir `c:\\Users\\Usr\\Documents\\MiniAgente\\dataconnect`: GetFileAttributesEx c:\\Users\\Usr\\Documents\\MiniAgente\\dataconnect: The system cannot find the file specified.\nE0512 09:34:07.281516   19012 watch.go:40] Failed to load config from \"c:\\\\Users\\\\Usr\\\\Documents\\\\MiniAgente\\\\dataconnect\": could not find dataconnect.yaml in `c:\\Users\\Usr\\Documents\\MiniAgente\\dataconnect`\n"}}
[debug] [2026-05-12T12:34:17.281Z] E0512 09:34:17.281404   19012 watch.go:40] Failed to load config from "c:\\Users\\Usr\\Documents\\MiniAgente\\dataconnect": could not find dataconnect.yaml in `c:\Users\Usr\Documents\MiniAgente\dataconnect`
 {"metadata":{"emulator":{"name":"dataconnect"},"message":"E0512 09:34:17.281404   19012 watch.go:40] Failed to load config from \"c:\\\\Users\\\\Usr\\\\Documents\\\\MiniAgente\\\\dataconnect\": could not find dataconnect.yaml in `c:\\Users\\Usr\\Documents\\MiniAgente\\dataconnect`\n"}}
[debug] [2026-05-12T12:34:27.281Z] E0512 09:34:27.281325   19012 watch.go:40] Failed to load config from "c:\\Users\\Usr\\Documents\\MiniAgente\\dataconnect": could not find dataconnect.yaml in `c:\Users\Usr\Documents\MiniAgente\dataconnect`
 {"metadata":{"emulator":{"name":"dataconnect"},"message":"E0512 09:34:27.281325   19012 watch.go:40] Failed to load config from \"c:\\\\Users\\\\Usr\\\\Documents\\\\MiniAgente\\\\dataconnect\": could not find dataconnect.yaml in `c:\\Users\\Usr\\Documents\\MiniAgente\\dataconnect`\n"}}
[debug] [2026-05-12T12:34:37.281Z] E0512 09:34:37.281444   19012 watch.go:40] Failed to load config from "c:\\Users\\Usr\\Documents\\MiniAgente\\dataconnect": could not find dataconnect.yaml in `c:\Users\Usr\Documents\MiniAgente\dataconnect`
 {"metadata":{"emulator":{"name":"dataconnect"},"message":"E0512 09:34:37.281444   19012 watch.go:40] Failed to load config from \"c:\\\\Users\\\\Usr\\\\Documents\\\\MiniAgente\\\\dataconnect\": could not find dataconnect.yaml in `c:\\Users\\Usr\\Documents\\MiniAgente\\dataconnect`\n"}}
[debug] [2026-05-12T12:34:47.281Z] E0512 09:34:47.281152   19012 watch.go:40] Failed to load config from "c:\\Users\\Usr\\Documents\\MiniAgente\\dataconnect": could not find dataconnect.yaml in `c:\Users\Usr\Documents\MiniAgente\dataconnect`
 {"metadata":{"emulator":{"name":"dataconnect"},"message":"E0512 09:34:47.281152   19012 watch.go:40] Failed to load config from \"c:\\\\Users\\\\Usr\\\\Documents\\\\MiniAgente\\\\dataconnect\": could not find dataconnect.yaml in `c:\\Users\\Usr\\Documents\\MiniAgente\\dataconnect`\n"}}
[debug] [2026-05-12T12:34:57.281Z] E0512 09:34:57.281415   19012 watch.go:40] Failed to load config from "c:\\Users\\Usr\\Documents\\MiniAgente\\dataconnect": could not find dataconnect.yaml in `c:\Users\Usr\Documents\MiniAgente\dataconnect`
 {"metadata":{"emulator":{"name":"dataconnect"},"message":"E0512 09:34:57.281415   19012 watch.go:40] Failed to load config from \"c:\\\\Users\\\\Usr\\\\Documents\\\\MiniAgente\\\\dataconnect\": could not find dataconnect.yaml in `c:\\Users\\Usr\\Documents\\MiniAgente\\dataconnect`\n"}}
[debug] [2026-05-12T12:35:07.281Z] E0512 09:35:07.281268   19012 watch.go:116] watchAllDir unable to walk dir `c:\Users\Usr\Documents\MiniAgente\dataconnect`: GetFileAttributesEx c:\Users\Usr\Documents\MiniAgente\dataconnect: The system cannot find the file specified.
 {"metadata":{"emulator":{"name":"dataconnect"},"message":"E0512 09:35:07.281268   19012 watch.go:116] watchAllDir unable to walk dir `c:\\Users\\Usr\\Documents\\MiniAgente\\dataconnect`: GetFileAttributesEx c:\\Users\\Usr\\Documents\\MiniAgente\\dataconnect: The system cannot find the file specified.\n"}}
[debug] [2026-05-12T12:35:07.282Z] E0512 09:35:07.281268   19012 watch.go:40] Failed to load config from "c:\\Users\\Usr\\Documents\\MiniAgente\\dataconnect": could not find dataconnect.yaml in `c:\Users\Usr\Documents\MiniAgente\dataconnect`
 {"metadata":{"emulator":{"name":"dataconnect"},"message":"E0512 09:35:07.281268   19012 watch.go:40] Failed to load config from \"c:\\\\Users\\\\Usr\\\\Documents\\\\MiniAgente\\\\dataconnect\": could not find dataconnect.yaml in `c:\\Users\\Usr\\Documents\\MiniAgente\\dataconnect`\n"}}
[debug] [2026-05-12T12:35:17.281Z] E0512 09:35:17.281011   19012 watch.go:40] Failed to load config from "c:\\Users\\Usr\\Documents\\MiniAgente\\dataconnect": could not find dataconnect.yaml in `c:\Users\Usr\Documents\MiniAgente\dataconnect`
 {"metadata":{"emulator":{"name":"dataconnect"},"message":"E0512 09:35:17.281011   19012 watch.go:40] Failed to load config from \"c:\\\\Users\\\\Usr\\\\Documents\\\\MiniAgente\\\\dataconnect\": could not find dataconnect.yaml in `c:\\Users\\Usr\\Documents\\MiniAgente\\dataconnect`\n"}}
[debug] [2026-05-12T12:35:27.281Z] E0512 09:35:27.281009   19012 watch.go:40] Failed to load config from "c:\\Users\\Usr\\Documents\\MiniAgente\\dataconnect": could not find dataconnect.yaml in `c:\Users\Usr\Documents\MiniAgente\dataconnect`
 {"metadata":{"emulator":{"name":"dataconnect"},"message":"E0512 09:35:27.281009   19012 watch.go:40] Failed to load config from \"c:\\\\Users\\\\Usr\\\\Documents\\\\MiniAgente\\\\dataconnect\": could not find dataconnect.yaml in `c:\\Users\\Usr\\Documents\\MiniAgente\\dataconnect`\n"}}
[debug] [2026-05-12T12:35:37.281Z] E0512 09:35:37.280890   19012 watch.go:40] Failed to load config from "c:\\Users\\Usr\\Documents\\MiniAgente\\dataconnect": could not find dataconnect.yaml in `c:\Users\Usr\Documents\MiniAgente\dataconnect`
 {"metadata":{"emulator":{"name":"dataconnect"},"message":"E0512 09:35:37.280890   19012 watch.go:40] Failed to load config from \"c:\\\\Users\\\\Usr\\\\Documents\\\\MiniAgente\\\\dataconnect\": could not find dataconnect.yaml in `c:\\Users\\Usr\\Documents\\MiniAgente\\dataconnect`\n"}}
[debug] [2026-05-12T12:35:47.281Z] E0512 09:35:47.280918   19012 watch.go:40] Failed to load config from "c:\\Users\\Usr\\Documents\\MiniAgente\\dataconnect": could not find dataconnect.yaml in `c:\Users\Usr\Documents\MiniAgente\dataconnect`
 {"metadata":{"emulator":{"name":"dataconnect"},"message":"E0512 09:35:47.280918   19012 watch.go:40] Failed to load config from \"c:\\\\Users\\\\Usr\\\\Documents\\\\MiniAgente\\\\dataconnect\": could not find dataconnect.yaml in `c:\\Users\\Usr\\Documents\\MiniAgente\\dataconnect`\n"}}
[debug] [2026-05-12T12:35:57.281Z] E0512 09:35:57.280912   19012 watch.go:40] Failed to load config from "c:\\Users\\Usr\\Documents\\MiniAgente\\dataconnect": could not find dataconnect.yaml in `c:\Users\Usr\Documents\MiniAgente\dataconnect`
 {"metadata":{"emulator":{"name":"dataconnect"},"message":"E0512 09:35:57.280912   19012 watch.go:40] Failed to load config from \"c:\\\\Users\\\\Usr\\\\Documents\\\\MiniAgente\\\\dataconnect\": could not find dataconnect.yaml in `c:\\Users\\Usr\\Documents\\MiniAgente\\dataconnect`\n"}}
[debug] [2026-05-12T12:36:07.281Z] E0512 09:36:07.280681   19012 watch.go:116] watchAllDir unable to walk dir `c:\Users\Usr\Documents\MiniAgente\dataconnect`: GetFileAttributesEx c:\Users\Usr\Documents\MiniAgente\dataconnect: The system cannot find the file specified.
E0512 09:36:07.280681   19012 watch.go:40] Failed to load config from "c:\\Users\\Usr\\Documents\\MiniAgente\\dataconnect": could not find dataconnect.yaml in `c:\Users\Usr\Documents\MiniAgente\dataconnect`
 {"metadata":{"emulator":{"name":"dataconnect"},"message":"E0512 09:36:07.280681   19012 watch.go:116] watchAllDir unable to walk dir `c:\\Users\\Usr\\Documents\\MiniAgente\\dataconnect`: GetFileAttributesEx c:\\Users\\Usr\\Documents\\MiniAgente\\dataconnect: The system cannot find the file specified.\nE0512 09:36:07.280681   19012 watch.go:40] Failed to load config from \"c:\\\\Users\\\\Usr\\\\Documents\\\\MiniAgente\\\\dataconnect\": could not find dataconnect.yaml in `c:\\Users\\Usr\\Documents\\MiniAgente\\dataconnect`\n"}}
[debug] [2026-05-12T12:36:17.281Z] E0512 09:36:17.280565   19012 watch.go:40] Failed to load config from "c:\\Users\\Usr\\Documents\\MiniAgente\\dataconnect": could not find dataconnect.yaml in `c:\Users\Usr\Documents\MiniAgente\dataconnect`
 {"metadata":{"emulator":{"name":"dataconnect"},"message":"E0512 09:36:17.280565   19012 watch.go:40] Failed to load config from \"c:\\\\Users\\\\Usr\\\\Documents\\\\MiniAgente\\\\dataconnect\": could not find dataconnect.yaml in `c:\\Users\\Usr\\Documents\\MiniAgente\\dataconnect`\n"}}
[debug] [2026-05-12T12:36:27.281Z] E0512 09:36:27.280492   19012 watch.go:40] Failed to load config from "c:\\Users\\Usr\\Documents\\MiniAgente\\dataconnect": could not find dataconnect.yaml in `c:\Users\Usr\Documents\MiniAgente\dataconnect`
 {"metadata":{"emulator":{"name":"dataconnect"},"message":"E0512 09:36:27.280492   19012 watch.go:40] Failed to load config from \"c:\\\\Users\\\\Usr\\\\Documents\\\\MiniAgente\\\\dataconnect\": could not find dataconnect.yaml in `c:\\Users\\Usr\\Documents\\MiniAgente\\dataconnect`\n"}}
[debug] [2026-05-12T12:36:37.281Z] E0512 09:36:37.280324   19012 watch.go:40] Failed to load config from "c:\\Users\\Usr\\Documents\\MiniAgente\\dataconnect": could not find dataconnect.yaml in `c:\Users\Usr\Documents\MiniAgente\dataconnect`
 {"metadata":{"emulator":{"name":"dataconnect"},"message":"E0512 09:36:37.280324   19012 watch.go:40] Failed to load config from \"c:\\\\Users\\\\Usr\\\\Documents\\\\MiniAgente\\\\dataconnect\": could not find dataconnect.yaml in `c:\\Users\\Usr\\Documents\\MiniAgente\\dataconnect`\n"}}
[debug] [2026-05-12T12:36:47.280Z] E0512 09:36:47.280259   19012 watch.go:40] Failed to load config from "c:\\Users\\Usr\\Documents\\MiniAgente\\dataconnect": could not find dataconnect.yaml in `c:\Users\Usr\Documents\MiniAgente\dataconnect`
 {"metadata":{"emulator":{"name":"dataconnect"},"message":"E0512 09:36:47.280259   19012 watch.go:40] Failed to load config from \"c:\\\\Users\\\\Usr\\\\Documents\\\\MiniAgente\\\\dataconnect\": could not find dataconnect.yaml in `c:\\Users\\Usr\\Documents\\MiniAgente\\dataconnect`\n"}}
[debug] [2026-05-12T12:36:57.280Z] E0512 09:36:57.280160   19012 watch.go:40] Failed to load config from "c:\\Users\\Usr\\Documents\\MiniAgente\\dataconnect": could not find dataconnect.yaml in `c:\Users\Usr\Documents\MiniAgente\dataconnect`
 {"metadata":{"emulator":{"name":"dataconnect"},"message":"E0512 09:36:57.280160   19012 watch.go:40] Failed to load config from \"c:\\\\Users\\\\Usr\\\\Documents\\\\MiniAgente\\\\dataconnect\": could not find dataconnect.yaml in `c:\\Users\\Usr\\Documents\\MiniAgente\\dataconnect`\n"}}
[debug] [2026-05-12T12:37:07.280Z] E0512 09:37:07.280428   19012 watch.go:116] watchAllDir unable to walk dir `c:\Users\Usr\Documents\MiniAgente\dataconnect`: GetFileAttributesEx c:\Users\Usr\Documents\MiniAgente\dataconnect: The system cannot find the file specified.
 {"metadata":{"emulator":{"name":"dataconnect"},"message":"E0512 09:37:07.280428   19012 watch.go:116] watchAllDir unable to walk dir `c:\\Users\\Usr\\Documents\\MiniAgente\\dataconnect`: GetFileAttributesEx c:\\Users\\Usr\\Documents\\MiniAgente\\dataconnect: The system cannot find the file specified.\n"}}
[debug] [2026-05-12T12:37:07.281Z] E0512 09:37:07.280428   19012 watch.go:40] Failed to load config from "c:\\Users\\Usr\\Documents\\MiniAgente\\dataconnect": could not find dataconnect.yaml in `c:\Users\Usr\Documents\MiniAgente\dataconnect`
 {"metadata":{"emulator":{"name":"dataconnect"},"message":"E0512 09:37:07.280428   19012 watch.go:40] Failed to load config from \"c:\\\\Users\\\\Usr\\\\Documents\\\\MiniAgente\\\\dataconnect\": could not find dataconnect.yaml in `c:\\Users\\Usr\\Documents\\MiniAgente\\dataconnect`\n"}}
[debug] [2026-05-12T12:37:17.280Z] E0512 09:37:17.280164   19012 watch.go:40] Failed to load config from "c:\\Users\\Usr\\Documents\\MiniAgente\\dataconnect": could not find dataconnect.yaml in `c:\Users\Usr\Documents\MiniAgente\dataconnect`
 {"metadata":{"emulator":{"name":"dataconnect"},"message":"E0512 09:37:17.280164   19012 watch.go:40] Failed to load config from \"c:\\\\Users\\\\Usr\\\\Documents\\\\MiniAgente\\\\dataconnect\": could not find dataconnect.yaml in `c:\\Users\\Usr\\Documents\\MiniAgente\\dataconnect`\n"}}
[debug] [2026-05-12T12:37:27.280Z] E0512 09:37:27.280271   19012 watch.go:40] Failed to load config from "c:\\Users\\Usr\\Documents\\MiniAgente\\dataconnect": could not find dataconnect.yaml in `c:\Users\Usr\Documents\MiniAgente\dataconnect`
 {"metadata":{"emulator":{"name":"dataconnect"},"message":"E0512 09:37:27.280271   19012 watch.go:40] Failed to load config from \"c:\\\\Users\\\\Usr\\\\Documents\\\\MiniAgente\\\\dataconnect\": could not find dataconnect.yaml in `c:\\Users\\Usr\\Documents\\MiniAgente\\dataconnect`\n"}}
[debug] [2026-05-12T12:37:37.280Z] E0512 09:37:37.280104   19012 watch.go:40] Failed to load config from "c:\\Users\\Usr\\Documents\\MiniAgente\\dataconnect": could not find dataconnect.yaml in `c:\Users\Usr\Documents\MiniAgente\dataconnect`
 {"metadata":{"emulator":{"name":"dataconnect"},"message":"E0512 09:37:37.280104   19012 watch.go:40] Failed to load config from \"c:\\\\Users\\\\Usr\\\\Documents\\\\MiniAgente\\\\dataconnect\": could not find dataconnect.yaml in `c:\\Users\\Usr\\Documents\\MiniAgente\\dataconnect`\n"}}
[debug] [2026-05-12T12:37:47.280Z] E0512 09:37:47.280119   19012 watch.go:40] Failed to load config from "c:\\Users\\Usr\\Documents\\MiniAgente\\dataconnect": could not find dataconnect.yaml in `c:\Users\Usr\Documents\MiniAgente\dataconnect`
 {"metadata":{"emulator":{"name":"dataconnect"},"message":"E0512 09:37:47.280119   19012 watch.go:40] Failed to load config from \"c:\\\\Users\\\\Usr\\\\Documents\\\\MiniAgente\\\\dataconnect\": could not find dataconnect.yaml in `c:\\Users\\Usr\\Documents\\MiniAgente\\dataconnect`\n"}}
[debug] [2026-05-12T12:37:57.280Z] E0512 09:37:57.279767   19012 watch.go:40] Failed to load config from "c:\\Users\\Usr\\Documents\\MiniAgente\\dataconnect": could not find dataconnect.yaml in `c:\Users\Usr\Documents\MiniAgente\dataconnect`
 {"metadata":{"emulator":{"name":"dataconnect"},"message":"E0512 09:37:57.279767   19012 watch.go:40] Failed to load config from \"c:\\\\Users\\\\Usr\\\\Documents\\\\MiniAgente\\\\dataconnect\": could not find dataconnect.yaml in `c:\\Users\\Usr\\Documents\\MiniAgente\\dataconnect`\n"}}
[debug] [2026-05-12T12:38:07.280Z] E0512 09:38:07.279992   19012 watch.go:116] watchAllDir unable to walk dir `c:\Users\Usr\Documents\MiniAgente\dataconnect`: GetFileAttributesEx c:\Users\Usr\Documents\MiniAgente\dataconnect: The system cannot find the file specified.
 {"metadata":{"emulator":{"name":"dataconnect"},"message":"E0512 09:38:07.279992   19012 watch.go:116] watchAllDir unable to walk dir `c:\\Users\\Usr\\Documents\\MiniAgente\\dataconnect`: GetFileAttributesEx c:\\Users\\Usr\\Documents\\MiniAgente\\dataconnect: The system cannot find the file specified.\n"}}
[debug] [2026-05-12T12:38:07.280Z] E0512 09:38:07.279992   19012 watch.go:40] Failed to load config from "c:\\Users\\Usr\\Documents\\MiniAgente\\dataconnect": could not find dataconnect.yaml in `c:\Users\Usr\Documents\MiniAgente\dataconnect`
 {"metadata":{"emulator":{"name":"dataconnect"},"message":"E0512 09:38:07.279992   19012 watch.go:40] Failed to load config from \"c:\\\\Users\\\\Usr\\\\Documents\\\\MiniAgente\\\\dataconnect\": could not find dataconnect.yaml in `c:\\Users\\Usr\\Documents\\MiniAgente\\dataconnect`\n"}}
[debug] [2026-05-12T12:38:17.280Z] E0512 09:38:17.279646   19012 watch.go:40] Failed to load config from "c:\\Users\\Usr\\Documents\\MiniAgente\\dataconnect": could not find dataconnect.yaml in `c:\Users\Usr\Documents\MiniAgente\dataconnect`
 {"metadata":{"emulator":{"name":"dataconnect"},"message":"E0512 09:38:17.279646   19012 watch.go:40] Failed to load config from \"c:\\\\Users\\\\Usr\\\\Documents\\\\MiniAgente\\\\dataconnect\": could not find dataconnect.yaml in `c:\\Users\\Usr\\Documents\\MiniAgente\\dataconnect`\n"}}
[debug] [2026-05-12T12:38:27.279Z] E0512 09:38:27.279405   19012 watch.go:40] Failed to load config from "c:\\Users\\Usr\\Documents\\MiniAgente\\dataconnect": could not find dataconnect.yaml in `c:\Users\Usr\Documents\MiniAgente\dataconnect`
 {"metadata":{"emulator":{"name":"dataconnect"},"message":"E0512 09:38:27.279405   19012 watch.go:40] Failed to load config from \"c:\\\\Users\\\\Usr\\\\Documents\\\\MiniAgente\\\\dataconnect\": could not find dataconnect.yaml in `c:\\Users\\Usr\\Documents\\MiniAgente\\dataconnect`\n"}}
[debug] [2026-05-12T12:38:37.280Z] E0512 09:38:37.279799   19012 watch.go:40] Failed to load config from "c:\\Users\\Usr\\Documents\\MiniAgente\\dataconnect": could not find dataconnect.yaml in `c:\Users\Usr\Documents\MiniAgente\dataconnect`
 {"metadata":{"emulator":{"name":"dataconnect"},"message":"E0512 09:38:37.279799   19012 watch.go:40] Failed to load config from \"c:\\\\Users\\\\Usr\\\\Documents\\\\MiniAgente\\\\dataconnect\": could not find dataconnect.yaml in `c:\\Users\\Usr\\Documents\\MiniAgente\\dataconnect`\n"}}
[debug] [2026-05-12T12:38:47.280Z] E0512 09:38:47.279594   19012 watch.go:40] Failed to load config from "c:\\Users\\Usr\\Documents\\MiniAgente\\dataconnect": could not find dataconnect.yaml in `c:\Users\Usr\Documents\MiniAgente\dataconnect`
 {"metadata":{"emulator":{"name":"dataconnect"},"message":"E0512 09:38:47.279594   19012 watch.go:40] Failed to load config from \"c:\\\\Users\\\\Usr\\\\Documents\\\\MiniAgente\\\\dataconnect\": could not find dataconnect.yaml in `c:\\Users\\Usr\\Documents\\MiniAgente\\dataconnect`\n"}}
[debug] [2026-05-12T12:38:57.279Z] E0512 09:38:57.279228   19012 watch.go:40] Failed to load config from "c:\\Users\\Usr\\Documents\\MiniAgente\\dataconnect": could not find dataconnect.yaml in `c:\Users\Usr\Documents\MiniAgente\dataconnect`
 {"metadata":{"emulator":{"name":"dataconnect"},"message":"E0512 09:38:57.279228   19012 watch.go:40] Failed to load config from \"c:\\\\Users\\\\Usr\\\\Documents\\\\MiniAgente\\\\dataconnect\": could not find dataconnect.yaml in `c:\\Users\\Usr\\Documents\\MiniAgente\\dataconnect`\n"}}
[debug] [2026-05-12T12:39:07.279Z] E0512 09:39:07.279284   19012 watch.go:116] watchAllDir unable to walk dir `c:\Users\Usr\Documents\MiniAgente\dataconnect`: GetFileAttributesEx c:\Users\Usr\Documents\MiniAgente\dataconnect: The system cannot find the file specified.
 {"metadata":{"emulator":{"name":"dataconnect"},"message":"E0512 09:39:07.279284   19012 watch.go:116] watchAllDir unable to walk dir `c:\\Users\\Usr\\Documents\\MiniAgente\\dataconnect`: GetFileAttributesEx c:\\Users\\Usr\\Documents\\MiniAgente\\dataconnect: The system cannot find the file specified.\n"}}
[debug] [2026-05-12T12:39:07.280Z] E0512 09:39:07.279284   19012 watch.go:40] Failed to load config from "c:\\Users\\Usr\\Documents\\MiniAgente\\dataconnect": could not find dataconnect.yaml in `c:\Users\Usr\Documents\MiniAgente\dataconnect`
 {"metadata":{"emulator":{"name":"dataconnect"},"message":"E0512 09:39:07.279284   19012 watch.go:40] Failed to load config from \"c:\\\\Users\\\\Usr\\\\Documents\\\\MiniAgente\\\\dataconnect\": could not find dataconnect.yaml in `c:\\Users\\Usr\\Documents\\MiniAgente\\dataconnect`\n"}}
[debug] [2026-05-12T12:39:17.279Z] E0512 09:39:17.278999   19012 watch.go:40] Failed to load config from "c:\\Users\\Usr\\Documents\\MiniAgente\\dataconnect": could not find dataconnect.yaml in `c:\Users\Usr\Documents\MiniAgente\dataconnect`
 {"metadata":{"emulator":{"name":"dataconnect"},"message":"E0512 09:39:17.278999   19012 watch.go:40] Failed to load config from \"c:\\\\Users\\\\Usr\\\\Documents\\\\MiniAgente\\\\dataconnect\": could not find dataconnect.yaml in `c:\\Users\\Usr\\Documents\\MiniAgente\\dataconnect`\n"}}
[debug] [2026-05-12T12:39:27.279Z] E0512 09:39:27.279273   19012 watch.go:40] Failed to load config from "c:\\Users\\Usr\\Documents\\MiniAgente\\dataconnect": could not find dataconnect.yaml in `c:\Users\Usr\Documents\MiniAgente\dataconnect`
 {"metadata":{"emulator":{"name":"dataconnect"},"message":"E0512 09:39:27.279273   19012 watch.go:40] Failed to load config from \"c:\\\\Users\\\\Usr\\\\Documents\\\\MiniAgente\\\\dataconnect\": could not find dataconnect.yaml in `c:\\Users\\Usr\\Documents\\MiniAgente\\dataconnect`\n"}}
[debug] [2026-05-12T12:39:37.279Z] E0512 09:39:37.278798   19012 watch.go:40] Failed to load config from "c:\\Users\\Usr\\Documents\\MiniAgente\\dataconnect": could not find dataconnect.yaml in `c:\Users\Usr\Documents\MiniAgente\dataconnect`
 {"metadata":{"emulator":{"name":"dataconnect"},"message":"E0512 09:39:37.278798   19012 watch.go:40] Failed to load config from \"c:\\\\Users\\\\Usr\\\\Documents\\\\MiniAgente\\\\dataconnect\": could not find dataconnect.yaml in `c:\\Users\\Usr\\Documents\\MiniAgente\\dataconnect`\n"}}
[debug] [2026-05-12T12:39:47.279Z] E0512 09:39:47.278839   19012 watch.go:40] Failed to load config from "c:\\Users\\Usr\\Documents\\MiniAgente\\dataconnect": could not find dataconnect.yaml in `c:\Users\Usr\Documents\MiniAgente\dataconnect`
 {"metadata":{"emulator":{"name":"dataconnect"},"message":"E0512 09:39:47.278839   19012 watch.go:40] Failed to load config from \"c:\\\\Users\\\\Usr\\\\Documents\\\\MiniAgente\\\\dataconnect\": could not find dataconnect.yaml in `c:\\Users\\Usr\\Documents\\MiniAgente\\dataconnect`\n"}}
[debug] [2026-05-12T12:39:57.279Z] E0512 09:39:57.278635   19012 watch.go:40] Failed to load config from "c:\\Users\\Usr\\Documents\\MiniAgente\\dataconnect": could not find dataconnect.yaml in `c:\Users\Usr\Documents\MiniAgente\dataconnect`
 {"metadata":{"emulator":{"name":"dataconnect"},"message":"E0512 09:39:57.278635   19012 watch.go:40] Failed to load config from \"c:\\\\Users\\\\Usr\\\\Documents\\\\MiniAgente\\\\dataconnect\": could not find dataconnect.yaml in `c:\\Users\\Usr\\Documents\\MiniAgente\\dataconnect`\n"}}
[debug] [2026-05-12T12:40:07.279Z] E0512 09:40:07.278952   19012 watch.go:116] watchAllDir unable to walk dir `c:\Users\Usr\Documents\MiniAgente\dataconnect`: GetFileAttributesEx c:\Users\Usr\Documents\MiniAgente\dataconnect: The system cannot find the file specified.
 {"metadata":{"emulator":{"name":"dataconnect"},"message":"E0512 09:40:07.278952   19012 watch.go:116] watchAllDir unable to walk dir `c:\\Users\\Usr\\Documents\\MiniAgente\\dataconnect`: GetFileAttributesEx c:\\Users\\Usr\\Documents\\MiniAgente\\dataconnect: The system cannot find the file specified.\n"}}
[debug] [2026-05-12T12:40:07.279Z] E0512 09:40:07.278952   19012 watch.go:40] Failed to load config from "c:\\Users\\Usr\\Documents\\MiniAgente\\dataconnect": could not find dataconnect.yaml in `c:\Users\Usr\Documents\MiniAgente\dataconnect`
 {"metadata":{"emulator":{"name":"dataconnect"},"message":"E0512 09:40:07.278952   19012 watch.go:40] Failed to load config from \"c:\\\\Users\\\\Usr\\\\Documents\\\\MiniAgente\\\\dataconnect\": could not find dataconnect.yaml in `c:\\Users\\Usr\\Documents\\MiniAgente\\dataconnect`\n"}}
[debug] [2026-05-12T12:40:17.279Z] E0512 09:40:17.278843   19012 watch.go:40] Failed to load config from "c:\\Users\\Usr\\Documents\\MiniAgente\\dataconnect": could not find dataconnect.yaml in `c:\Users\Usr\Documents\MiniAgente\dataconnect`
 {"metadata":{"emulator":{"name":"dataconnect"},"message":"E0512 09:40:17.278843   19012 watch.go:40] Failed to load config from \"c:\\\\Users\\\\Usr\\\\Documents\\\\MiniAgente\\\\dataconnect\": could not find dataconnect.yaml in `c:\\Users\\Usr\\Documents\\MiniAgente\\dataconnect`\n"}}
[debug] [2026-05-12T12:40:27.278Z] E0512 09:40:27.278411   19012 watch.go:40] Failed to load config from "c:\\Users\\Usr\\Documents\\MiniAgente\\dataconnect": could not find dataconnect.yaml in `c:\Users\Usr\Documents\MiniAgente\dataconnect`
 {"metadata":{"emulator":{"name":"dataconnect"},"message":"E0512 09:40:27.278411   19012 watch.go:40] Failed to load config from \"c:\\\\Users\\\\Usr\\\\Documents\\\\MiniAgente\\\\dataconnect\": could not find dataconnect.yaml in `c:\\Users\\Usr\\Documents\\MiniAgente\\dataconnect`\n"}}
[debug] [2026-05-12T12:40:37.279Z] E0512 09:40:37.278699   19012 watch.go:40] Failed to load config from "c:\\Users\\Usr\\Documents\\MiniAgente\\dataconnect": could not find dataconnect.yaml in `c:\Users\Usr\Documents\MiniAgente\dataconnect`
 {"metadata":{"emulator":{"name":"dataconnect"},"message":"E0512 09:40:37.278699   19012 watch.go:40] Failed to load config from \"c:\\\\Users\\\\Usr\\\\Documents\\\\MiniAgente\\\\dataconnect\": could not find dataconnect.yaml in `c:\\Users\\Usr\\Documents\\MiniAgente\\dataconnect`\n"}}
[debug] [2026-05-12T12:40:47.279Z] E0512 09:40:47.278356   19012 watch.go:40] Failed to load config from "c:\\Users\\Usr\\Documents\\MiniAgente\\dataconnect": could not find dataconnect.yaml in `c:\Users\Usr\Documents\MiniAgente\dataconnect`
 {"metadata":{"emulator":{"name":"dataconnect"},"message":"E0512 09:40:47.278356   19012 watch.go:40] Failed to load config from \"c:\\\\Users\\\\Usr\\\\Documents\\\\MiniAgente\\\\dataconnect\": could not find dataconnect.yaml in `c:\\Users\\Usr\\Documents\\MiniAgente\\dataconnect`\n"}}
[debug] [2026-05-12T12:40:57.279Z] E0512 09:40:57.278466   19012 watch.go:40] Failed to load config from "c:\\Users\\Usr\\Documents\\MiniAgente\\dataconnect": could not find dataconnect.yaml in `c:\Users\Usr\Documents\MiniAgente\dataconnect`
 {"metadata":{"emulator":{"name":"dataconnect"},"message":"E0512 09:40:57.278466   19012 watch.go:40] Failed to load config from \"c:\\\\Users\\\\Usr\\\\Documents\\\\MiniAgente\\\\dataconnect\": could not find dataconnect.yaml in `c:\\Users\\Usr\\Documents\\MiniAgente\\dataconnect`\n"}}
[debug] [2026-05-12T12:41:07.278Z] E0512 09:41:07.278227   19012 watch.go:116] watchAllDir unable to walk dir `c:\Users\Usr\Documents\MiniAgente\dataconnect`: GetFileAttributesEx c:\Users\Usr\Documents\MiniAgente\dataconnect: The system cannot find the file specified.
E0512 09:41:07.278227   19012 watch.go:40] Failed to load config from "c:\\Users\\Usr\\Documents\\MiniAgente\\dataconnect": could not find dataconnect.yaml in `c:\Users\Usr\Documents\MiniAgente\dataconnect`
 {"metadata":{"emulator":{"name":"dataconnect"},"message":"E0512 09:41:07.278227   19012 watch.go:116] watchAllDir unable to walk dir `c:\\Users\\Usr\\Documents\\MiniAgente\\dataconnect`: GetFileAttributesEx c:\\Users\\Usr\\Documents\\MiniAgente\\dataconnect: The system cannot find the file specified.\nE0512 09:41:07.278227   19012 watch.go:40] Failed to load config from \"c:\\\\Users\\\\Usr\\\\Documents\\\\MiniAgente\\\\dataconnect\": could not find dataconnect.yaml in `c:\\Users\\Usr\\Documents\\MiniAgente\\dataconnect`\n"}}
[debug] [2026-05-12T12:41:17.278Z] E0512 09:41:17.278471   19012 watch.go:40] Failed to load config from "c:\\Users\\Usr\\Documents\\MiniAgente\\dataconnect": could not find dataconnect.yaml in `c:\Users\Usr\Documents\MiniAgente\dataconnect`
 {"metadata":{"emulator":{"name":"dataconnect"},"message":"E0512 09:41:17.278471   19012 watch.go:40] Failed to load config from \"c:\\\\Users\\\\Usr\\\\Documents\\\\MiniAgente\\\\dataconnect\": could not find dataconnect.yaml in `c:\\Users\\Usr\\Documents\\MiniAgente\\dataconnect`\n"}}
[debug] [2026-05-12T12:41:27.278Z] E0512 09:41:27.277955   19012 watch.go:40] Failed to load config from "c:\\Users\\Usr\\Documents\\MiniAgente\\dataconnect": could not find dataconnect.yaml in `c:\Users\Usr\Documents\MiniAgente\dataconnect`
 {"metadata":{"emulator":{"name":"dataconnect"},"message":"E0512 09:41:27.277955   19012 watch.go:40] Failed to load config from \"c:\\\\Users\\\\Usr\\\\Documents\\\\MiniAgente\\\\dataconnect\": could not find dataconnect.yaml in `c:\\Users\\Usr\\Documents\\MiniAgente\\dataconnect`\n"}}
[debug] [2026-05-12T12:41:37.278Z] E0512 09:41:37.277973   19012 watch.go:40] Failed to load config from "c:\\Users\\Usr\\Documents\\MiniAgente\\dataconnect": could not find dataconnect.yaml in `c:\Users\Usr\Documents\MiniAgente\dataconnect`
 {"metadata":{"emulator":{"name":"dataconnect"},"message":"E0512 09:41:37.277973   19012 watch.go:40] Failed to load config from \"c:\\\\Users\\\\Usr\\\\Documents\\\\MiniAgente\\\\dataconnect\": could not find dataconnect.yaml in `c:\\Users\\Usr\\Documents\\MiniAgente\\dataconnect`\n"}}
[debug] [2026-05-12T12:41:47.278Z] E0512 09:41:47.278112   19012 watch.go:40] Failed to load config from "c:\\Users\\Usr\\Documents\\MiniAgente\\dataconnect": could not find dataconnect.yaml in `c:\Users\Usr\Documents\MiniAgente\dataconnect`
 {"metadata":{"emulator":{"name":"dataconnect"},"message":"E0512 09:41:47.278112   19012 watch.go:40] Failed to load config from \"c:\\\\Users\\\\Usr\\\\Documents\\\\MiniAgente\\\\dataconnect\": could not find dataconnect.yaml in `c:\\Users\\Usr\\Documents\\MiniAgente\\dataconnect`\n"}}
[debug] [2026-05-12T12:41:57.278Z] E0512 09:41:57.277837   19012 watch.go:40] Failed to load config from "c:\\Users\\Usr\\Documents\\MiniAgente\\dataconnect": could not find dataconnect.yaml in `c:\Users\Usr\Documents\MiniAgente\dataconnect`
 {"metadata":{"emulator":{"name":"dataconnect"},"message":"E0512 09:41:57.277837   19012 watch.go:40] Failed to load config from \"c:\\\\Users\\\\Usr\\\\Documents\\\\MiniAgente\\\\dataconnect\": could not find dataconnect.yaml in `c:\\Users\\Usr\\Documents\\MiniAgente\\dataconnect`\n"}}
[debug] [2026-05-12T12:42:07.278Z] E0512 09:42:07.278083   19012 watch.go:116] watchAllDir unable to walk dir `c:\Users\Usr\Documents\MiniAgente\dataconnect`: GetFileAttributesEx c:\Users\Usr\Documents\MiniAgente\dataconnect: The system cannot find the file specified.
 {"metadata":{"emulator":{"name":"dataconnect"},"message":"E0512 09:42:07.278083   19012 watch.go:116] watchAllDir unable to walk dir `c:\\Users\\Usr\\Documents\\MiniAgente\\dataconnect`: GetFileAttributesEx c:\\Users\\Usr\\Documents\\MiniAgente\\dataconnect: The system cannot find the file specified.\n"}}
[debug] [2026-05-12T12:42:07.278Z] E0512 09:42:07.278083   19012 watch.go:40] Failed to load config from "c:\\Users\\Usr\\Documents\\MiniAgente\\dataconnect": could not find dataconnect.yaml in `c:\Users\Usr\Documents\MiniAgente\dataconnect`
 {"metadata":{"emulator":{"name":"dataconnect"},"message":"E0512 09:42:07.278083   19012 watch.go:40] Failed to load config from \"c:\\\\Users\\\\Usr\\\\Documents\\\\MiniAgente\\\\dataconnect\": could not find dataconnect.yaml in `c:\\Users\\Usr\\Documents\\MiniAgente\\dataconnect`\n"}}
[debug] [2026-05-12T12:42:17.277Z] E0512 09:42:17.277671   19012 watch.go:40] Failed to load config from "c:\\Users\\Usr\\Documents\\MiniAgente\\dataconnect": could not find dataconnect.yaml in `c:\Users\Usr\Documents\MiniAgente\dataconnect`
 {"metadata":{"emulator":{"name":"dataconnect"},"message":"E0512 09:42:17.277671   19012 watch.go:40] Failed to load config from \"c:\\\\Users\\\\Usr\\\\Documents\\\\MiniAgente\\\\dataconnect\": could not find dataconnect.yaml in `c:\\Users\\Usr\\Documents\\MiniAgente\\dataconnect`\n"}}
[debug] [2026-05-12T12:42:27.277Z] E0512 09:42:27.277478   19012 watch.go:40] Failed to load config from "c:\\Users\\Usr\\Documents\\MiniAgente\\dataconnect": could not find dataconnect.yaml in `c:\Users\Usr\Documents\MiniAgente\dataconnect`
 {"metadata":{"emulator":{"name":"dataconnect"},"message":"E0512 09:42:27.277478   19012 watch.go:40] Failed to load config from \"c:\\\\Users\\\\Usr\\\\Documents\\\\MiniAgente\\\\dataconnect\": could not find dataconnect.yaml in `c:\\Users\\Usr\\Documents\\MiniAgente\\dataconnect`\n"}}
[debug] [2026-05-12T12:42:37.277Z] E0512 09:42:37.277464   19012 watch.go:40] Failed to load config from "c:\\Users\\Usr\\Documents\\MiniAgente\\dataconnect": could not find dataconnect.yaml in `c:\Users\Usr\Documents\MiniAgente\dataconnect`
 {"metadata":{"emulator":{"name":"dataconnect"},"message":"E0512 09:42:37.277464   19012 watch.go:40] Failed to load config from \"c:\\\\Users\\\\Usr\\\\Documents\\\\MiniAgente\\\\dataconnect\": could not find dataconnect.yaml in `c:\\Users\\Usr\\Documents\\MiniAgente\\dataconnect`\n"}}
[debug] [2026-05-12T12:42:47.278Z] E0512 09:42:47.277300   19012 watch.go:40] Failed to load config from "c:\\Users\\Usr\\Documents\\MiniAgente\\dataconnect": could not find dataconnect.yaml in `c:\Users\Usr\Documents\MiniAgente\dataconnect`
 {"metadata":{"emulator":{"name":"dataconnect"},"message":"E0512 09:42:47.277300   19012 watch.go:40] Failed to load config from \"c:\\\\Users\\\\Usr\\\\Documents\\\\MiniAgente\\\\dataconnect\": could not find dataconnect.yaml in `c:\\Users\\Usr\\Documents\\MiniAgente\\dataconnect`\n"}}
[debug] [2026-05-12T12:42:57.278Z] E0512 09:42:57.277346   19012 watch.go:40] Failed to load config from "c:\\Users\\Usr\\Documents\\MiniAgente\\dataconnect": could not find dataconnect.yaml in `c:\Users\Usr\Documents\MiniAgente\dataconnect`
 {"metadata":{"emulator":{"name":"dataconnect"},"message":"E0512 09:42:57.277346   19012 watch.go:40] Failed to load config from \"c:\\\\Users\\\\Usr\\\\Documents\\\\MiniAgente\\\\dataconnect\": could not find dataconnect.yaml in `c:\\Users\\Usr\\Documents\\MiniAgente\\dataconnect`\n"}}
[debug] [2026-05-12T12:43:07.277Z] E0512 09:43:07.277329   19012 watch.go:116] watchAllDir unable to walk dir `c:\Users\Usr\Documents\MiniAgente\dataconnect`: GetFileAttributesEx c:\Users\Usr\Documents\MiniAgente\dataconnect: The system cannot find the file specified.
 {"metadata":{"emulator":{"name":"dataconnect"},"message":"E0512 09:43:07.277329   19012 watch.go:116] watchAllDir unable to walk dir `c:\\Users\\Usr\\Documents\\MiniAgente\\dataconnect`: GetFileAttributesEx c:\\Users\\Usr\\Documents\\MiniAgente\\dataconnect: The system cannot find the file specified.\n"}}
[debug] [2026-05-12T12:43:07.278Z] E0512 09:43:07.277329   19012 watch.go:40] Failed to load config from "c:\\Users\\Usr\\Documents\\MiniAgente\\dataconnect": could not find dataconnect.yaml in `c:\Users\Usr\Documents\MiniAgente\dataconnect`
 {"metadata":{"emulator":{"name":"dataconnect"},"message":"E0512 09:43:07.277329   19012 watch.go:40] Failed to load config from \"c:\\\\Users\\\\Usr\\\\Documents\\\\MiniAgente\\\\dataconnect\": could not find dataconnect.yaml in `c:\\Users\\Usr\\Documents\\MiniAgente\\dataconnect`\n"}}
[debug] [2026-05-12T12:43:17.277Z] E0512 09:43:17.277323   19012 watch.go:40] Failed to load config from "c:\\Users\\Usr\\Documents\\MiniAgente\\dataconnect": could not find dataconnect.yaml in `c:\Users\Usr\Documents\MiniAgente\dataconnect`
 {"metadata":{"emulator":{"name":"dataconnect"},"message":"E0512 09:43:17.277323   19012 watch.go:40] Failed to load config from \"c:\\\\Users\\\\Usr\\\\Documents\\\\MiniAgente\\\\dataconnect\": could not find dataconnect.yaml in `c:\\Users\\Usr\\Documents\\MiniAgente\\dataconnect`\n"}}
[debug] [2026-05-12T12:43:27.277Z] E0512 09:43:27.277048   19012 watch.go:40] Failed to load config from "c:\\Users\\Usr\\Documents\\MiniAgente\\dataconnect": could not find dataconnect.yaml in `c:\Users\Usr\Documents\MiniAgente\dataconnect`
 {"metadata":{"emulator":{"name":"dataconnect"},"message":"E0512 09:43:27.277048   19012 watch.go:40] Failed to load config from \"c:\\\\Users\\\\Usr\\\\Documents\\\\MiniAgente\\\\dataconnect\": could not find dataconnect.yaml in `c:\\Users\\Usr\\Documents\\MiniAgente\\dataconnect`\n"}}
[debug] [2026-05-12T12:43:37.277Z] E0512 09:43:37.276943   19012 watch.go:40] Failed to load config from "c:\\Users\\Usr\\Documents\\MiniAgente\\dataconnect": could not find dataconnect.yaml in `c:\Users\Usr\Documents\MiniAgente\dataconnect`
 {"metadata":{"emulator":{"name":"dataconnect"},"message":"E0512 09:43:37.276943   19012 watch.go:40] Failed to load config from \"c:\\\\Users\\\\Usr\\\\Documents\\\\MiniAgente\\\\dataconnect\": could not find dataconnect.yaml in `c:\\Users\\Usr\\Documents\\MiniAgente\\dataconnect`\n"}}
[debug] [2026-05-12T12:43:47.277Z] E0512 09:43:47.276884   19012 watch.go:40] Failed to load config from "c:\\Users\\Usr\\Documents\\MiniAgente\\dataconnect": could not find dataconnect.yaml in `c:\Users\Usr\Documents\MiniAgente\dataconnect`
 {"metadata":{"emulator":{"name":"dataconnect"},"message":"E0512 09:43:47.276884   19012 watch.go:40] Failed to load config from \"c:\\\\Users\\\\Usr\\\\Documents\\\\MiniAgente\\\\dataconnect\": could not find dataconnect.yaml in `c:\\Users\\Usr\\Documents\\MiniAgente\\dataconnect`\n"}}
[debug] [2026-05-12T12:43:57.277Z] E0512 09:43:57.277062   19012 watch.go:40] Failed to load config from "c:\\Users\\Usr\\Documents\\MiniAgente\\dataconnect": could not find dataconnect.yaml in `c:\Users\Usr\Documents\MiniAgente\dataconnect`
 {"metadata":{"emulator":{"name":"dataconnect"},"message":"E0512 09:43:57.277062   19012 watch.go:40] Failed to load config from \"c:\\\\Users\\\\Usr\\\\Documents\\\\MiniAgente\\\\dataconnect\": could not find dataconnect.yaml in `c:\\Users\\Usr\\Documents\\MiniAgente\\dataconnect`\n"}}
[debug] [2026-05-12T12:44:07.277Z] E0512 09:44:07.276942   19012 watch.go:116] watchAllDir unable to walk dir `c:\Users\Usr\Documents\MiniAgente\dataconnect`: GetFileAttributesEx c:\Users\Usr\Documents\MiniAgente\dataconnect: The system cannot find the file specified.
E0512 09:44:07.276942   19012 watch.go:40] Failed to load config from "c:\\Users\\Usr\\Documents\\MiniAgente\\dataconnect": could not find dataconnect.yaml in `c:\Users\Usr\Documents\MiniAgente\dataconnect`
 {"metadata":{"emulator":{"name":"dataconnect"},"message":"E0512 09:44:07.276942   19012 watch.go:116] watchAllDir unable to walk dir `c:\\Users\\Usr\\Documents\\MiniAgente\\dataconnect`: GetFileAttributesEx c:\\Users\\Usr\\Documents\\MiniAgente\\dataconnect: The system cannot find the file specified.\nE0512 09:44:07.276942   19012 watch.go:40] Failed to load config from \"c:\\\\Users\\\\Usr\\\\Documents\\\\MiniAgente\\\\dataconnect\": could not find dataconnect.yaml in `c:\\Users\\Usr\\Documents\\MiniAgente\\dataconnect`\n"}}
[debug] [2026-05-12T12:44:17.277Z] E0512 09:44:17.276769   19012 watch.go:40] Failed to load config from "c:\\Users\\Usr\\Documents\\MiniAgente\\dataconnect": could not find dataconnect.yaml in `c:\Users\Usr\Documents\MiniAgente\dataconnect`
 {"metadata":{"emulator":{"name":"dataconnect"},"message":"E0512 09:44:17.276769   19012 watch.go:40] Failed to load config from \"c:\\\\Users\\\\Usr\\\\Documents\\\\MiniAgente\\\\dataconnect\": could not find dataconnect.yaml in `c:\\Users\\Usr\\Documents\\MiniAgente\\dataconnect`\n"}}
[debug] [2026-05-12T12:44:27.276Z] E0512 09:44:27.276568   19012 watch.go:40] Failed to load config from "c:\\Users\\Usr\\Documents\\MiniAgente\\dataconnect": could not find dataconnect.yaml in `c:\Users\Usr\Documents\MiniAgente\dataconnect`
 {"metadata":{"emulator":{"name":"dataconnect"},"message":"E0512 09:44:27.276568   19012 watch.go:40] Failed to load config from \"c:\\\\Users\\\\Usr\\\\Documents\\\\MiniAgente\\\\dataconnect\": could not find dataconnect.yaml in `c:\\Users\\Usr\\Documents\\MiniAgente\\dataconnect`\n"}}
[debug] [2026-05-12T12:44:37.277Z] E0512 09:44:37.276938   19012 watch.go:40] Failed to load config from "c:\\Users\\Usr\\Documents\\MiniAgente\\dataconnect": could not find dataconnect.yaml in `c:\Users\Usr\Documents\MiniAgente\dataconnect`
 {"metadata":{"emulator":{"name":"dataconnect"},"message":"E0512 09:44:37.276938   19012 watch.go:40] Failed to load config from \"c:\\\\Users\\\\Usr\\\\Documents\\\\MiniAgente\\\\dataconnect\": could not find dataconnect.yaml in `c:\\Users\\Usr\\Documents\\MiniAgente\\dataconnect`\n"}}
[debug] [2026-05-12T12:44:47.277Z] E0512 09:44:47.276717   19012 watch.go:40] Failed to load config from "c:\\Users\\Usr\\Documents\\MiniAgente\\dataconnect": could not find dataconnect.yaml in `c:\Users\Usr\Documents\MiniAgente\dataconnect`
 {"metadata":{"emulator":{"name":"dataconnect"},"message":"E0512 09:44:47.276717   19012 watch.go:40] Failed to load config from \"c:\\\\Users\\\\Usr\\\\Documents\\\\MiniAgente\\\\dataconnect\": could not find dataconnect.yaml in `c:\\Users\\Usr\\Documents\\MiniAgente\\dataconnect`\n"}}
[debug] [2026-05-12T12:44:57.276Z] E0512 09:44:57.276254   19012 watch.go:40] Failed to load config from "c:\\Users\\Usr\\Documents\\MiniAgente\\dataconnect": could not find dataconnect.yaml in `c:\Users\Usr\Documents\MiniAgente\dataconnect`
 {"metadata":{"emulator":{"name":"dataconnect"},"message":"E0512 09:44:57.276254   19012 watch.go:40] Failed to load config from \"c:\\\\Users\\\\Usr\\\\Documents\\\\MiniAgente\\\\dataconnect\": could not find dataconnect.yaml in `c:\\Users\\Usr\\Documents\\MiniAgente\\dataconnect`\n"}}
[debug] [2026-05-12T12:45:07.276Z] E0512 09:45:07.276523   19012 watch.go:116] watchAllDir unable to walk dir `c:\Users\Usr\Documents\MiniAgente\dataconnect`: GetFileAttributesEx c:\Users\Usr\Documents\MiniAgente\dataconnect: The system cannot find the file specified.
 {"metadata":{"emulator":{"name":"dataconnect"},"message":"E0512 09:45:07.276523   19012 watch.go:116] watchAllDir unable to walk dir `c:\\Users\\Usr\\Documents\\MiniAgente\\dataconnect`: GetFileAttributesEx c:\\Users\\Usr\\Documents\\MiniAgente\\dataconnect: The system cannot find the file specified.\n"}}
[debug] [2026-05-12T12:45:07.277Z] E0512 09:45:07.276523   19012 watch.go:40] Failed to load config from "c:\\Users\\Usr\\Documents\\MiniAgente\\dataconnect": could not find dataconnect.yaml in `c:\Users\Usr\Documents\MiniAgente\dataconnect`
 {"metadata":{"emulator":{"name":"dataconnect"},"message":"E0512 09:45:07.276523   19012 watch.go:40] Failed to load config from \"c:\\\\Users\\\\Usr\\\\Documents\\\\MiniAgente\\\\dataconnect\": could not find dataconnect.yaml in `c:\\Users\\Usr\\Documents\\MiniAgente\\dataconnect`\n"}}
[debug] [2026-05-12T12:45:17.276Z] E0512 09:45:17.276525   19012 watch.go:40] Failed to load config from "c:\\Users\\Usr\\Documents\\MiniAgente\\dataconnect": could not find dataconnect.yaml in `c:\Users\Usr\Documents\MiniAgente\dataconnect`
 {"metadata":{"emulator":{"name":"dataconnect"},"message":"E0512 09:45:17.276525   19012 watch.go:40] Failed to load config from \"c:\\\\Users\\\\Usr\\\\Documents\\\\MiniAgente\\\\dataconnect\": could not find dataconnect.yaml in `c:\\Users\\Usr\\Documents\\MiniAgente\\dataconnect`\n"}}
[debug] [2026-05-12T12:45:27.276Z] E0512 09:45:27.276233   19012 watch.go:40] Failed to load config from "c:\\Users\\Usr\\Documents\\MiniAgente\\dataconnect": could not find dataconnect.yaml in `c:\Users\Usr\Documents\MiniAgente\dataconnect`
 {"metadata":{"emulator":{"name":"dataconnect"},"message":"E0512 09:45:27.276233   19012 watch.go:40] Failed to load config from \"c:\\\\Users\\\\Usr\\\\Documents\\\\MiniAgente\\\\dataconnect\": could not find dataconnect.yaml in `c:\\Users\\Usr\\Documents\\MiniAgente\\dataconnect`\n"}}
[debug] [2026-05-12T12:45:37.276Z] E0512 09:45:37.276260   19012 watch.go:40] Failed to load config from "c:\\Users\\Usr\\Documents\\MiniAgente\\dataconnect": could not find dataconnect.yaml in `c:\Users\Usr\Documents\MiniAgente\dataconnect`
 {"metadata":{"emulator":{"name":"dataconnect"},"message":"E0512 09:45:37.276260   19012 watch.go:40] Failed to load config from \"c:\\\\Users\\\\Usr\\\\Documents\\\\MiniAgente\\\\dataconnect\": could not find dataconnect.yaml in `c:\\Users\\Usr\\Documents\\MiniAgente\\dataconnect`\n"}}
[debug] [2026-05-12T12:45:47.276Z] E0512 09:45:47.276254   19012 watch.go:40] Failed to load config from "c:\\Users\\Usr\\Documents\\MiniAgente\\dataconnect": could not find dataconnect.yaml in `c:\Users\Usr\Documents\MiniAgente\dataconnect`
 {"metadata":{"emulator":{"name":"dataconnect"},"message":"E0512 09:45:47.276254   19012 watch.go:40] Failed to load config from \"c:\\\\Users\\\\Usr\\\\Documents\\\\MiniAgente\\\\dataconnect\": could not find dataconnect.yaml in `c:\\Users\\Usr\\Documents\\MiniAgente\\dataconnect`\n"}}
[debug] [2026-05-12T12:45:57.276Z] E0512 09:45:57.275899   19012 watch.go:40] Failed to load config from "c:\\Users\\Usr\\Documents\\MiniAgente\\dataconnect": could not find dataconnect.yaml in `c:\Users\Usr\Documents\MiniAgente\dataconnect`
 {"metadata":{"emulator":{"name":"dataconnect"},"message":"E0512 09:45:57.275899   19012 watch.go:40] Failed to load config from \"c:\\\\Users\\\\Usr\\\\Documents\\\\MiniAgente\\\\dataconnect\": could not find dataconnect.yaml in `c:\\Users\\Usr\\Documents\\MiniAgente\\dataconnect`\n"}}
[debug] [2026-05-12T12:46:07.276Z] E0512 09:46:07.275800   19012 watch.go:116] watchAllDir unable to walk dir `c:\Users\Usr\Documents\MiniAgente\dataconnect`: GetFileAttributesEx c:\Users\Usr\Documents\MiniAgente\dataconnect: The system cannot find the file specified.
E0512 09:46:07.275800   19012 watch.go:40] Failed to load config from "c:\\Users\\Usr\\Documents\\MiniAgente\\dataconnect": could not find dataconnect.yaml in `c:\Users\Usr\Documents\MiniAgente\dataconnect`
 {"metadata":{"emulator":{"name":"dataconnect"},"message":"E0512 09:46:07.275800   19012 watch.go:116] watchAllDir unable to walk dir `c:\\Users\\Usr\\Documents\\MiniAgente\\dataconnect`: GetFileAttributesEx c:\\Users\\Usr\\Documents\\MiniAgente\\dataconnect: The system cannot find the file specified.\nE0512 09:46:07.275800   19012 watch.go:40] Failed to load config from \"c:\\\\Users\\\\Usr\\\\Documents\\\\MiniAgente\\\\dataconnect\": could not find dataconnect.yaml in `c:\\Users\\Usr\\Documents\\MiniAgente\\dataconnect`\n"}}
[debug] [2026-05-12T12:46:17.276Z] E0512 09:46:17.275980   19012 watch.go:40] Failed to load config from "c:\\Users\\Usr\\Documents\\MiniAgente\\dataconnect": could not find dataconnect.yaml in `c:\Users\Usr\Documents\MiniAgente\dataconnect`
 {"metadata":{"emulator":{"name":"dataconnect"},"message":"E0512 09:46:17.275980   19012 watch.go:40] Failed to load config from \"c:\\\\Users\\\\Usr\\\\Documents\\\\MiniAgente\\\\dataconnect\": could not find dataconnect.yaml in `c:\\Users\\Usr\\Documents\\MiniAgente\\dataconnect`\n"}}
[debug] [2026-05-12T12:46:27.276Z] E0512 09:46:27.275921   19012 watch.go:40] Failed to load config from "c:\\Users\\Usr\\Documents\\MiniAgente\\dataconnect": could not find dataconnect.yaml in `c:\Users\Usr\Documents\MiniAgente\dataconnect`
 {"metadata":{"emulator":{"name":"dataconnect"},"message":"E0512 09:46:27.275921   19012 watch.go:40] Failed to load config from \"c:\\\\Users\\\\Usr\\\\Documents\\\\MiniAgente\\\\dataconnect\": could not find dataconnect.yaml in `c:\\Users\\Usr\\Documents\\MiniAgente\\dataconnect`\n"}}
[debug] [2026-05-12T12:46:37.276Z] E0512 09:46:37.276013   19012 watch.go:40] Failed to load config from "c:\\Users\\Usr\\Documents\\MiniAgente\\dataconnect": could not find dataconnect.yaml in `c:\Users\Usr\Documents\MiniAgente\dataconnect`
 {"metadata":{"emulator":{"name":"dataconnect"},"message":"E0512 09:46:37.276013   19012 watch.go:40] Failed to load config from \"c:\\\\Users\\\\Usr\\\\Documents\\\\MiniAgente\\\\dataconnect\": could not find dataconnect.yaml in `c:\\Users\\Usr\\Documents\\MiniAgente\\dataconnect`\n"}}
[debug] [2026-05-12T12:46:47.276Z] E0512 09:46:47.275761   19012 watch.go:40] Failed to load config from "c:\\Users\\Usr\\Documents\\MiniAgente\\dataconnect": could not find dataconnect.yaml in `c:\Users\Usr\Documents\MiniAgente\dataconnect`
 {"metadata":{"emulator":{"name":"dataconnect"},"message":"E0512 09:46:47.275761   19012 watch.go:40] Failed to load config from \"c:\\\\Users\\\\Usr\\\\Documents\\\\MiniAgente\\\\dataconnect\": could not find dataconnect.yaml in `c:\\Users\\Usr\\Documents\\MiniAgente\\dataconnect`\n"}}
[debug] [2026-05-12T12:46:57.275Z] E0512 09:46:57.275431   19012 watch.go:40] Failed to load config from "c:\\Users\\Usr\\Documents\\MiniAgente\\dataconnect": could not find dataconnect.yaml in `c:\Users\Usr\Documents\MiniAgente\dataconnect`
 {"metadata":{"emulator":{"name":"dataconnect"},"message":"E0512 09:46:57.275431   19012 watch.go:40] Failed to load config from \"c:\\\\Users\\\\Usr\\\\Documents\\\\MiniAgente\\\\dataconnect\": could not find dataconnect.yaml in `c:\\Users\\Usr\\Documents\\MiniAgente\\dataconnect`\n"}}
[debug] [2026-05-12T12:47:07.276Z] E0512 09:47:07.275620   19012 watch.go:116] watchAllDir unable to walk dir `c:\Users\Usr\Documents\MiniAgente\dataconnect`: GetFileAttributesEx c:\Users\Usr\Documents\MiniAgente\dataconnect: The system cannot find the file specified.
 {"metadata":{"emulator":{"name":"dataconnect"},"message":"E0512 09:47:07.275620   19012 watch.go:116] watchAllDir unable to walk dir `c:\\Users\\Usr\\Documents\\MiniAgente\\dataconnect`: GetFileAttributesEx c:\\Users\\Usr\\Documents\\MiniAgente\\dataconnect: The system cannot find the file specified.\n"}}
[debug] [2026-05-12T12:47:07.276Z] E0512 09:47:07.275620   19012 watch.go:40] Failed to load config from "c:\\Users\\Usr\\Documents\\MiniAgente\\dataconnect": could not find dataconnect.yaml in `c:\Users\Usr\Documents\MiniAgente\dataconnect`
 {"metadata":{"emulator":{"name":"dataconnect"},"message":"E0512 09:47:07.275620   19012 watch.go:40] Failed to load config from \"c:\\\\Users\\\\Usr\\\\Documents\\\\MiniAgente\\\\dataconnect\": could not find dataconnect.yaml in `c:\\Users\\Usr\\Documents\\MiniAgente\\dataconnect`\n"}}
[debug] [2026-05-12T12:47:17.276Z] E0512 09:47:17.275713   19012 watch.go:40] Failed to load config from "c:\\Users\\Usr\\Documents\\MiniAgente\\dataconnect": could not find dataconnect.yaml in `c:\Users\Usr\Documents\MiniAgente\dataconnect`
 {"metadata":{"emulator":{"name":"dataconnect"},"message":"E0512 09:47:17.275713   19012 watch.go:40] Failed to load config from \"c:\\\\Users\\\\Usr\\\\Documents\\\\MiniAgente\\\\dataconnect\": could not find dataconnect.yaml in `c:\\Users\\Usr\\Documents\\MiniAgente\\dataconnect`\n"}}
[debug] [2026-05-12T12:47:27.275Z] E0512 09:47:27.275261   19012 watch.go:40] Failed to load config from "c:\\Users\\Usr\\Documents\\MiniAgente\\dataconnect": could not find dataconnect.yaml in `c:\Users\Usr\Documents\MiniAgente\dataconnect`
 {"metadata":{"emulator":{"name":"dataconnect"},"message":"E0512 09:47:27.275261   19012 watch.go:40] Failed to load config from \"c:\\\\Users\\\\Usr\\\\Documents\\\\MiniAgente\\\\dataconnect\": could not find dataconnect.yaml in `c:\\Users\\Usr\\Documents\\MiniAgente\\dataconnect`\n"}}
[debug] [2026-05-12T12:47:37.276Z] E0512 09:47:37.275368   19012 watch.go:40] Failed to load config from "c:\\Users\\Usr\\Documents\\MiniAgente\\dataconnect": could not find dataconnect.yaml in `c:\Users\Usr\Documents\MiniAgente\dataconnect`
 {"metadata":{"emulator":{"name":"dataconnect"},"message":"E0512 09:47:37.275368   19012 watch.go:40] Failed to load config from \"c:\\\\Users\\\\Usr\\\\Documents\\\\MiniAgente\\\\dataconnect\": could not find dataconnect.yaml in `c:\\Users\\Usr\\Documents\\MiniAgente\\dataconnect`\n"}}
[debug] [2026-05-12T12:47:47.276Z] E0512 09:47:47.275414   19012 watch.go:40] Failed to load config from "c:\\Users\\Usr\\Documents\\MiniAgente\\dataconnect": could not find dataconnect.yaml in `c:\Users\Usr\Documents\MiniAgente\dataconnect`
 {"metadata":{"emulator":{"name":"dataconnect"},"message":"E0512 09:47:47.275414   19012 watch.go:40] Failed to load config from \"c:\\\\Users\\\\Usr\\\\Documents\\\\MiniAgente\\\\dataconnect\": could not find dataconnect.yaml in `c:\\Users\\Usr\\Documents\\MiniAgente\\dataconnect`\n"}}
[debug] [2026-05-12T12:47:57.276Z] E0512 09:47:57.275217   19012 watch.go:40] Failed to load config from "c:\\Users\\Usr\\Documents\\MiniAgente\\dataconnect": could not find dataconnect.yaml in `c:\Users\Usr\Documents\MiniAgente\dataconnect`
 {"metadata":{"emulator":{"name":"dataconnect"},"message":"E0512 09:47:57.275217   19012 watch.go:40] Failed to load config from \"c:\\\\Users\\\\Usr\\\\Documents\\\\MiniAgente\\\\dataconnect\": could not find dataconnect.yaml in `c:\\Users\\Usr\\Documents\\MiniAgente\\dataconnect`\n"}}
[debug] [2026-05-12T12:48:07.274Z] E0512 09:48:07.274924   19012 watch.go:40] Failed to load config from "c:\\Users\\Usr\\Documents\\MiniAgente\\dataconnect": could not find dataconnect.yaml in `c:\Users\Usr\Documents\MiniAgente\dataconnect`
 {"metadata":{"emulator":{"name":"dataconnect"},"message":"E0512 09:48:07.274924   19012 watch.go:40] Failed to load config from \"c:\\\\Users\\\\Usr\\\\Documents\\\\MiniAgente\\\\dataconnect\": could not find dataconnect.yaml in `c:\\Users\\Usr\\Documents\\MiniAgente\\dataconnect`\n"}}
[debug] [2026-05-12T12:48:07.289Z] E0512 09:48:07.274924   19012 watch.go:116] watchAllDir unable to walk dir `c:\Users\Usr\Documents\MiniAgente\dataconnect`: GetFileAttributesEx c:\Users\Usr\Documents\MiniAgente\dataconnect: The system cannot find the file specified.
 {"metadata":{"emulator":{"name":"dataconnect"},"message":"E0512 09:48:07.274924   19012 watch.go:116] watchAllDir unable to walk dir `c:\\Users\\Usr\\Documents\\MiniAgente\\dataconnect`: GetFileAttributesEx c:\\Users\\Usr\\Documents\\MiniAgente\\dataconnect: The system cannot find the file specified.\n"}}
[info] [Firebase Plugin] Stopping SQL Connect toolkit
[warn] !  SQL Connect Emulator has exited upon receiving signal: SIGINT 
[debug] [2026-05-12T12:48:35.010Z] [Firebase Plugin] Activating Firebase extension.
[debug] [2026-05-12T14:09:22.673Z] [Firebase Plugin] Activating Firebase extension.
[info] [Firebase Plugin] Checked firebase-tools, is up to date!
[debug] [2026-05-12T14:09:25.226Z] [Firebase Plugin] requireAuthWrapper
[debug] [2026-05-12T14:09:25.227Z] > command requires scopes: ["email","openid","https://www.googleapis.com/auth/cloudplatformprojects.readonly","https://www.googleapis.com/auth/firebase","https://www.googleapis.com/auth/cloud-platform"]
[debug] [2026-05-12T14:09:25.228Z] > authorizing via signed-in user (desarrollo.it@bacarsa.com.ar)
[debug] [2026-05-12T14:09:25.230Z] Checked if tokens are valid: true, expires at: 1778597141311
[debug] [2026-05-12T14:09:25.231Z] Checked if tokens are valid: true, expires at: 1778597141311
[debug] [2026-05-12T14:09:25.231Z] [Firebase Plugin] User found:  desarrollo.it@bacarsa.com.ar
[info] [Firebase Plugin] (Core:Project) New user detected, fetching projects
[debug] [2026-05-12T14:09:25.232Z] Checked if tokens are valid: true, expires at: 1778597141311
[debug] [2026-05-12T14:09:25.233Z] >>> [apiv2][query] GET https://firebase.googleapis.com/v1beta1/projects pageSize=1000
[debug] [2026-05-12T14:09:25.242Z] [Firebase Plugin] VSCode notification server listening on port 40001
[info] [Firebase Plugin] Starting SQL Connect toolkit (version 3.4.5) on port 50001
[debug] [2026-05-12T14:09:25.605Z] 'fdc build' failed with error: Unable to build your SQL Connect schema and connectors (exit code 1): E0512 11:09:25.594753    3136 cmd.go:43] Error loading data connect config: could not find dataconnect.yaml in `c:\Users\Usr\Documents\MiniAgente\dataconnect`
 {"metadata":{"emulator":{"name":"dataconnect"},"message":"'fdc build' failed with error: Unable to build your SQL Connect schema and connectors (exit code 1): E0512 11:09:25.594753    3136 cmd.go:43] Error loading data connect config: could not find dataconnect.yaml in `c:\\Users\\Usr\\Documents\\MiniAgente\\dataconnect`\n"}}
[debug] [2026-05-12T14:09:25.606Z] Ignoring unsupported arg: auto_download {"metadata":{"emulator":{"name":"dataconnect"},"message":"Ignoring unsupported arg: auto_download"}}
[debug] [2026-05-12T14:09:25.606Z] Ignoring unsupported arg: port {"metadata":{"emulator":{"name":"dataconnect"},"message":"Ignoring unsupported arg: port"}}
[debug] [2026-05-12T14:09:25.606Z] Starting SQL Connect Emulator with command {"binary":"C:\\Users\\Usr\\.cache\\firebase\\emulators\\dataconnect-emulator-3.4.5.exe","args":["--logtostderr","-v=2","dev","--listen=localhost:50001","--config_dir=c:\\Users\\Usr\\Documents\\MiniAgente\\dataconnect","--enable_output_schema_extensions=true","--enable_output_generated_sdk=true"],"optionalArgs":["listen","config_dir","enable_output_schema_extensions","enable_output_generated_sdk"],"joinArgs":true,"shell":false,"port":9399} {"metadata":{"emulator":{"name":"dataconnect"},"message":"Starting SQL Connect Emulator with command {\"binary\":\"C:\\\\Users\\\\Usr\\\\.cache\\\\firebase\\\\emulators\\\\dataconnect-emulator-3.4.5.exe\",\"args\":[\"--logtostderr\",\"-v=2\",\"dev\",\"--listen=localhost:50001\",\"--config_dir=c:\\\\Users\\\\Usr\\\\Documents\\\\MiniAgente\\\\dataconnect\",\"--enable_output_schema_extensions=true\",\"--enable_output_generated_sdk=true\"],\"optionalArgs\":[\"listen\",\"config_dir\",\"enable_output_schema_extensions\",\"enable_output_generated_sdk\"],\"joinArgs\":true,\"shell\":false,\"port\":9399}"}}
[info] i  dataconnect: SQL Connect Emulator logging to dataconnect-debug.log {"metadata":{"emulator":{"name":"dataconnect"},"message":"SQL Connect Emulator logging to \u001b[1mdataconnect-debug.log\u001b[22m"}}
[debug] [2026-05-12T14:09:25.645Z] E0512 11:09:25.638698    2496 dev.go:83] Failed to load initial config from "c:\\Users\\Usr\\Documents\\MiniAgente\\dataconnect": could not find dataconnect.yaml in `c:\Users\Usr\Documents\MiniAgente\dataconnect`
E0512 11:09:25.642749    2496 watch.go:116] watchAllDir unable to walk dir `c:\Users\Usr\Documents\MiniAgente\dataconnect`: GetFileAttributesEx c:\Users\Usr\Documents\MiniAgente\dataconnect: The system cannot find the file specified.
 {"metadata":{"emulator":{"name":"dataconnect"},"message":"E0512 11:09:25.638698    2496 dev.go:83] Failed to load initial config from \"c:\\\\Users\\\\Usr\\\\Documents\\\\MiniAgente\\\\dataconnect\": could not find dataconnect.yaml in `c:\\Users\\Usr\\Documents\\MiniAgente\\dataconnect`\nE0512 11:09:25.642749    2496 watch.go:116] watchAllDir unable to walk dir `c:\\Users\\Usr\\Documents\\MiniAgente\\dataconnect`: GetFileAttributesEx c:\\Users\\Usr\\Documents\\MiniAgente\\dataconnect: The system cannot find the file specified.\n"}}
[debug] [2026-05-12T14:09:25.651Z] I0512 11:09:25.650738    2496 dev.go:104] Listening on address (HTTP + gRPC): 127.0.0.1:50001
 {"metadata":{"emulator":{"name":"dataconnect"},"message":"I0512 11:09:25.650738    2496 dev.go:104] Listening on address (HTTP + gRPC): 127.0.0.1:50001\n"}}
[error] [Firebase Plugin] error:  {}
[debug] [2026-05-12T14:09:26.242Z] <<< [apiv2][status] GET https://firebase.googleapis.com/v1beta1/projects 200
[debug] [2026-05-12T14:09:26.242Z] <<< [apiv2][body] GET https://firebase.googleapis.com/v1beta1/projects [omitted]
[debug] [2026-05-12T14:09:35.645Z] E0512 11:09:35.644756    2496 watch.go:40] Failed to load config from "c:\\Users\\Usr\\Documents\\MiniAgente\\dataconnect": could not find dataconnect.yaml in `c:\Users\Usr\Documents\MiniAgente\dataconnect`
 {"metadata":{"emulator":{"name":"dataconnect"},"message":"E0512 11:09:35.644756    2496 watch.go:40] Failed to load config from \"c:\\\\Users\\\\Usr\\\\Documents\\\\MiniAgente\\\\dataconnect\": could not find dataconnect.yaml in `c:\\Users\\Usr\\Documents\\MiniAgente\\dataconnect`\n"}}
[debug] [2026-05-12T14:09:45.645Z] E0512 11:09:45.644823    2496 watch.go:40] Failed to load config from "c:\\Users\\Usr\\Documents\\MiniAgente\\dataconnect": could not find dataconnect.yaml in `c:\Users\Usr\Documents\MiniAgente\dataconnect`
 {"metadata":{"emulator":{"name":"dataconnect"},"message":"E0512 11:09:45.644823    2496 watch.go:40] Failed to load config from \"c:\\\\Users\\\\Usr\\\\Documents\\\\MiniAgente\\\\dataconnect\": could not find dataconnect.yaml in `c:\\Users\\Usr\\Documents\\MiniAgente\\dataconnect`\n"}}
[debug] [2026-05-12T14:09:55.645Z] E0512 11:09:55.644713    2496 watch.go:40] Failed to load config from "c:\\Users\\Usr\\Documents\\MiniAgente\\dataconnect": could not find dataconnect.yaml in `c:\Users\Usr\Documents\MiniAgente\dataconnect`
 {"metadata":{"emulator":{"name":"dataconnect"},"message":"E0512 11:09:55.644713    2496 watch.go:40] Failed to load config from \"c:\\\\Users\\\\Usr\\\\Documents\\\\MiniAgente\\\\dataconnect\": could not find dataconnect.yaml in `c:\\Users\\Usr\\Documents\\MiniAgente\\dataconnect`\n"}}
[debug] [2026-05-12T14:10:05.645Z] E0512 11:10:05.644623    2496 watch.go:40] Failed to load config from "c:\\Users\\Usr\\Documents\\MiniAgente\\dataconnect": could not find dataconnect.yaml in `c:\Users\Usr\Documents\MiniAgente\dataconnect`
 {"metadata":{"emulator":{"name":"dataconnect"},"message":"E0512 11:10:05.644623    2496 watch.go:40] Failed to load config from \"c:\\\\Users\\\\Usr\\\\Documents\\\\MiniAgente\\\\dataconnect\": could not find dataconnect.yaml in `c:\\Users\\Usr\\Documents\\MiniAgente\\dataconnect`\n"}}
[debug] [2026-05-12T14:10:15.644Z] E0512 11:10:15.644516    2496 watch.go:40] Failed to load config from "c:\\Users\\Usr\\Documents\\MiniAgente\\dataconnect": could not find dataconnect.yaml in `c:\Users\Usr\Documents\MiniAgente\dataconnect`
 {"metadata":{"emulator":{"name":"dataconnect"},"message":"E0512 11:10:15.644516    2496 watch.go:40] Failed to load config from \"c:\\\\Users\\\\Usr\\\\Documents\\\\MiniAgente\\\\dataconnect\": could not find dataconnect.yaml in `c:\\Users\\Usr\\Documents\\MiniAgente\\dataconnect`\n"}}
[debug] [2026-05-12T14:10:25.644Z] E0512 11:10:25.644166    2496 watch.go:116] watchAllDir unable to walk dir `c:\Users\Usr\Documents\MiniAgente\dataconnect`: GetFileAttributesEx c:\Users\Usr\Documents\MiniAgente\dataconnect: The system cannot find the file specified.
E0512 11:10:25.644166    2496 watch.go:40] Failed to load config from "c:\\Users\\Usr\\Documents\\MiniAgente\\dataconnect": could not find dataconnect.yaml in `c:\Users\Usr\Documents\MiniAgente\dataconnect`
 {"metadata":{"emulator":{"name":"dataconnect"},"message":"E0512 11:10:25.644166    2496 watch.go:116] watchAllDir unable to walk dir `c:\\Users\\Usr\\Documents\\MiniAgente\\dataconnect`: GetFileAttributesEx c:\\Users\\Usr\\Documents\\MiniAgente\\dataconnect: The system cannot find the file specified.\nE0512 11:10:25.644166    2496 watch.go:40] Failed to load config from \"c:\\\\Users\\\\Usr\\\\Documents\\\\MiniAgente\\\\dataconnect\": could not find dataconnect.yaml in `c:\\Users\\Usr\\Documents\\MiniAgente\\dataconnect`\n"}}
[debug] [2026-05-12T14:10:35.644Z] E0512 11:10:35.644231    2496 watch.go:40] Failed to load config from "c:\\Users\\Usr\\Documents\\MiniAgente\\dataconnect": could not find dataconnect.yaml in `c:\Users\Usr\Documents\MiniAgente\dataconnect`
 {"metadata":{"emulator":{"name":"dataconnect"},"message":"E0512 11:10:35.644231    2496 watch.go:40] Failed to load config from \"c:\\\\Users\\\\Usr\\\\Documents\\\\MiniAgente\\\\dataconnect\": could not find dataconnect.yaml in `c:\\Users\\Usr\\Documents\\MiniAgente\\dataconnect`\n"}}
[debug] [2026-05-12T14:10:45.644Z] E0512 11:10:45.644448    2496 watch.go:40] Failed to load config from "c:\\Users\\Usr\\Documents\\MiniAgente\\dataconnect": could not find dataconnect.yaml in `c:\Users\Usr\Documents\MiniAgente\dataconnect`
 {"metadata":{"emulator":{"name":"dataconnect"},"message":"E0512 11:10:45.644448    2496 watch.go:40] Failed to load config from \"c:\\\\Users\\\\Usr\\\\Documents\\\\MiniAgente\\\\dataconnect\": could not find dataconnect.yaml in `c:\\Users\\Usr\\Documents\\MiniAgente\\dataconnect`\n"}}
[debug] [2026-05-12T14:10:55.644Z] E0512 11:10:55.644109    2496 watch.go:40] Failed to load config from "c:\\Users\\Usr\\Documents\\MiniAgente\\dataconnect": could not find dataconnect.yaml in `c:\Users\Usr\Documents\MiniAgente\dataconnect`
 {"metadata":{"emulator":{"name":"dataconnect"},"message":"E0512 11:10:55.644109    2496 watch.go:40] Failed to load config from \"c:\\\\Users\\\\Usr\\\\Documents\\\\MiniAgente\\\\dataconnect\": could not find dataconnect.yaml in `c:\\Users\\Usr\\Documents\\MiniAgente\\dataconnect`\n"}}
[debug] [2026-05-12T14:11:05.644Z] E0512 11:11:05.644195    2496 watch.go:40] Failed to load config from "c:\\Users\\Usr\\Documents\\MiniAgente\\dataconnect": could not find dataconnect.yaml in `c:\Users\Usr\Documents\MiniAgente\dataconnect`
 {"metadata":{"emulator":{"name":"dataconnect"},"message":"E0512 11:11:05.644195    2496 watch.go:40] Failed to load config from \"c:\\\\Users\\\\Usr\\\\Documents\\\\MiniAgente\\\\dataconnect\": could not find dataconnect.yaml in `c:\\Users\\Usr\\Documents\\MiniAgente\\dataconnect`\n"}}
[debug] [2026-05-12T14:11:15.644Z] E0512 11:11:15.643958    2496 watch.go:40] Failed to load config from "c:\\Users\\Usr\\Documents\\MiniAgente\\dataconnect": could not find dataconnect.yaml in `c:\Users\Usr\Documents\MiniAgente\dataconnect`
 {"metadata":{"emulator":{"name":"dataconnect"},"message":"E0512 11:11:15.643958    2496 watch.go:40] Failed to load config from \"c:\\\\Users\\\\Usr\\\\Documents\\\\MiniAgente\\\\dataconnect\": could not find dataconnect.yaml in `c:\\Users\\Usr\\Documents\\MiniAgente\\dataconnect`\n"}}
[debug] [2026-05-12T14:11:25.644Z] E0512 11:11:25.644169    2496 watch.go:116] watchAllDir unable to walk dir `c:\Users\Usr\Documents\MiniAgente\dataconnect`: GetFileAttributesEx c:\Users\Usr\Documents\MiniAgente\dataconnect: The system cannot find the file specified.
 {"metadata":{"emulator":{"name":"dataconnect"},"message":"E0512 11:11:25.644169    2496 watch.go:116] watchAllDir unable to walk dir `c:\\Users\\Usr\\Documents\\MiniAgente\\dataconnect`: GetFileAttributesEx c:\\Users\\Usr\\Documents\\MiniAgente\\dataconnect: The system cannot find the file specified.\n"}}
[debug] [2026-05-12T14:11:25.644Z] E0512 11:11:25.644169    2496 watch.go:40] Failed to load config from "c:\\Users\\Usr\\Documents\\MiniAgente\\dataconnect": could not find dataconnect.yaml in `c:\Users\Usr\Documents\MiniAgente\dataconnect`
 {"metadata":{"emulator":{"name":"dataconnect"},"message":"E0512 11:11:25.644169    2496 watch.go:40] Failed to load config from \"c:\\\\Users\\\\Usr\\\\Documents\\\\MiniAgente\\\\dataconnect\": could not find dataconnect.yaml in `c:\\Users\\Usr\\Documents\\MiniAgente\\dataconnect`\n"}}
[debug] [2026-05-12T14:11:35.644Z] E0512 11:11:35.643760    2496 watch.go:40] Failed to load config from "c:\\Users\\Usr\\Documents\\MiniAgente\\dataconnect": could not find dataconnect.yaml in `c:\Users\Usr\Documents\MiniAgente\dataconnect`
 {"metadata":{"emulator":{"name":"dataconnect"},"message":"E0512 11:11:35.643760    2496 watch.go:40] Failed to load config from \"c:\\\\Users\\\\Usr\\\\Documents\\\\MiniAgente\\\\dataconnect\": could not find dataconnect.yaml in `c:\\Users\\Usr\\Documents\\MiniAgente\\dataconnect`\n"}}
[debug] [2026-05-12T14:11:45.644Z] E0512 11:11:45.643723    2496 watch.go:40] Failed to load config from "c:\\Users\\Usr\\Documents\\MiniAgente\\dataconnect": could not find dataconnect.yaml in `c:\Users\Usr\Documents\MiniAgente\dataconnect`
 {"metadata":{"emulator":{"name":"dataconnect"},"message":"E0512 11:11:45.643723    2496 watch.go:40] Failed to load config from \"c:\\\\Users\\\\Usr\\\\Documents\\\\MiniAgente\\\\dataconnect\": could not find dataconnect.yaml in `c:\\Users\\Usr\\Documents\\MiniAgente\\dataconnect`\n"}}
[debug] [2026-05-12T14:11:55.644Z] E0512 11:11:55.643946    2496 watch.go:40] Failed to load config from "c:\\Users\\Usr\\Documents\\MiniAgente\\dataconnect": could not find dataconnect.yaml in `c:\Users\Usr\Documents\MiniAgente\dataconnect`
 {"metadata":{"emulator":{"name":"dataconnect"},"message":"E0512 11:11:55.643946    2496 watch.go:40] Failed to load config from \"c:\\\\Users\\\\Usr\\\\Documents\\\\MiniAgente\\\\dataconnect\": could not find dataconnect.yaml in `c:\\Users\\Usr\\Documents\\MiniAgente\\dataconnect`\n"}}
[debug] [2026-05-12T14:12:05.644Z] E0512 11:12:05.643907    2496 watch.go:40] Failed to load config from "c:\\Users\\Usr\\Documents\\MiniAgente\\dataconnect": could not find dataconnect.yaml in `c:\Users\Usr\Documents\MiniAgente\dataconnect`
 {"metadata":{"emulator":{"name":"dataconnect"},"message":"E0512 11:12:05.643907    2496 watch.go:40] Failed to load config from \"c:\\\\Users\\\\Usr\\\\Documents\\\\MiniAgente\\\\dataconnect\": could not find dataconnect.yaml in `c:\\Users\\Usr\\Documents\\MiniAgente\\dataconnect`\n"}}
[debug] [2026-05-12T14:12:15.644Z] E0512 11:12:15.643675    2496 watch.go:40] Failed to load config from "c:\\Users\\Usr\\Documents\\MiniAgente\\dataconnect": could not find dataconnect.yaml in `c:\Users\Usr\Documents\MiniAgente\dataconnect`
 {"metadata":{"emulator":{"name":"dataconnect"},"message":"E0512 11:12:15.643675    2496 watch.go:40] Failed to load config from \"c:\\\\Users\\\\Usr\\\\Documents\\\\MiniAgente\\\\dataconnect\": could not find dataconnect.yaml in `c:\\Users\\Usr\\Documents\\MiniAgente\\dataconnect`\n"}}
[debug] [2026-05-12T14:12:25.644Z] E0512 11:12:25.643825    2496 watch.go:116] watchAllDir unable to walk dir `c:\Users\Usr\Documents\MiniAgente\dataconnect`: GetFileAttributesEx c:\Users\Usr\Documents\MiniAgente\dataconnect: The system cannot find the file specified.
 {"metadata":{"emulator":{"name":"dataconnect"},"message":"E0512 11:12:25.643825    2496 watch.go:116] watchAllDir unable to walk dir `c:\\Users\\Usr\\Documents\\MiniAgente\\dataconnect`: GetFileAttributesEx c:\\Users\\Usr\\Documents\\MiniAgente\\dataconnect: The system cannot find the file specified.\n"}}
[debug] [2026-05-12T14:12:25.644Z] E0512 11:12:25.643825    2496 watch.go:40] Failed to load config from "c:\\Users\\Usr\\Documents\\MiniAgente\\dataconnect": could not find dataconnect.yaml in `c:\Users\Usr\Documents\MiniAgente\dataconnect`
 {"metadata":{"emulator":{"name":"dataconnect"},"message":"E0512 11:12:25.643825    2496 watch.go:40] Failed to load config from \"c:\\\\Users\\\\Usr\\\\Documents\\\\MiniAgente\\\\dataconnect\": could not find dataconnect.yaml in `c:\\Users\\Usr\\Documents\\MiniAgente\\dataconnect`\n"}}
[debug] [2026-05-12T14:12:35.644Z] E0512 11:12:35.643598    2496 watch.go:40] Failed to load config from "c:\\Users\\Usr\\Documents\\MiniAgente\\dataconnect": could not find dataconnect.yaml in `c:\Users\Usr\Documents\MiniAgente\dataconnect`
 {"metadata":{"emulator":{"name":"dataconnect"},"message":"E0512 11:12:35.643598    2496 watch.go:40] Failed to load config from \"c:\\\\Users\\\\Usr\\\\Documents\\\\MiniAgente\\\\dataconnect\": could not find dataconnect.yaml in `c:\\Users\\Usr\\Documents\\MiniAgente\\dataconnect`\n"}}
[debug] [2026-05-12T14:12:45.644Z] E0512 11:12:45.643820    2496 watch.go:40] Failed to load config from "c:\\Users\\Usr\\Documents\\MiniAgente\\dataconnect": could not find dataconnect.yaml in `c:\Users\Usr\Documents\MiniAgente\dataconnect`
 {"metadata":{"emulator":{"name":"dataconnect"},"message":"E0512 11:12:45.643820    2496 watch.go:40] Failed to load config from \"c:\\\\Users\\\\Usr\\\\Documents\\\\MiniAgente\\\\dataconnect\": could not find dataconnect.yaml in `c:\\Users\\Usr\\Documents\\MiniAgente\\dataconnect`\n"}}
[debug] [2026-05-12T14:12:55.644Z] E0512 11:12:55.643691    2496 watch.go:40] Failed to load config from "c:\\Users\\Usr\\Documents\\MiniAgente\\dataconnect": could not find dataconnect.yaml in `c:\Users\Usr\Documents\MiniAgente\dataconnect`
 {"metadata":{"emulator":{"name":"dataconnect"},"message":"E0512 11:12:55.643691    2496 watch.go:40] Failed to load config from \"c:\\\\Users\\\\Usr\\\\Documents\\\\MiniAgente\\\\dataconnect\": could not find dataconnect.yaml in `c:\\Users\\Usr\\Documents\\MiniAgente\\dataconnect`\n"}}
[debug] [2026-05-12T14:13:05.644Z] E0512 11:13:05.643661    2496 watch.go:40] Failed to load config from "c:\\Users\\Usr\\Documents\\MiniAgente\\dataconnect": could not find dataconnect.yaml in `c:\Users\Usr\Documents\MiniAgente\dataconnect`
 {"metadata":{"emulator":{"name":"dataconnect"},"message":"E0512 11:13:05.643661    2496 watch.go:40] Failed to load config from \"c:\\\\Users\\\\Usr\\\\Documents\\\\MiniAgente\\\\dataconnect\": could not find dataconnect.yaml in `c:\\Users\\Usr\\Documents\\MiniAgente\\dataconnect`\n"}}
[debug] [2026-05-12T14:13:15.643Z] E0512 11:13:15.643167    2496 watch.go:40] Failed to load config from "c:\\Users\\Usr\\Documents\\MiniAgente\\dataconnect": could not find dataconnect.yaml in `c:\Users\Usr\Documents\MiniAgente\dataconnect`
 {"metadata":{"emulator":{"name":"dataconnect"},"message":"E0512 11:13:15.643167    2496 watch.go:40] Failed to load config from \"c:\\\\Users\\\\Usr\\\\Documents\\\\MiniAgente\\\\dataconnect\": could not find dataconnect.yaml in `c:\\Users\\Usr\\Documents\\MiniAgente\\dataconnect`\n"}}
[debug] [2026-05-12T14:13:25.643Z] E0512 11:13:25.643088    2496 watch.go:116] watchAllDir unable to walk dir `c:\Users\Usr\Documents\MiniAgente\dataconnect`: GetFileAttributesEx c:\Users\Usr\Documents\MiniAgente\dataconnect: The system cannot find the file specified.
 {"metadata":{"emulator":{"name":"dataconnect"},"message":"E0512 11:13:25.643088    2496 watch.go:116] watchAllDir unable to walk dir `c:\\Users\\Usr\\Documents\\MiniAgente\\dataconnect`: GetFileAttributesEx c:\\Users\\Usr\\Documents\\MiniAgente\\dataconnect: The system cannot find the file specified.\n"}}
[debug] [2026-05-12T14:13:25.644Z] E0512 11:13:25.643088    2496 watch.go:40] Failed to load config from "c:\\Users\\Usr\\Documents\\MiniAgente\\dataconnect": could not find dataconnect.yaml in `c:\Users\Usr\Documents\MiniAgente\dataconnect`
 {"metadata":{"emulator":{"name":"dataconnect"},"message":"E0512 11:13:25.643088    2496 watch.go:40] Failed to load config from \"c:\\\\Users\\\\Usr\\\\Documents\\\\MiniAgente\\\\dataconnect\": could not find dataconnect.yaml in `c:\\Users\\Usr\\Documents\\MiniAgente\\dataconnect`\n"}}
[debug] [2026-05-12T14:13:35.643Z] E0512 11:13:35.643490    2496 watch.go:40] Failed to load config from "c:\\Users\\Usr\\Documents\\MiniAgente\\dataconnect": could not find dataconnect.yaml in `c:\Users\Usr\Documents\MiniAgente\dataconnect`
 {"metadata":{"emulator":{"name":"dataconnect"},"message":"E0512 11:13:35.643490    2496 watch.go:40] Failed to load config from \"c:\\\\Users\\\\Usr\\\\Documents\\\\MiniAgente\\\\dataconnect\": could not find dataconnect.yaml in `c:\\Users\\Usr\\Documents\\MiniAgente\\dataconnect`\n"}}
[debug] [2026-05-12T14:13:45.643Z] E0512 11:13:45.643013    2496 watch.go:40] Failed to load config from "c:\\Users\\Usr\\Documents\\MiniAgente\\dataconnect": could not find dataconnect.yaml in `c:\Users\Usr\Documents\MiniAgente\dataconnect`
 {"metadata":{"emulator":{"name":"dataconnect"},"message":"E0512 11:13:45.643013    2496 watch.go:40] Failed to load config from \"c:\\\\Users\\\\Usr\\\\Documents\\\\MiniAgente\\\\dataconnect\": could not find dataconnect.yaml in `c:\\Users\\Usr\\Documents\\MiniAgente\\dataconnect`\n"}}
[debug] [2026-05-12T14:13:55.643Z] E0512 11:13:55.643080    2496 watch.go:40] Failed to load config from "c:\\Users\\Usr\\Documents\\MiniAgente\\dataconnect": could not find dataconnect.yaml in `c:\Users\Usr\Documents\MiniAgente\dataconnect`
 {"metadata":{"emulator":{"name":"dataconnect"},"message":"E0512 11:13:55.643080    2496 watch.go:40] Failed to load config from \"c:\\\\Users\\\\Usr\\\\Documents\\\\MiniAgente\\\\dataconnect\": could not find dataconnect.yaml in `c:\\Users\\Usr\\Documents\\MiniAgente\\dataconnect`\n"}}
[debug] [2026-05-12T14:14:05.643Z] E0512 11:14:05.643117    2496 watch.go:40] Failed to load config from "c:\\Users\\Usr\\Documents\\MiniAgente\\dataconnect": could not find dataconnect.yaml in `c:\Users\Usr\Documents\MiniAgente\dataconnect`
 {"metadata":{"emulator":{"name":"dataconnect"},"message":"E0512 11:14:05.643117    2496 watch.go:40] Failed to load config from \"c:\\\\Users\\\\Usr\\\\Documents\\\\MiniAgente\\\\dataconnect\": could not find dataconnect.yaml in `c:\\Users\\Usr\\Documents\\MiniAgente\\dataconnect`\n"}}
[debug] [2026-05-12T14:14:15.642Z] E0512 11:14:15.642942    2496 watch.go:40] Failed to load config from "c:\\Users\\Usr\\Documents\\MiniAgente\\dataconnect": could not find dataconnect.yaml in `c:\Users\Usr\Documents\MiniAgente\dataconnect`
 {"metadata":{"emulator":{"name":"dataconnect"},"message":"E0512 11:14:15.642942    2496 watch.go:40] Failed to load config from \"c:\\\\Users\\\\Usr\\\\Documents\\\\MiniAgente\\\\dataconnect\": could not find dataconnect.yaml in `c:\\Users\\Usr\\Documents\\MiniAgente\\dataconnect`\n"}}
[debug] [2026-05-12T14:14:25.642Z] E0512 11:14:25.642943    2496 watch.go:116] watchAllDir unable to walk dir `c:\Users\Usr\Documents\MiniAgente\dataconnect`: GetFileAttributesEx c:\Users\Usr\Documents\MiniAgente\dataconnect: The system cannot find the file specified.
 {"metadata":{"emulator":{"name":"dataconnect"},"message":"E0512 11:14:25.642943    2496 watch.go:116] watchAllDir unable to walk dir `c:\\Users\\Usr\\Documents\\MiniAgente\\dataconnect`: GetFileAttributesEx c:\\Users\\Usr\\Documents\\MiniAgente\\dataconnect: The system cannot find the file specified.\n"}}
[debug] [2026-05-12T14:14:25.643Z] E0512 11:14:25.642943    2496 watch.go:40] Failed to load config from "c:\\Users\\Usr\\Documents\\MiniAgente\\dataconnect": could not find dataconnect.yaml in `c:\Users\Usr\Documents\MiniAgente\dataconnect`
 {"metadata":{"emulator":{"name":"dataconnect"},"message":"E0512 11:14:25.642943    2496 watch.go:40] Failed to load config from \"c:\\\\Users\\\\Usr\\\\Documents\\\\MiniAgente\\\\dataconnect\": could not find dataconnect.yaml in `c:\\Users\\Usr\\Documents\\MiniAgente\\dataconnect`\n"}}
[debug] [2026-05-12T14:14:35.642Z] E0512 11:14:35.642827    2496 watch.go:40] Failed to load config from "c:\\Users\\Usr\\Documents\\MiniAgente\\dataconnect": could not find dataconnect.yaml in `c:\Users\Usr\Documents\MiniAgente\dataconnect`
 {"metadata":{"emulator":{"name":"dataconnect"},"message":"E0512 11:14:35.642827    2496 watch.go:40] Failed to load config from \"c:\\\\Users\\\\Usr\\\\Documents\\\\MiniAgente\\\\dataconnect\": could not find dataconnect.yaml in `c:\\Users\\Usr\\Documents\\MiniAgente\\dataconnect`\n"}}
[debug] [2026-05-12T14:14:45.642Z] E0512 11:14:45.642935    2496 watch.go:40] Failed to load config from "c:\\Users\\Usr\\Documents\\MiniAgente\\dataconnect": could not find dataconnect.yaml in `c:\Users\Usr\Documents\MiniAgente\dataconnect`
 {"metadata":{"emulator":{"name":"dataconnect"},"message":"E0512 11:14:45.642935    2496 watch.go:40] Failed to load config from \"c:\\\\Users\\\\Usr\\\\Documents\\\\MiniAgente\\\\dataconnect\": could not find dataconnect.yaml in `c:\\Users\\Usr\\Documents\\MiniAgente\\dataconnect`\n"}}
[debug] [2026-05-12T14:14:55.642Z] E0512 11:14:55.642958    2496 watch.go:40] Failed to load config from "c:\\Users\\Usr\\Documents\\MiniAgente\\dataconnect": could not find dataconnect.yaml in `c:\Users\Usr\Documents\MiniAgente\dataconnect`
 {"metadata":{"emulator":{"name":"dataconnect"},"message":"E0512 11:14:55.642958    2496 watch.go:40] Failed to load config from \"c:\\\\Users\\\\Usr\\\\Documents\\\\MiniAgente\\\\dataconnect\": could not find dataconnect.yaml in `c:\\Users\\Usr\\Documents\\MiniAgente\\dataconnect`\n"}}
[debug] [2026-05-12T14:15:05.642Z] E0512 11:15:05.642907    2496 watch.go:40] Failed to load config from "c:\\Users\\Usr\\Documents\\MiniAgente\\dataconnect": could not find dataconnect.yaml in `c:\Users\Usr\Documents\MiniAgente\dataconnect`
 {"metadata":{"emulator":{"name":"dataconnect"},"message":"E0512 11:15:05.642907    2496 watch.go:40] Failed to load config from \"c:\\\\Users\\\\Usr\\\\Documents\\\\MiniAgente\\\\dataconnect\": could not find dataconnect.yaml in `c:\\Users\\Usr\\Documents\\MiniAgente\\dataconnect`\n"}}
[debug] [2026-05-12T14:15:15.642Z] E0512 11:15:15.642682    2496 watch.go:40] Failed to load config from "c:\\Users\\Usr\\Documents\\MiniAgente\\dataconnect": could not find dataconnect.yaml in `c:\Users\Usr\Documents\MiniAgente\dataconnect`
 {"metadata":{"emulator":{"name":"dataconnect"},"message":"E0512 11:15:15.642682    2496 watch.go:40] Failed to load config from \"c:\\\\Users\\\\Usr\\\\Documents\\\\MiniAgente\\\\dataconnect\": could not find dataconnect.yaml in `c:\\Users\\Usr\\Documents\\MiniAgente\\dataconnect`\n"}}
[debug] [2026-05-12T14:15:25.643Z] E0512 11:15:25.642815    2496 watch.go:116] watchAllDir unable to walk dir `c:\Users\Usr\Documents\MiniAgente\dataconnect`: GetFileAttributesEx c:\Users\Usr\Documents\MiniAgente\dataconnect: The system cannot find the file specified.
E0512 11:15:25.642815    2496 watch.go:40] Failed to load config from "c:\\Users\\Usr\\Documents\\MiniAgente\\dataconnect": could not find dataconnect.yaml in `c:\Users\Usr\Documents\MiniAgente\dataconnect`
 {"metadata":{"emulator":{"name":"dataconnect"},"message":"E0512 11:15:25.642815    2496 watch.go:116] watchAllDir unable to walk dir `c:\\Users\\Usr\\Documents\\MiniAgente\\dataconnect`: GetFileAttributesEx c:\\Users\\Usr\\Documents\\MiniAgente\\dataconnect: The system cannot find the file specified.\nE0512 11:15:25.642815    2496 watch.go:40] Failed to load config from \"c:\\\\Users\\\\Usr\\\\Documents\\\\MiniAgente\\\\dataconnect\": could not find dataconnect.yaml in `c:\\Users\\Usr\\Documents\\MiniAgente\\dataconnect`\n"}}
[debug] [2026-05-12T14:15:35.643Z] E0512 11:15:35.642531    2496 watch.go:40] Failed to load config from "c:\\Users\\Usr\\Documents\\MiniAgente\\dataconnect": could not find dataconnect.yaml in `c:\Users\Usr\Documents\MiniAgente\dataconnect`
 {"metadata":{"emulator":{"name":"dataconnect"},"message":"E0512 11:15:35.642531    2496 watch.go:40] Failed to load config from \"c:\\\\Users\\\\Usr\\\\Documents\\\\MiniAgente\\\\dataconnect\": could not find dataconnect.yaml in `c:\\Users\\Usr\\Documents\\MiniAgente\\dataconnect`\n"}}
[debug] [2026-05-12T14:15:45.643Z] E0512 11:15:45.642671    2496 watch.go:40] Failed to load config from "c:\\Users\\Usr\\Documents\\MiniAgente\\dataconnect": could not find dataconnect.yaml in `c:\Users\Usr\Documents\MiniAgente\dataconnect`
 {"metadata":{"emulator":{"name":"dataconnect"},"message":"E0512 11:15:45.642671    2496 watch.go:40] Failed to load config from \"c:\\\\Users\\\\Usr\\\\Documents\\\\MiniAgente\\\\dataconnect\": could not find dataconnect.yaml in `c:\\Users\\Usr\\Documents\\MiniAgente\\dataconnect`\n"}}
[debug] [2026-05-12T14:15:55.642Z] E0512 11:15:55.642379    2496 watch.go:40] Failed to load config from "c:\\Users\\Usr\\Documents\\MiniAgente\\dataconnect": could not find dataconnect.yaml in `c:\Users\Usr\Documents\MiniAgente\dataconnect`
 {"metadata":{"emulator":{"name":"dataconnect"},"message":"E0512 11:15:55.642379    2496 watch.go:40] Failed to load config from \"c:\\\\Users\\\\Usr\\\\Documents\\\\MiniAgente\\\\dataconnect\": could not find dataconnect.yaml in `c:\\Users\\Usr\\Documents\\MiniAgente\\dataconnect`\n"}}
[debug] [2026-05-12T14:16:05.642Z] E0512 11:16:05.642292    2496 watch.go:40] Failed to load config from "c:\\Users\\Usr\\Documents\\MiniAgente\\dataconnect": could not find dataconnect.yaml in `c:\Users\Usr\Documents\MiniAgente\dataconnect`
 {"metadata":{"emulator":{"name":"dataconnect"},"message":"E0512 11:16:05.642292    2496 watch.go:40] Failed to load config from \"c:\\\\Users\\\\Usr\\\\Documents\\\\MiniAgente\\\\dataconnect\": could not find dataconnect.yaml in `c:\\Users\\Usr\\Documents\\MiniAgente\\dataconnect`\n"}}
[debug] [2026-05-12T14:16:15.642Z] E0512 11:16:15.642535    2496 watch.go:40] Failed to load config from "c:\\Users\\Usr\\Documents\\MiniAgente\\dataconnect": could not find dataconnect.yaml in `c:\Users\Usr\Documents\MiniAgente\dataconnect`
 {"metadata":{"emulator":{"name":"dataconnect"},"message":"E0512 11:16:15.642535    2496 watch.go:40] Failed to load config from \"c:\\\\Users\\\\Usr\\\\Documents\\\\MiniAgente\\\\dataconnect\": could not find dataconnect.yaml in `c:\\Users\\Usr\\Documents\\MiniAgente\\dataconnect`\n"}}
[debug] [2026-05-12T14:16:25.642Z] E0512 11:16:25.642405    2496 watch.go:116] watchAllDir unable to walk dir `c:\Users\Usr\Documents\MiniAgente\dataconnect`: GetFileAttributesEx c:\Users\Usr\Documents\MiniAgente\dataconnect: The system cannot find the file specified.
E0512 11:16:25.642405    2496 watch.go:40] Failed to load config from "c:\\Users\\Usr\\Documents\\MiniAgente\\dataconnect": could not find dataconnect.yaml in `c:\Users\Usr\Documents\MiniAgente\dataconnect`
 {"metadata":{"emulator":{"name":"dataconnect"},"message":"E0512 11:16:25.642405    2496 watch.go:116] watchAllDir unable to walk dir `c:\\Users\\Usr\\Documents\\MiniAgente\\dataconnect`: GetFileAttributesEx c:\\Users\\Usr\\Documents\\MiniAgente\\dataconnect: The system cannot find the file specified.\nE0512 11:16:25.642405    2496 watch.go:40] Failed to load config from \"c:\\\\Users\\\\Usr\\\\Documents\\\\MiniAgente\\\\dataconnect\": could not find dataconnect.yaml in `c:\\Users\\Usr\\Documents\\MiniAgente\\dataconnect`\n"}}
[debug] [2026-05-12T14:16:35.642Z] E0512 11:16:35.642015    2496 watch.go:40] Failed to load config from "c:\\Users\\Usr\\Documents\\MiniAgente\\dataconnect": could not find dataconnect.yaml in `c:\Users\Usr\Documents\MiniAgente\dataconnect`
 {"metadata":{"emulator":{"name":"dataconnect"},"message":"E0512 11:16:35.642015    2496 watch.go:40] Failed to load config from \"c:\\\\Users\\\\Usr\\\\Documents\\\\MiniAgente\\\\dataconnect\": could not find dataconnect.yaml in `c:\\Users\\Usr\\Documents\\MiniAgente\\dataconnect`\n"}}
[debug] [2026-05-12T14:16:45.642Z] E0512 11:16:45.642370    2496 watch.go:40] Failed to load config from "c:\\Users\\Usr\\Documents\\MiniAgente\\dataconnect": could not find dataconnect.yaml in `c:\Users\Usr\Documents\MiniAgente\dataconnect`
 {"metadata":{"emulator":{"name":"dataconnect"},"message":"E0512 11:16:45.642370    2496 watch.go:40] Failed to load config from \"c:\\\\Users\\\\Usr\\\\Documents\\\\MiniAgente\\\\dataconnect\": could not find dataconnect.yaml in `c:\\Users\\Usr\\Documents\\MiniAgente\\dataconnect`\n"}}
[debug] [2026-05-12T14:16:55.643Z] E0512 11:16:55.642359    2496 watch.go:40] Failed to load config from "c:\\Users\\Usr\\Documents\\MiniAgente\\dataconnect": could not find dataconnect.yaml in `c:\Users\Usr\Documents\MiniAgente\dataconnect`
 {"metadata":{"emulator":{"name":"dataconnect"},"message":"E0512 11:16:55.642359    2496 watch.go:40] Failed to load config from \"c:\\\\Users\\\\Usr\\\\Documents\\\\MiniAgente\\\\dataconnect\": could not find dataconnect.yaml in `c:\\Users\\Usr\\Documents\\MiniAgente\\dataconnect`\n"}}
[debug] [2026-05-12T14:17:05.642Z] E0512 11:17:05.642000    2496 watch.go:40] Failed to load config from "c:\\Users\\Usr\\Documents\\MiniAgente\\dataconnect": could not find dataconnect.yaml in `c:\Users\Usr\Documents\MiniAgente\dataconnect`
 {"metadata":{"emulator":{"name":"dataconnect"},"message":"E0512 11:17:05.642000    2496 watch.go:40] Failed to load config from \"c:\\\\Users\\\\Usr\\\\Documents\\\\MiniAgente\\\\dataconnect\": could not find dataconnect.yaml in `c:\\Users\\Usr\\Documents\\MiniAgente\\dataconnect`\n"}}
[debug] [2026-05-12T14:17:15.642Z] E0512 11:17:15.641899    2496 watch.go:40] Failed to load config from "c:\\Users\\Usr\\Documents\\MiniAgente\\dataconnect": could not find dataconnect.yaml in `c:\Users\Usr\Documents\MiniAgente\dataconnect`
 {"metadata":{"emulator":{"name":"dataconnect"},"message":"E0512 11:17:15.641899    2496 watch.go:40] Failed to load config from \"c:\\\\Users\\\\Usr\\\\Documents\\\\MiniAgente\\\\dataconnect\": could not find dataconnect.yaml in `c:\\Users\\Usr\\Documents\\MiniAgente\\dataconnect`\n"}}
[debug] [2026-05-12T14:17:25.642Z] E0512 11:17:25.642064    2496 watch.go:116] watchAllDir unable to walk dir `c:\Users\Usr\Documents\MiniAgente\dataconnect`: GetFileAttributesEx c:\Users\Usr\Documents\MiniAgente\dataconnect: The system cannot find the file specified.
 {"metadata":{"emulator":{"name":"dataconnect"},"message":"E0512 11:17:25.642064    2496 watch.go:116] watchAllDir unable to walk dir `c:\\Users\\Usr\\Documents\\MiniAgente\\dataconnect`: GetFileAttributesEx c:\\Users\\Usr\\Documents\\MiniAgente\\dataconnect: The system cannot find the file specified.\n"}}
[debug] [2026-05-12T14:17:25.643Z] E0512 11:17:25.642064    2496 watch.go:40] Failed to load config from "c:\\Users\\Usr\\Documents\\MiniAgente\\dataconnect": could not find dataconnect.yaml in `c:\Users\Usr\Documents\MiniAgente\dataconnect`
 {"metadata":{"emulator":{"name":"dataconnect"},"message":"E0512 11:17:25.642064    2496 watch.go:40] Failed to load config from \"c:\\\\Users\\\\Usr\\\\Documents\\\\MiniAgente\\\\dataconnect\": could not find dataconnect.yaml in `c:\\Users\\Usr\\Documents\\MiniAgente\\dataconnect`\n"}}
[debug] [2026-05-12T14:17:35.642Z] E0512 11:17:35.641940    2496 watch.go:40] Failed to load config from "c:\\Users\\Usr\\Documents\\MiniAgente\\dataconnect": could not find dataconnect.yaml in `c:\Users\Usr\Documents\MiniAgente\dataconnect`
 {"metadata":{"emulator":{"name":"dataconnect"},"message":"E0512 11:17:35.641940    2496 watch.go:40] Failed to load config from \"c:\\\\Users\\\\Usr\\\\Documents\\\\MiniAgente\\\\dataconnect\": could not find dataconnect.yaml in `c:\\Users\\Usr\\Documents\\MiniAgente\\dataconnect`\n"}}
[debug] [2026-05-12T14:17:45.642Z] E0512 11:17:45.641962    2496 watch.go:40] Failed to load config from "c:\\Users\\Usr\\Documents\\MiniAgente\\dataconnect": could not find dataconnect.yaml in `c:\Users\Usr\Documents\MiniAgente\dataconnect`
 {"metadata":{"emulator":{"name":"dataconnect"},"message":"E0512 11:17:45.641962    2496 watch.go:40] Failed to load config from \"c:\\\\Users\\\\Usr\\\\Documents\\\\MiniAgente\\\\dataconnect\": could not find dataconnect.yaml in `c:\\Users\\Usr\\Documents\\MiniAgente\\dataconnect`\n"}}
[debug] [2026-05-12T14:17:55.642Z] E0512 11:17:55.641963    2496 watch.go:40] Failed to load config from "c:\\Users\\Usr\\Documents\\MiniAgente\\dataconnect": could not find dataconnect.yaml in `c:\Users\Usr\Documents\MiniAgente\dataconnect`
 {"metadata":{"emulator":{"name":"dataconnect"},"message":"E0512 11:17:55.641963    2496 watch.go:40] Failed to load config from \"c:\\\\Users\\\\Usr\\\\Documents\\\\MiniAgente\\\\dataconnect\": could not find dataconnect.yaml in `c:\\Users\\Usr\\Documents\\MiniAgente\\dataconnect`\n"}}
[debug] [2026-05-12T14:18:05.642Z] E0512 11:18:05.641484    2496 watch.go:40] Failed to load config from "c:\\Users\\Usr\\Documents\\MiniAgente\\dataconnect": could not find dataconnect.yaml in `c:\Users\Usr\Documents\MiniAgente\dataconnect`
 {"metadata":{"emulator":{"name":"dataconnect"},"message":"E0512 11:18:05.641484    2496 watch.go:40] Failed to load config from \"c:\\\\Users\\\\Usr\\\\Documents\\\\MiniAgente\\\\dataconnect\": could not find dataconnect.yaml in `c:\\Users\\Usr\\Documents\\MiniAgente\\dataconnect`\n"}}
[debug] [2026-05-12T14:18:15.640Z] E0512 11:18:15.641415    2496 watch.go:40] Failed to load config from "c:\\Users\\Usr\\Documents\\MiniAgente\\dataconnect": could not find dataconnect.yaml in `c:\Users\Usr\Documents\MiniAgente\dataconnect`
 {"metadata":{"emulator":{"name":"dataconnect"},"message":"E0512 11:18:15.641415    2496 watch.go:40] Failed to load config from \"c:\\\\Users\\\\Usr\\\\Documents\\\\MiniAgente\\\\dataconnect\": could not find dataconnect.yaml in `c:\\Users\\Usr\\Documents\\MiniAgente\\dataconnect`\n"}}
[debug] [2026-05-12T14:18:25.640Z] E0512 11:18:25.641511    2496 watch.go:116] watchAllDir unable to walk dir `c:\Users\Usr\Documents\MiniAgente\dataconnect`: GetFileAttributesEx c:\Users\Usr\Documents\MiniAgente\dataconnect: The system cannot find the file specified.
E0512 11:18:25.641511    2496 watch.go:40] Failed to load config from "c:\\Users\\Usr\\Documents\\MiniAgente\\dataconnect": could not find dataconnect.yaml in `c:\Users\Usr\Documents\MiniAgente\dataconnect`
 {"metadata":{"emulator":{"name":"dataconnect"},"message":"E0512 11:18:25.641511    2496 watch.go:116] watchAllDir unable to walk dir `c:\\Users\\Usr\\Documents\\MiniAgente\\dataconnect`: GetFileAttributesEx c:\\Users\\Usr\\Documents\\MiniAgente\\dataconnect: The system cannot find the file specified.\nE0512 11:18:25.641511    2496 watch.go:40] Failed to load config from \"c:\\\\Users\\\\Usr\\\\Documents\\\\MiniAgente\\\\dataconnect\": could not find dataconnect.yaml in `c:\\Users\\Usr\\Documents\\MiniAgente\\dataconnect`\n"}}
[debug] [2026-05-12T14:18:35.641Z] E0512 11:18:35.641733    2496 watch.go:40] Failed to load config from "c:\\Users\\Usr\\Documents\\MiniAgente\\dataconnect": could not find dataconnect.yaml in `c:\Users\Usr\Documents\MiniAgente\dataconnect`
 {"metadata":{"emulator":{"name":"dataconnect"},"message":"E0512 11:18:35.641733    2496 watch.go:40] Failed to load config from \"c:\\\\Users\\\\Usr\\\\Documents\\\\MiniAgente\\\\dataconnect\": could not find dataconnect.yaml in `c:\\Users\\Usr\\Documents\\MiniAgente\\dataconnect`\n"}}
[debug] [2026-05-12T14:18:45.641Z] E0512 11:18:45.641612    2496 watch.go:40] Failed to load config from "c:\\Users\\Usr\\Documents\\MiniAgente\\dataconnect": could not find dataconnect.yaml in `c:\Users\Usr\Documents\MiniAgente\dataconnect`
 {"metadata":{"emulator":{"name":"dataconnect"},"message":"E0512 11:18:45.641612    2496 watch.go:40] Failed to load config from \"c:\\\\Users\\\\Usr\\\\Documents\\\\MiniAgente\\\\dataconnect\": could not find dataconnect.yaml in `c:\\Users\\Usr\\Documents\\MiniAgente\\dataconnect`\n"}}
[debug] [2026-05-12T14:18:55.641Z] E0512 11:18:55.641393    2496 watch.go:40] Failed to load config from "c:\\Users\\Usr\\Documents\\MiniAgente\\dataconnect": could not find dataconnect.yaml in `c:\Users\Usr\Documents\MiniAgente\dataconnect`
 {"metadata":{"emulator":{"name":"dataconnect"},"message":"E0512 11:18:55.641393    2496 watch.go:40] Failed to load config from \"c:\\\\Users\\\\Usr\\\\Documents\\\\MiniAgente\\\\dataconnect\": could not find dataconnect.yaml in `c:\\Users\\Usr\\Documents\\MiniAgente\\dataconnect`\n"}}
[debug] [2026-05-12T14:19:05.640Z] E0512 11:19:05.641381    2496 watch.go:40] Failed to load config from "c:\\Users\\Usr\\Documents\\MiniAgente\\dataconnect": could not find dataconnect.yaml in `c:\Users\Usr\Documents\MiniAgente\dataconnect`
 {"metadata":{"emulator":{"name":"dataconnect"},"message":"E0512 11:19:05.641381    2496 watch.go:40] Failed to load config from \"c:\\\\Users\\\\Usr\\\\Documents\\\\MiniAgente\\\\dataconnect\": could not find dataconnect.yaml in `c:\\Users\\Usr\\Documents\\MiniAgente\\dataconnect`\n"}}
[debug] [2026-05-12T14:19:15.641Z] E0512 11:19:15.641199    2496 watch.go:40] Failed to load config from "c:\\Users\\Usr\\Documents\\MiniAgente\\dataconnect": could not find dataconnect.yaml in `c:\Users\Usr\Documents\MiniAgente\dataconnect`
 {"metadata":{"emulator":{"name":"dataconnect"},"message":"E0512 11:19:15.641199    2496 watch.go:40] Failed to load config from \"c:\\\\Users\\\\Usr\\\\Documents\\\\MiniAgente\\\\dataconnect\": could not find dataconnect.yaml in `c:\\Users\\Usr\\Documents\\MiniAgente\\dataconnect`\n"}}
[debug] [2026-05-12T14:19:25.641Z] E0512 11:19:25.641131    2496 watch.go:116] watchAllDir unable to walk dir `c:\Users\Usr\Documents\MiniAgente\dataconnect`: GetFileAttributesEx c:\Users\Usr\Documents\MiniAgente\dataconnect: The system cannot find the file specified.
E0512 11:19:25.641131    2496 watch.go:40] Failed to load config from "c:\\Users\\Usr\\Documents\\MiniAgente\\dataconnect": could not find dataconnect.yaml in `c:\Users\Usr\Documents\MiniAgente\dataconnect`
 {"metadata":{"emulator":{"name":"dataconnect"},"message":"E0512 11:19:25.641131    2496 watch.go:116] watchAllDir unable to walk dir `c:\\Users\\Usr\\Documents\\MiniAgente\\dataconnect`: GetFileAttributesEx c:\\Users\\Usr\\Documents\\MiniAgente\\dataconnect: The system cannot find the file specified.\nE0512 11:19:25.641131    2496 watch.go:40] Failed to load config from \"c:\\\\Users\\\\Usr\\\\Documents\\\\MiniAgente\\\\dataconnect\": could not find dataconnect.yaml in `c:\\Users\\Usr\\Documents\\MiniAgente\\dataconnect`\n"}}
[debug] [2026-05-12T14:19:35.641Z] E0512 11:19:35.641241    2496 watch.go:40] Failed to load config from "c:\\Users\\Usr\\Documents\\MiniAgente\\dataconnect": could not find dataconnect.yaml in `c:\Users\Usr\Documents\MiniAgente\dataconnect`
 {"metadata":{"emulator":{"name":"dataconnect"},"message":"E0512 11:19:35.641241    2496 watch.go:40] Failed to load config from \"c:\\\\Users\\\\Usr\\\\Documents\\\\MiniAgente\\\\dataconnect\": could not find dataconnect.yaml in `c:\\Users\\Usr\\Documents\\MiniAgente\\dataconnect`\n"}}
[debug] [2026-05-12T14:19:45.641Z] E0512 11:19:45.641091    2496 watch.go:40] Failed to load config from "c:\\Users\\Usr\\Documents\\MiniAgente\\dataconnect": could not find dataconnect.yaml in `c:\Users\Usr\Documents\MiniAgente\dataconnect`
 {"metadata":{"emulator":{"name":"dataconnect"},"message":"E0512 11:19:45.641091    2496 watch.go:40] Failed to load config from \"c:\\\\Users\\\\Usr\\\\Documents\\\\MiniAgente\\\\dataconnect\": could not find dataconnect.yaml in `c:\\Users\\Usr\\Documents\\MiniAgente\\dataconnect`\n"}}
[debug] [2026-05-12T14:19:55.641Z] E0512 11:19:55.640935    2496 watch.go:40] Failed to load config from "c:\\Users\\Usr\\Documents\\MiniAgente\\dataconnect": could not find dataconnect.yaml in `c:\Users\Usr\Documents\MiniAgente\dataconnect`
 {"metadata":{"emulator":{"name":"dataconnect"},"message":"E0512 11:19:55.640935    2496 watch.go:40] Failed to load config from \"c:\\\\Users\\\\Usr\\\\Documents\\\\MiniAgente\\\\dataconnect\": could not find dataconnect.yaml in `c:\\Users\\Usr\\Documents\\MiniAgente\\dataconnect`\n"}}
[debug] [2026-05-12T14:20:05.641Z] E0512 11:20:05.640916    2496 watch.go:40] Failed to load config from "c:\\Users\\Usr\\Documents\\MiniAgente\\dataconnect": could not find dataconnect.yaml in `c:\Users\Usr\Documents\MiniAgente\dataconnect`
 {"metadata":{"emulator":{"name":"dataconnect"},"message":"E0512 11:20:05.640916    2496 watch.go:40] Failed to load config from \"c:\\\\Users\\\\Usr\\\\Documents\\\\MiniAgente\\\\dataconnect\": could not find dataconnect.yaml in `c:\\Users\\Usr\\Documents\\MiniAgente\\dataconnect`\n"}}
[debug] [2026-05-12T14:20:15.641Z] E0512 11:20:15.641094    2496 watch.go:40] Failed to load config from "c:\\Users\\Usr\\Documents\\MiniAgente\\dataconnect": could not find dataconnect.yaml in `c:\Users\Usr\Documents\MiniAgente\dataconnect`
 {"metadata":{"emulator":{"name":"dataconnect"},"message":"E0512 11:20:15.641094    2496 watch.go:40] Failed to load config from \"c:\\\\Users\\\\Usr\\\\Documents\\\\MiniAgente\\\\dataconnect\": could not find dataconnect.yaml in `c:\\Users\\Usr\\Documents\\MiniAgente\\dataconnect`\n"}}
[debug] [2026-05-12T14:20:25.640Z] E0512 11:20:25.640818    2496 watch.go:116] watchAllDir unable to walk dir `c:\Users\Usr\Documents\MiniAgente\dataconnect`: GetFileAttributesEx c:\Users\Usr\Documents\MiniAgente\dataconnect: The system cannot find the file specified.
E0512 11:20:25.640818    2496 watch.go:40] Failed to load config from "c:\\Users\\Usr\\Documents\\MiniAgente\\dataconnect": could not find dataconnect.yaml in `c:\Users\Usr\Documents\MiniAgente\dataconnect`
 {"metadata":{"emulator":{"name":"dataconnect"},"message":"E0512 11:20:25.640818    2496 watch.go:116] watchAllDir unable to walk dir `c:\\Users\\Usr\\Documents\\MiniAgente\\dataconnect`: GetFileAttributesEx c:\\Users\\Usr\\Documents\\MiniAgente\\dataconnect: The system cannot find the file specified.\nE0512 11:20:25.640818    2496 watch.go:40] Failed to load config from \"c:\\\\Users\\\\Usr\\\\Documents\\\\MiniAgente\\\\dataconnect\": could not find dataconnect.yaml in `c:\\Users\\Usr\\Documents\\MiniAgente\\dataconnect`\n"}}
[debug] [2026-05-12T14:20:35.640Z] E0512 11:20:35.641008    2496 watch.go:40] Failed to load config from "c:\\Users\\Usr\\Documents\\MiniAgente\\dataconnect": could not find dataconnect.yaml in `c:\Users\Usr\Documents\MiniAgente\dataconnect`
 {"metadata":{"emulator":{"name":"dataconnect"},"message":"E0512 11:20:35.641008    2496 watch.go:40] Failed to load config from \"c:\\\\Users\\\\Usr\\\\Documents\\\\MiniAgente\\\\dataconnect\": could not find dataconnect.yaml in `c:\\Users\\Usr\\Documents\\MiniAgente\\dataconnect`\n"}}
[debug] [2026-05-12T14:20:45.640Z] E0512 11:20:45.640946    2496 watch.go:40] Failed to load config from "c:\\Users\\Usr\\Documents\\MiniAgente\\dataconnect": could not find dataconnect.yaml in `c:\Users\Usr\Documents\MiniAgente\dataconnect`
 {"metadata":{"emulator":{"name":"dataconnect"},"message":"E0512 11:20:45.640946    2496 watch.go:40] Failed to load config from \"c:\\\\Users\\\\Usr\\\\Documents\\\\MiniAgente\\\\dataconnect\": could not find dataconnect.yaml in `c:\\Users\\Usr\\Documents\\MiniAgente\\dataconnect`\n"}}
[debug] [2026-05-12T14:20:55.640Z] E0512 11:20:55.640689    2496 watch.go:40] Failed to load config from "c:\\Users\\Usr\\Documents\\MiniAgente\\dataconnect": could not find dataconnect.yaml in `c:\Users\Usr\Documents\MiniAgente\dataconnect`
 {"metadata":{"emulator":{"name":"dataconnect"},"message":"E0512 11:20:55.640689    2496 watch.go:40] Failed to load config from \"c:\\\\Users\\\\Usr\\\\Documents\\\\MiniAgente\\\\dataconnect\": could not find dataconnect.yaml in `c:\\Users\\Usr\\Documents\\MiniAgente\\dataconnect`\n"}}
[debug] [2026-05-12T14:21:05.640Z] E0512 11:21:05.640678    2496 watch.go:40] Failed to load config from "c:\\Users\\Usr\\Documents\\MiniAgente\\dataconnect": could not find dataconnect.yaml in `c:\Users\Usr\Documents\MiniAgente\dataconnect`
 {"metadata":{"emulator":{"name":"dataconnect"},"message":"E0512 11:21:05.640678    2496 watch.go:40] Failed to load config from \"c:\\\\Users\\\\Usr\\\\Documents\\\\MiniAgente\\\\dataconnect\": could not find dataconnect.yaml in `c:\\Users\\Usr\\Documents\\MiniAgente\\dataconnect`\n"}}
[debug] [2026-05-12T14:21:15.640Z] E0512 11:21:15.640409    2496 watch.go:40] Failed to load config from "c:\\Users\\Usr\\Documents\\MiniAgente\\dataconnect": could not find dataconnect.yaml in `c:\Users\Usr\Documents\MiniAgente\dataconnect`
 {"metadata":{"emulator":{"name":"dataconnect"},"message":"E0512 11:21:15.640409    2496 watch.go:40] Failed to load config from \"c:\\\\Users\\\\Usr\\\\Documents\\\\MiniAgente\\\\dataconnect\": could not find dataconnect.yaml in `c:\\Users\\Usr\\Documents\\MiniAgente\\dataconnect`\n"}}
[debug] [2026-05-12T14:21:25.640Z] E0512 11:21:25.640453    2496 watch.go:116] watchAllDir unable to walk dir `c:\Users\Usr\Documents\MiniAgente\dataconnect`: GetFileAttributesEx c:\Users\Usr\Documents\MiniAgente\dataconnect: The system cannot find the file specified.
 {"metadata":{"emulator":{"name":"dataconnect"},"message":"E0512 11:21:25.640453    2496 watch.go:116] watchAllDir unable to walk dir `c:\\Users\\Usr\\Documents\\MiniAgente\\dataconnect`: GetFileAttributesEx c:\\Users\\Usr\\Documents\\MiniAgente\\dataconnect: The system cannot find the file specified.\n"}}
[debug] [2026-05-12T14:21:25.640Z] E0512 11:21:25.640453    2496 watch.go:40] Failed to load config from "c:\\Users\\Usr\\Documents\\MiniAgente\\dataconnect": could not find dataconnect.yaml in `c:\Users\Usr\Documents\MiniAgente\dataconnect`
 {"metadata":{"emulator":{"name":"dataconnect"},"message":"E0512 11:21:25.640453    2496 watch.go:40] Failed to load config from \"c:\\\\Users\\\\Usr\\\\Documents\\\\MiniAgente\\\\dataconnect\": could not find dataconnect.yaml in `c:\\Users\\Usr\\Documents\\MiniAgente\\dataconnect`\n"}}
[debug] [2026-05-12T14:21:35.640Z] E0512 11:21:35.640496    2496 watch.go:40] Failed to load config from "c:\\Users\\Usr\\Documents\\MiniAgente\\dataconnect": could not find dataconnect.yaml in `c:\Users\Usr\Documents\MiniAgente\dataconnect`
 {"metadata":{"emulator":{"name":"dataconnect"},"message":"E0512 11:21:35.640496    2496 watch.go:40] Failed to load config from \"c:\\\\Users\\\\Usr\\\\Documents\\\\MiniAgente\\\\dataconnect\": could not find dataconnect.yaml in `c:\\Users\\Usr\\Documents\\MiniAgente\\dataconnect`\n"}}
[debug] [2026-05-12T14:21:45.640Z] E0512 11:21:45.640553    2496 watch.go:40] Failed to load config from "c:\\Users\\Usr\\Documents\\MiniAgente\\dataconnect": could not find dataconnect.yaml in `c:\Users\Usr\Documents\MiniAgente\dataconnect`
 {"metadata":{"emulator":{"name":"dataconnect"},"message":"E0512 11:21:45.640553    2496 watch.go:40] Failed to load config from \"c:\\\\Users\\\\Usr\\\\Documents\\\\MiniAgente\\\\dataconnect\": could not find dataconnect.yaml in `c:\\Users\\Usr\\Documents\\MiniAgente\\dataconnect`\n"}}
[debug] [2026-05-12T14:21:55.640Z] E0512 11:21:55.640399    2496 watch.go:40] Failed to load config from "c:\\Users\\Usr\\Documents\\MiniAgente\\dataconnect": could not find dataconnect.yaml in `c:\Users\Usr\Documents\MiniAgente\dataconnect`
 {"metadata":{"emulator":{"name":"dataconnect"},"message":"E0512 11:21:55.640399    2496 watch.go:40] Failed to load config from \"c:\\\\Users\\\\Usr\\\\Documents\\\\MiniAgente\\\\dataconnect\": could not find dataconnect.yaml in `c:\\Users\\Usr\\Documents\\MiniAgente\\dataconnect`\n"}}
[debug] [2026-05-12T14:22:05.640Z] E0512 11:22:05.640159    2496 watch.go:40] Failed to load config from "c:\\Users\\Usr\\Documents\\MiniAgente\\dataconnect": could not find dataconnect.yaml in `c:\Users\Usr\Documents\MiniAgente\dataconnect`
 {"metadata":{"emulator":{"name":"dataconnect"},"message":"E0512 11:22:05.640159    2496 watch.go:40] Failed to load config from \"c:\\\\Users\\\\Usr\\\\Documents\\\\MiniAgente\\\\dataconnect\": could not find dataconnect.yaml in `c:\\Users\\Usr\\Documents\\MiniAgente\\dataconnect`\n"}}
[debug] [2026-05-12T14:22:15.640Z] E0512 11:22:15.640496    2496 watch.go:40] Failed to load config from "c:\\Users\\Usr\\Documents\\MiniAgente\\dataconnect": could not find dataconnect.yaml in `c:\Users\Usr\Documents\MiniAgente\dataconnect`
 {"metadata":{"emulator":{"name":"dataconnect"},"message":"E0512 11:22:15.640496    2496 watch.go:40] Failed to load config from \"c:\\\\Users\\\\Usr\\\\Documents\\\\MiniAgente\\\\dataconnect\": could not find dataconnect.yaml in `c:\\Users\\Usr\\Documents\\MiniAgente\\dataconnect`\n"}}
[debug] [2026-05-12T14:22:25.640Z] E0512 11:22:25.640567    2496 watch.go:116] watchAllDir unable to walk dir `c:\Users\Usr\Documents\MiniAgente\dataconnect`: GetFileAttributesEx c:\Users\Usr\Documents\MiniAgente\dataconnect: The system cannot find the file specified.
E0512 11:22:25.640567    2496 watch.go:40] Failed to load config from "c:\\Users\\Usr\\Documents\\MiniAgente\\dataconnect": could not find dataconnect.yaml in `c:\Users\Usr\Documents\MiniAgente\dataconnect`
 {"metadata":{"emulator":{"name":"dataconnect"},"message":"E0512 11:22:25.640567    2496 watch.go:116] watchAllDir unable to walk dir `c:\\Users\\Usr\\Documents\\MiniAgente\\dataconnect`: GetFileAttributesEx c:\\Users\\Usr\\Documents\\MiniAgente\\dataconnect: The system cannot find the file specified.\nE0512 11:22:25.640567    2496 watch.go:40] Failed to load config from \"c:\\\\Users\\\\Usr\\\\Documents\\\\MiniAgente\\\\dataconnect\": could not find dataconnect.yaml in `c:\\Users\\Usr\\Documents\\MiniAgente\\dataconnect`\n"}}
[debug] [2026-05-12T14:22:35.640Z] E0512 11:22:35.640033    2496 watch.go:40] Failed to load config from "c:\\Users\\Usr\\Documents\\MiniAgente\\dataconnect": could not find dataconnect.yaml in `c:\Users\Usr\Documents\MiniAgente\dataconnect`
 {"metadata":{"emulator":{"name":"dataconnect"},"message":"E0512 11:22:35.640033    2496 watch.go:40] Failed to load config from \"c:\\\\Users\\\\Usr\\\\Documents\\\\MiniAgente\\\\dataconnect\": could not find dataconnect.yaml in `c:\\Users\\Usr\\Documents\\MiniAgente\\dataconnect`\n"}}
[debug] [2026-05-12T14:22:45.640Z] E0512 11:22:45.640066    2496 watch.go:40] Failed to load config from "c:\\Users\\Usr\\Documents\\MiniAgente\\dataconnect": could not find dataconnect.yaml in `c:\Users\Usr\Documents\MiniAgente\dataconnect`
 {"metadata":{"emulator":{"name":"dataconnect"},"message":"E0512 11:22:45.640066    2496 watch.go:40] Failed to load config from \"c:\\\\Users\\\\Usr\\\\Documents\\\\MiniAgente\\\\dataconnect\": could not find dataconnect.yaml in `c:\\Users\\Usr\\Documents\\MiniAgente\\dataconnect`\n"}}
[debug] [2026-05-12T14:22:55.640Z] E0512 11:22:55.639941    2496 watch.go:40] Failed to load config from "c:\\Users\\Usr\\Documents\\MiniAgente\\dataconnect": could not find dataconnect.yaml in `c:\Users\Usr\Documents\MiniAgente\dataconnect`
 {"metadata":{"emulator":{"name":"dataconnect"},"message":"E0512 11:22:55.639941    2496 watch.go:40] Failed to load config from \"c:\\\\Users\\\\Usr\\\\Documents\\\\MiniAgente\\\\dataconnect\": could not find dataconnect.yaml in `c:\\Users\\Usr\\Documents\\MiniAgente\\dataconnect`\n"}}
[debug] [2026-05-12T14:23:05.640Z] E0512 11:23:05.639858    2496 watch.go:40] Failed to load config from "c:\\Users\\Usr\\Documents\\MiniAgente\\dataconnect": could not find dataconnect.yaml in `c:\Users\Usr\Documents\MiniAgente\dataconnect`
 {"metadata":{"emulator":{"name":"dataconnect"},"message":"E0512 11:23:05.639858    2496 watch.go:40] Failed to load config from \"c:\\\\Users\\\\Usr\\\\Documents\\\\MiniAgente\\\\dataconnect\": could not find dataconnect.yaml in `c:\\Users\\Usr\\Documents\\MiniAgente\\dataconnect`\n"}}
[debug] [2026-05-12T14:23:15.640Z] E0512 11:23:15.639986    2496 watch.go:40] Failed to load config from "c:\\Users\\Usr\\Documents\\MiniAgente\\dataconnect": could not find dataconnect.yaml in `c:\Users\Usr\Documents\MiniAgente\dataconnect`
 {"metadata":{"emulator":{"name":"dataconnect"},"message":"E0512 11:23:15.639986    2496 watch.go:40] Failed to load config from \"c:\\\\Users\\\\Usr\\\\Documents\\\\MiniAgente\\\\dataconnect\": could not find dataconnect.yaml in `c:\\Users\\Usr\\Documents\\MiniAgente\\dataconnect`\n"}}
[debug] [2026-05-12T14:23:25.639Z] E0512 11:23:25.639732    2496 watch.go:116] watchAllDir unable to walk dir `c:\Users\Usr\Documents\MiniAgente\dataconnect`: GetFileAttributesEx c:\Users\Usr\Documents\MiniAgente\dataconnect: The system cannot find the file specified.
 {"metadata":{"emulator":{"name":"dataconnect"},"message":"E0512 11:23:25.639732    2496 watch.go:116] watchAllDir unable to walk dir `c:\\Users\\Usr\\Documents\\MiniAgente\\dataconnect`: GetFileAttributesEx c:\\Users\\Usr\\Documents\\MiniAgente\\dataconnect: The system cannot find the file specified.\n"}}
[debug] [2026-05-12T14:23:25.640Z] E0512 11:23:25.639732    2496 watch.go:40] Failed to load config from "c:\\Users\\Usr\\Documents\\MiniAgente\\dataconnect": could not find dataconnect.yaml in `c:\Users\Usr\Documents\MiniAgente\dataconnect`
 {"metadata":{"emulator":{"name":"dataconnect"},"message":"E0512 11:23:25.639732    2496 watch.go:40] Failed to load config from \"c:\\\\Users\\\\Usr\\\\Documents\\\\MiniAgente\\\\dataconnect\": could not find dataconnect.yaml in `c:\\Users\\Usr\\Documents\\MiniAgente\\dataconnect`\n"}}
[debug] [2026-05-12T14:23:35.640Z] E0512 11:23:35.640170    2496 watch.go:40] Failed to load config from "c:\\Users\\Usr\\Documents\\MiniAgente\\dataconnect": could not find dataconnect.yaml in `c:\Users\Usr\Documents\MiniAgente\dataconnect`
 {"metadata":{"emulator":{"name":"dataconnect"},"message":"E0512 11:23:35.640170    2496 watch.go:40] Failed to load config from \"c:\\\\Users\\\\Usr\\\\Documents\\\\MiniAgente\\\\dataconnect\": could not find dataconnect.yaml in `c:\\Users\\Usr\\Documents\\MiniAgente\\dataconnect`\n"}}
[debug] [2026-05-12T14:23:45.640Z] E0512 11:23:45.639934    2496 watch.go:40] Failed to load config from "c:\\Users\\Usr\\Documents\\MiniAgente\\dataconnect": could not find dataconnect.yaml in `c:\Users\Usr\Documents\MiniAgente\dataconnect`
 {"metadata":{"emulator":{"name":"dataconnect"},"message":"E0512 11:23:45.639934    2496 watch.go:40] Failed to load config from \"c:\\\\Users\\\\Usr\\\\Documents\\\\MiniAgente\\\\dataconnect\": could not find dataconnect.yaml in `c:\\Users\\Usr\\Documents\\MiniAgente\\dataconnect`\n"}}
[debug] [2026-05-12T14:23:55.639Z] E0512 11:23:55.639436    2496 watch.go:40] Failed to load config from "c:\\Users\\Usr\\Documents\\MiniAgente\\dataconnect": could not find dataconnect.yaml in `c:\Users\Usr\Documents\MiniAgente\dataconnect`
 {"metadata":{"emulator":{"name":"dataconnect"},"message":"E0512 11:23:55.639436    2496 watch.go:40] Failed to load config from \"c:\\\\Users\\\\Usr\\\\Documents\\\\MiniAgente\\\\dataconnect\": could not find dataconnect.yaml in `c:\\Users\\Usr\\Documents\\MiniAgente\\dataconnect`\n"}}
[debug] [2026-05-12T14:24:05.639Z] E0512 11:24:05.639425    2496 watch.go:40] Failed to load config from "c:\\Users\\Usr\\Documents\\MiniAgente\\dataconnect": could not find dataconnect.yaml in `c:\Users\Usr\Documents\MiniAgente\dataconnect`
 {"metadata":{"emulator":{"name":"dataconnect"},"message":"E0512 11:24:05.639425    2496 watch.go:40] Failed to load config from \"c:\\\\Users\\\\Usr\\\\Documents\\\\MiniAgente\\\\dataconnect\": could not find dataconnect.yaml in `c:\\Users\\Usr\\Documents\\MiniAgente\\dataconnect`\n"}}
[debug] [2026-05-12T14:24:15.640Z] E0512 11:24:15.639809    2496 watch.go:40] Failed to load config from "c:\\Users\\Usr\\Documents\\MiniAgente\\dataconnect": could not find dataconnect.yaml in `c:\Users\Usr\Documents\MiniAgente\dataconnect`
 {"metadata":{"emulator":{"name":"dataconnect"},"message":"E0512 11:24:15.639809    2496 watch.go:40] Failed to load config from \"c:\\\\Users\\\\Usr\\\\Documents\\\\MiniAgente\\\\dataconnect\": could not find dataconnect.yaml in `c:\\Users\\Usr\\Documents\\MiniAgente\\dataconnect`\n"}}
[debug] [2026-05-12T14:24:25.639Z] E0512 11:24:25.639346    2496 watch.go:116] watchAllDir unable to walk dir `c:\Users\Usr\Documents\MiniAgente\dataconnect`: GetFileAttributesEx c:\Users\Usr\Documents\MiniAgente\dataconnect: The system cannot find the file specified.
E0512 11:24:25.639346    2496 watch.go:40] Failed to load config from "c:\\Users\\Usr\\Documents\\MiniAgente\\dataconnect": could not find dataconnect.yaml in `c:\Users\Usr\Documents\MiniAgente\dataconnect`
 {"metadata":{"emulator":{"name":"dataconnect"},"message":"E0512 11:24:25.639346    2496 watch.go:116] watchAllDir unable to walk dir `c:\\Users\\Usr\\Documents\\MiniAgente\\dataconnect`: GetFileAttributesEx c:\\Users\\Usr\\Documents\\MiniAgente\\dataconnect: The system cannot find the file specified.\nE0512 11:24:25.639346    2496 watch.go:40] Failed to load config from \"c:\\\\Users\\\\Usr\\\\Documents\\\\MiniAgente\\\\dataconnect\": could not find dataconnect.yaml in `c:\\Users\\Usr\\Documents\\MiniAgente\\dataconnect`\n"}}
[debug] [2026-05-12T14:24:35.639Z] E0512 11:24:35.639392    2496 watch.go:40] Failed to load config from "c:\\Users\\Usr\\Documents\\MiniAgente\\dataconnect": could not find dataconnect.yaml in `c:\Users\Usr\Documents\MiniAgente\dataconnect`
 {"metadata":{"emulator":{"name":"dataconnect"},"message":"E0512 11:24:35.639392    2496 watch.go:40] Failed to load config from \"c:\\\\Users\\\\Usr\\\\Documents\\\\MiniAgente\\\\dataconnect\": could not find dataconnect.yaml in `c:\\Users\\Usr\\Documents\\MiniAgente\\dataconnect`\n"}}
[debug] [2026-05-12T14:24:45.640Z] E0512 11:24:45.639463    2496 watch.go:40] Failed to load config from "c:\\Users\\Usr\\Documents\\MiniAgente\\dataconnect": could not find dataconnect.yaml in `c:\Users\Usr\Documents\MiniAgente\dataconnect`
 {"metadata":{"emulator":{"name":"dataconnect"},"message":"E0512 11:24:45.639463    2496 watch.go:40] Failed to load config from \"c:\\\\Users\\\\Usr\\\\Documents\\\\MiniAgente\\\\dataconnect\": could not find dataconnect.yaml in `c:\\Users\\Usr\\Documents\\MiniAgente\\dataconnect`\n"}}
[debug] [2026-05-12T14:24:55.639Z] E0512 11:24:55.639248    2496 watch.go:40] Failed to load config from "c:\\Users\\Usr\\Documents\\MiniAgente\\dataconnect": could not find dataconnect.yaml in `c:\Users\Usr\Documents\MiniAgente\dataconnect`
 {"metadata":{"emulator":{"name":"dataconnect"},"message":"E0512 11:24:55.639248    2496 watch.go:40] Failed to load config from \"c:\\\\Users\\\\Usr\\\\Documents\\\\MiniAgente\\\\dataconnect\": could not find dataconnect.yaml in `c:\\Users\\Usr\\Documents\\MiniAgente\\dataconnect`\n"}}
[debug] [2026-05-12T14:25:05.639Z] E0512 11:25:05.639212    2496 watch.go:40] Failed to load config from "c:\\Users\\Usr\\Documents\\MiniAgente\\dataconnect": could not find dataconnect.yaml in `c:\Users\Usr\Documents\MiniAgente\dataconnect`
 {"metadata":{"emulator":{"name":"dataconnect"},"message":"E0512 11:25:05.639212    2496 watch.go:40] Failed to load config from \"c:\\\\Users\\\\Usr\\\\Documents\\\\MiniAgente\\\\dataconnect\": could not find dataconnect.yaml in `c:\\Users\\Usr\\Documents\\MiniAgente\\dataconnect`\n"}}
[debug] [2026-05-12T14:25:15.639Z] E0512 11:25:15.639425    2496 watch.go:40] Failed to load config from "c:\\Users\\Usr\\Documents\\MiniAgente\\dataconnect": could not find dataconnect.yaml in `c:\Users\Usr\Documents\MiniAgente\dataconnect`
 {"metadata":{"emulator":{"name":"dataconnect"},"message":"E0512 11:25:15.639425    2496 watch.go:40] Failed to load config from \"c:\\\\Users\\\\Usr\\\\Documents\\\\MiniAgente\\\\dataconnect\": could not find dataconnect.yaml in `c:\\Users\\Usr\\Documents\\MiniAgente\\dataconnect`\n"}}
[debug] [2026-05-12T14:25:25.639Z] E0512 11:25:25.639085    2496 watch.go:116] watchAllDir unable to walk dir `c:\Users\Usr\Documents\MiniAgente\dataconnect`: GetFileAttributesEx c:\Users\Usr\Documents\MiniAgente\dataconnect: The system cannot find the file specified.
 {"metadata":{"emulator":{"name":"dataconnect"},"message":"E0512 11:25:25.639085    2496 watch.go:116] watchAllDir unable to walk dir `c:\\Users\\Usr\\Documents\\MiniAgente\\dataconnect`: GetFileAttributesEx c:\\Users\\Usr\\Documents\\MiniAgente\\dataconnect: The system cannot find the file specified.\n"}}
[debug] [2026-05-12T14:25:25.640Z] E0512 11:25:25.639085    2496 watch.go:40] Failed to load config from "c:\\Users\\Usr\\Documents\\MiniAgente\\dataconnect": could not find dataconnect.yaml in `c:\Users\Usr\Documents\MiniAgente\dataconnect`
 {"metadata":{"emulator":{"name":"dataconnect"},"message":"E0512 11:25:25.639085    2496 watch.go:40] Failed to load config from \"c:\\\\Users\\\\Usr\\\\Documents\\\\MiniAgente\\\\dataconnect\": could not find dataconnect.yaml in `c:\\Users\\Usr\\Documents\\MiniAgente\\dataconnect`\n"}}
[debug] [2026-05-12T14:25:35.639Z] E0512 11:25:35.639494    2496 watch.go:40] Failed to load config from "c:\\Users\\Usr\\Documents\\MiniAgente\\dataconnect": could not find dataconnect.yaml in `c:\Users\Usr\Documents\MiniAgente\dataconnect`
 {"metadata":{"emulator":{"name":"dataconnect"},"message":"E0512 11:25:35.639494    2496 watch.go:40] Failed to load config from \"c:\\\\Users\\\\Usr\\\\Documents\\\\MiniAgente\\\\dataconnect\": could not find dataconnect.yaml in `c:\\Users\\Usr\\Documents\\MiniAgente\\dataconnect`\n"}}
[debug] [2026-05-12T14:25:45.639Z] E0512 11:25:45.639101    2496 watch.go:40] Failed to load config from "c:\\Users\\Usr\\Documents\\MiniAgente\\dataconnect": could not find dataconnect.yaml in `c:\Users\Usr\Documents\MiniAgente\dataconnect`
 {"metadata":{"emulator":{"name":"dataconnect"},"message":"E0512 11:25:45.639101    2496 watch.go:40] Failed to load config from \"c:\\\\Users\\\\Usr\\\\Documents\\\\MiniAgente\\\\dataconnect\": could not find dataconnect.yaml in `c:\\Users\\Usr\\Documents\\MiniAgente\\dataconnect`\n"}}
[debug] [2026-05-12T14:25:55.639Z] E0512 11:25:55.638773    2496 watch.go:40] Failed to load config from "c:\\Users\\Usr\\Documents\\MiniAgente\\dataconnect": could not find dataconnect.yaml in `c:\Users\Usr\Documents\MiniAgente\dataconnect`
 {"metadata":{"emulator":{"name":"dataconnect"},"message":"E0512 11:25:55.638773    2496 watch.go:40] Failed to load config from \"c:\\\\Users\\\\Usr\\\\Documents\\\\MiniAgente\\\\dataconnect\": could not find dataconnect.yaml in `c:\\Users\\Usr\\Documents\\MiniAgente\\dataconnect`\n"}}
[debug] [2026-05-12T14:26:05.639Z] E0512 11:26:05.638981    2496 watch.go:40] Failed to load config from "c:\\Users\\Usr\\Documents\\MiniAgente\\dataconnect": could not find dataconnect.yaml in `c:\Users\Usr\Documents\MiniAgente\dataconnect`
 {"metadata":{"emulator":{"name":"dataconnect"},"message":"E0512 11:26:05.638981    2496 watch.go:40] Failed to load config from \"c:\\\\Users\\\\Usr\\\\Documents\\\\MiniAgente\\\\dataconnect\": could not find dataconnect.yaml in `c:\\Users\\Usr\\Documents\\MiniAgente\\dataconnect`\n"}}
[debug] [2026-05-12T14:26:15.639Z] E0512 11:26:15.638896    2496 watch.go:40] Failed to load config from "c:\\Users\\Usr\\Documents\\MiniAgente\\dataconnect": could not find dataconnect.yaml in `c:\Users\Usr\Documents\MiniAgente\dataconnect`
 {"metadata":{"emulator":{"name":"dataconnect"},"message":"E0512 11:26:15.638896    2496 watch.go:40] Failed to load config from \"c:\\\\Users\\\\Usr\\\\Documents\\\\MiniAgente\\\\dataconnect\": could not find dataconnect.yaml in `c:\\Users\\Usr\\Documents\\MiniAgente\\dataconnect`\n"}}
[debug] [2026-05-12T14:26:25.638Z] E0512 11:26:25.638638    2496 watch.go:116] watchAllDir unable to walk dir `c:\Users\Usr\Documents\MiniAgente\dataconnect`: GetFileAttributesEx c:\Users\Usr\Documents\MiniAgente\dataconnect: The system cannot find the file specified.
 {"metadata":{"emulator":{"name":"dataconnect"},"message":"E0512 11:26:25.638638    2496 watch.go:116] watchAllDir unable to walk dir `c:\\Users\\Usr\\Documents\\MiniAgente\\dataconnect`: GetFileAttributesEx c:\\Users\\Usr\\Documents\\MiniAgente\\dataconnect: The system cannot find the file specified.\n"}}
[debug] [2026-05-12T14:26:25.639Z] E0512 11:26:25.638638    2496 watch.go:40] Failed to load config from "c:\\Users\\Usr\\Documents\\MiniAgente\\dataconnect": could not find dataconnect.yaml in `c:\Users\Usr\Documents\MiniAgente\dataconnect`
 {"metadata":{"emulator":{"name":"dataconnect"},"message":"E0512 11:26:25.638638    2496 watch.go:40] Failed to load config from \"c:\\\\Users\\\\Usr\\\\Documents\\\\MiniAgente\\\\dataconnect\": could not find dataconnect.yaml in `c:\\Users\\Usr\\Documents\\MiniAgente\\dataconnect`\n"}}
[debug] [2026-05-12T14:26:35.638Z] E0512 11:26:35.638615    2496 watch.go:40] Failed to load config from "c:\\Users\\Usr\\Documents\\MiniAgente\\dataconnect": could not find dataconnect.yaml in `c:\Users\Usr\Documents\MiniAgente\dataconnect`
 {"metadata":{"emulator":{"name":"dataconnect"},"message":"E0512 11:26:35.638615    2496 watch.go:40] Failed to load config from \"c:\\\\Users\\\\Usr\\\\Documents\\\\MiniAgente\\\\dataconnect\": could not find dataconnect.yaml in `c:\\Users\\Usr\\Documents\\MiniAgente\\dataconnect`\n"}}
[debug] [2026-05-12T14:26:45.638Z] E0512 11:26:45.638442    2496 watch.go:40] Failed to load config from "c:\\Users\\Usr\\Documents\\MiniAgente\\dataconnect": could not find dataconnect.yaml in `c:\Users\Usr\Documents\MiniAgente\dataconnect`
 {"metadata":{"emulator":{"name":"dataconnect"},"message":"E0512 11:26:45.638442    2496 watch.go:40] Failed to load config from \"c:\\\\Users\\\\Usr\\\\Documents\\\\MiniAgente\\\\dataconnect\": could not find dataconnect.yaml in `c:\\Users\\Usr\\Documents\\MiniAgente\\dataconnect`\n"}}
[debug] [2026-05-12T14:26:55.639Z] E0512 11:26:55.638663    2496 watch.go:40] Failed to load config from "c:\\Users\\Usr\\Documents\\MiniAgente\\dataconnect": could not find dataconnect.yaml in `c:\Users\Usr\Documents\MiniAgente\dataconnect`
 {"metadata":{"emulator":{"name":"dataconnect"},"message":"E0512 11:26:55.638663    2496 watch.go:40] Failed to load config from \"c:\\\\Users\\\\Usr\\\\Documents\\\\MiniAgente\\\\dataconnect\": could not find dataconnect.yaml in `c:\\Users\\Usr\\Documents\\MiniAgente\\dataconnect`\n"}}
[debug] [2026-05-12T14:27:05.638Z] E0512 11:27:05.638377    2496 watch.go:40] Failed to load config from "c:\\Users\\Usr\\Documents\\MiniAgente\\dataconnect": could not find dataconnect.yaml in `c:\Users\Usr\Documents\MiniAgente\dataconnect`
 {"metadata":{"emulator":{"name":"dataconnect"},"message":"E0512 11:27:05.638377    2496 watch.go:40] Failed to load config from \"c:\\\\Users\\\\Usr\\\\Documents\\\\MiniAgente\\\\dataconnect\": could not find dataconnect.yaml in `c:\\Users\\Usr\\Documents\\MiniAgente\\dataconnect`\n"}}
[debug] [2026-05-12T14:27:15.639Z] E0512 11:27:15.638747    2496 watch.go:40] Failed to load config from "c:\\Users\\Usr\\Documents\\MiniAgente\\dataconnect": could not find dataconnect.yaml in `c:\Users\Usr\Documents\MiniAgente\dataconnect`
 {"metadata":{"emulator":{"name":"dataconnect"},"message":"E0512 11:27:15.638747    2496 watch.go:40] Failed to load config from \"c:\\\\Users\\\\Usr\\\\Documents\\\\MiniAgente\\\\dataconnect\": could not find dataconnect.yaml in `c:\\Users\\Usr\\Documents\\MiniAgente\\dataconnect`\n"}}
[debug] [2026-05-12T14:27:25.638Z] E0512 11:27:25.638686    2496 watch.go:116] watchAllDir unable to walk dir `c:\Users\Usr\Documents\MiniAgente\dataconnect`: GetFileAttributesEx c:\Users\Usr\Documents\MiniAgente\dataconnect: The system cannot find the file specified.
 {"metadata":{"emulator":{"name":"dataconnect"},"message":"E0512 11:27:25.638686    2496 watch.go:116] watchAllDir unable to walk dir `c:\\Users\\Usr\\Documents\\MiniAgente\\dataconnect`: GetFileAttributesEx c:\\Users\\Usr\\Documents\\MiniAgente\\dataconnect: The system cannot find the file specified.\n"}}
[debug] [2026-05-12T14:27:25.639Z] E0512 11:27:25.638686    2496 watch.go:40] Failed to load config from "c:\\Users\\Usr\\Documents\\MiniAgente\\dataconnect": could not find dataconnect.yaml in `c:\Users\Usr\Documents\MiniAgente\dataconnect`
 {"metadata":{"emulator":{"name":"dataconnect"},"message":"E0512 11:27:25.638686    2496 watch.go:40] Failed to load config from \"c:\\\\Users\\\\Usr\\\\Documents\\\\MiniAgente\\\\dataconnect\": could not find dataconnect.yaml in `c:\\Users\\Usr\\Documents\\MiniAgente\\dataconnect`\n"}}
[debug] [2026-05-12T14:27:35.639Z] E0512 11:27:35.638838    2496 watch.go:40] Failed to load config from "c:\\Users\\Usr\\Documents\\MiniAgente\\dataconnect": could not find dataconnect.yaml in `c:\Users\Usr\Documents\MiniAgente\dataconnect`
 {"metadata":{"emulator":{"name":"dataconnect"},"message":"E0512 11:27:35.638838    2496 watch.go:40] Failed to load config from \"c:\\\\Users\\\\Usr\\\\Documents\\\\MiniAgente\\\\dataconnect\": could not find dataconnect.yaml in `c:\\Users\\Usr\\Documents\\MiniAgente\\dataconnect`\n"}}
[debug] [2026-05-12T14:27:45.638Z] E0512 11:27:45.638318    2496 watch.go:40] Failed to load config from "c:\\Users\\Usr\\Documents\\MiniAgente\\dataconnect": could not find dataconnect.yaml in `c:\Users\Usr\Documents\MiniAgente\dataconnect`
 {"metadata":{"emulator":{"name":"dataconnect"},"message":"E0512 11:27:45.638318    2496 watch.go:40] Failed to load config from \"c:\\\\Users\\\\Usr\\\\Documents\\\\MiniAgente\\\\dataconnect\": could not find dataconnect.yaml in `c:\\Users\\Usr\\Documents\\MiniAgente\\dataconnect`\n"}}
[debug] [2026-05-12T14:27:55.639Z] E0512 11:27:55.638399    2496 watch.go:40] Failed to load config from "c:\\Users\\Usr\\Documents\\MiniAgente\\dataconnect": could not find dataconnect.yaml in `c:\Users\Usr\Documents\MiniAgente\dataconnect`
 {"metadata":{"emulator":{"name":"dataconnect"},"message":"E0512 11:27:55.638399    2496 watch.go:40] Failed to load config from \"c:\\\\Users\\\\Usr\\\\Documents\\\\MiniAgente\\\\dataconnect\": could not find dataconnect.yaml in `c:\\Users\\Usr\\Documents\\MiniAgente\\dataconnect`\n"}}
[debug] [2026-05-12T14:28:05.638Z] E0512 11:28:05.638115    2496 watch.go:40] Failed to load config from "c:\\Users\\Usr\\Documents\\MiniAgente\\dataconnect": could not find dataconnect.yaml in `c:\Users\Usr\Documents\MiniAgente\dataconnect`
 {"metadata":{"emulator":{"name":"dataconnect"},"message":"E0512 11:28:05.638115    2496 watch.go:40] Failed to load config from \"c:\\\\Users\\\\Usr\\\\Documents\\\\MiniAgente\\\\dataconnect\": could not find dataconnect.yaml in `c:\\Users\\Usr\\Documents\\MiniAgente\\dataconnect`\n"}}
[debug] [2026-05-12T14:28:15.638Z] E0512 11:28:15.638253    2496 watch.go:40] Failed to load config from "c:\\Users\\Usr\\Documents\\MiniAgente\\dataconnect": could not find dataconnect.yaml in `c:\Users\Usr\Documents\MiniAgente\dataconnect`
 {"metadata":{"emulator":{"name":"dataconnect"},"message":"E0512 11:28:15.638253    2496 watch.go:40] Failed to load config from \"c:\\\\Users\\\\Usr\\\\Documents\\\\MiniAgente\\\\dataconnect\": could not find dataconnect.yaml in `c:\\Users\\Usr\\Documents\\MiniAgente\\dataconnect`\n"}}
[debug] [2026-05-12T14:28:25.638Z] E0512 11:28:25.638323    2496 watch.go:116] watchAllDir unable to walk dir `c:\Users\Usr\Documents\MiniAgente\dataconnect`: GetFileAttributesEx c:\Users\Usr\Documents\MiniAgente\dataconnect: The system cannot find the file specified.
 {"metadata":{"emulator":{"name":"dataconnect"},"message":"E0512 11:28:25.638323    2496 watch.go:116] watchAllDir unable to walk dir `c:\\Users\\Usr\\Documents\\MiniAgente\\dataconnect`: GetFileAttributesEx c:\\Users\\Usr\\Documents\\MiniAgente\\dataconnect: The system cannot find the file specified.\n"}}
[debug] [2026-05-12T14:28:25.639Z] E0512 11:28:25.638323    2496 watch.go:40] Failed to load config from "c:\\Users\\Usr\\Documents\\MiniAgente\\dataconnect": could not find dataconnect.yaml in `c:\Users\Usr\Documents\MiniAgente\dataconnect`
 {"metadata":{"emulator":{"name":"dataconnect"},"message":"E0512 11:28:25.638323    2496 watch.go:40] Failed to load config from \"c:\\\\Users\\\\Usr\\\\Documents\\\\MiniAgente\\\\dataconnect\": could not find dataconnect.yaml in `c:\\Users\\Usr\\Documents\\MiniAgente\\dataconnect`\n"}}
[debug] [2026-05-12T14:28:35.638Z] E0512 11:28:35.638138    2496 watch.go:40] Failed to load config from "c:\\Users\\Usr\\Documents\\MiniAgente\\dataconnect": could not find dataconnect.yaml in `c:\Users\Usr\Documents\MiniAgente\dataconnect`
 {"metadata":{"emulator":{"name":"dataconnect"},"message":"E0512 11:28:35.638138    2496 watch.go:40] Failed to load config from \"c:\\\\Users\\\\Usr\\\\Documents\\\\MiniAgente\\\\dataconnect\": could not find dataconnect.yaml in `c:\\Users\\Usr\\Documents\\MiniAgente\\dataconnect`\n"}}
[debug] [2026-05-12T14:28:45.638Z] E0512 11:28:45.638026    2496 watch.go:40] Failed to load config from "c:\\Users\\Usr\\Documents\\MiniAgente\\dataconnect": could not find dataconnect.yaml in `c:\Users\Usr\Documents\MiniAgente\dataconnect`
 {"metadata":{"emulator":{"name":"dataconnect"},"message":"E0512 11:28:45.638026    2496 watch.go:40] Failed to load config from \"c:\\\\Users\\\\Usr\\\\Documents\\\\MiniAgente\\\\dataconnect\": could not find dataconnect.yaml in `c:\\Users\\Usr\\Documents\\MiniAgente\\dataconnect`\n"}}
[debug] [2026-05-12T14:28:55.638Z] E0512 11:28:55.637952    2496 watch.go:40] Failed to load config from "c:\\Users\\Usr\\Documents\\MiniAgente\\dataconnect": could not find dataconnect.yaml in `c:\Users\Usr\Documents\MiniAgente\dataconnect`
 {"metadata":{"emulator":{"name":"dataconnect"},"message":"E0512 11:28:55.637952    2496 watch.go:40] Failed to load config from \"c:\\\\Users\\\\Usr\\\\Documents\\\\MiniAgente\\\\dataconnect\": could not find dataconnect.yaml in `c:\\Users\\Usr\\Documents\\MiniAgente\\dataconnect`\n"}}
[debug] [2026-05-12T14:29:05.638Z] E0512 11:29:05.637927    2496 watch.go:40] Failed to load config from "c:\\Users\\Usr\\Documents\\MiniAgente\\dataconnect": could not find dataconnect.yaml in `c:\Users\Usr\Documents\MiniAgente\dataconnect`
 {"metadata":{"emulator":{"name":"dataconnect"},"message":"E0512 11:29:05.637927    2496 watch.go:40] Failed to load config from \"c:\\\\Users\\\\Usr\\\\Documents\\\\MiniAgente\\\\dataconnect\": could not find dataconnect.yaml in `c:\\Users\\Usr\\Documents\\MiniAgente\\dataconnect`\n"}}
[debug] [2026-05-12T14:29:15.638Z] E0512 11:29:15.637977    2496 watch.go:40] Failed to load config from "c:\\Users\\Usr\\Documents\\MiniAgente\\dataconnect": could not find dataconnect.yaml in `c:\Users\Usr\Documents\MiniAgente\dataconnect`
 {"metadata":{"emulator":{"name":"dataconnect"},"message":"E0512 11:29:15.637977    2496 watch.go:40] Failed to load config from \"c:\\\\Users\\\\Usr\\\\Documents\\\\MiniAgente\\\\dataconnect\": could not find dataconnect.yaml in `c:\\Users\\Usr\\Documents\\MiniAgente\\dataconnect`\n"}}
[debug] [2026-05-12T14:29:25.638Z] E0512 11:29:25.637733    2496 watch.go:116] watchAllDir unable to walk dir `c:\Users\Usr\Documents\MiniAgente\dataconnect`: GetFileAttributesEx c:\Users\Usr\Documents\MiniAgente\dataconnect: The system cannot find the file specified.
 {"metadata":{"emulator":{"name":"dataconnect"},"message":"E0512 11:29:25.637733    2496 watch.go:116] watchAllDir unable to walk dir `c:\\Users\\Usr\\Documents\\MiniAgente\\dataconnect`: GetFileAttributesEx c:\\Users\\Usr\\Documents\\MiniAgente\\dataconnect: The system cannot find the file specified.\n"}}
[debug] [2026-05-12T14:29:25.638Z] E0512 11:29:25.637733    2496 watch.go:40] Failed to load config from "c:\\Users\\Usr\\Documents\\MiniAgente\\dataconnect": could not find dataconnect.yaml in `c:\Users\Usr\Documents\MiniAgente\dataconnect`
 {"metadata":{"emulator":{"name":"dataconnect"},"message":"E0512 11:29:25.637733    2496 watch.go:40] Failed to load config from \"c:\\\\Users\\\\Usr\\\\Documents\\\\MiniAgente\\\\dataconnect\": could not find dataconnect.yaml in `c:\\Users\\Usr\\Documents\\MiniAgente\\dataconnect`\n"}}
[debug] [2026-05-12T14:29:35.638Z] E0512 11:29:35.637785    2496 watch.go:40] Failed to load config from "c:\\Users\\Usr\\Documents\\MiniAgente\\dataconnect": could not find dataconnect.yaml in `c:\Users\Usr\Documents\MiniAgente\dataconnect`
 {"metadata":{"emulator":{"name":"dataconnect"},"message":"E0512 11:29:35.637785    2496 watch.go:40] Failed to load config from \"c:\\\\Users\\\\Usr\\\\Documents\\\\MiniAgente\\\\dataconnect\": could not find dataconnect.yaml in `c:\\Users\\Usr\\Documents\\MiniAgente\\dataconnect`\n"}}
[debug] [2026-05-12T14:29:45.638Z] E0512 11:29:45.637678    2496 watch.go:40] Failed to load config from "c:\\Users\\Usr\\Documents\\MiniAgente\\dataconnect": could not find dataconnect.yaml in `c:\Users\Usr\Documents\MiniAgente\dataconnect`
 {"metadata":{"emulator":{"name":"dataconnect"},"message":"E0512 11:29:45.637678    2496 watch.go:40] Failed to load config from \"c:\\\\Users\\\\Usr\\\\Documents\\\\MiniAgente\\\\dataconnect\": could not find dataconnect.yaml in `c:\\Users\\Usr\\Documents\\MiniAgente\\dataconnect`\n"}}
[debug] [2026-05-12T14:29:55.638Z] E0512 11:29:55.637549    2496 watch.go:40] Failed to load config from "c:\\Users\\Usr\\Documents\\MiniAgente\\dataconnect": could not find dataconnect.yaml in `c:\Users\Usr\Documents\MiniAgente\dataconnect`
 {"metadata":{"emulator":{"name":"dataconnect"},"message":"E0512 11:29:55.637549    2496 watch.go:40] Failed to load config from \"c:\\\\Users\\\\Usr\\\\Documents\\\\MiniAgente\\\\dataconnect\": could not find dataconnect.yaml in `c:\\Users\\Usr\\Documents\\MiniAgente\\dataconnect`\n"}}
[debug] [2026-05-12T14:30:05.638Z] E0512 11:30:05.637635    2496 watch.go:40] Failed to load config from "c:\\Users\\Usr\\Documents\\MiniAgente\\dataconnect": could not find dataconnect.yaml in `c:\Users\Usr\Documents\MiniAgente\dataconnect`
 {"metadata":{"emulator":{"name":"dataconnect"},"message":"E0512 11:30:05.637635    2496 watch.go:40] Failed to load config from \"c:\\\\Users\\\\Usr\\\\Documents\\\\MiniAgente\\\\dataconnect\": could not find dataconnect.yaml in `c:\\Users\\Usr\\Documents\\MiniAgente\\dataconnect`\n"}}
[debug] [2026-05-12T14:30:15.638Z] E0512 11:30:15.637747    2496 watch.go:40] Failed to load config from "c:\\Users\\Usr\\Documents\\MiniAgente\\dataconnect": could not find dataconnect.yaml in `c:\Users\Usr\Documents\MiniAgente\dataconnect`
 {"metadata":{"emulator":{"name":"dataconnect"},"message":"E0512 11:30:15.637747    2496 watch.go:40] Failed to load config from \"c:\\\\Users\\\\Usr\\\\Documents\\\\MiniAgente\\\\dataconnect\": could not find dataconnect.yaml in `c:\\Users\\Usr\\Documents\\MiniAgente\\dataconnect`\n"}}
[debug] [2026-05-12T14:30:25.637Z] E0512 11:30:25.637645    2496 watch.go:116] watchAllDir unable to walk dir `c:\Users\Usr\Documents\MiniAgente\dataconnect`: GetFileAttributesEx c:\Users\Usr\Documents\MiniAgente\dataconnect: The system cannot find the file specified.
 {"metadata":{"emulator":{"name":"dataconnect"},"message":"E0512 11:30:25.637645    2496 watch.go:116] watchAllDir unable to walk dir `c:\\Users\\Usr\\Documents\\MiniAgente\\dataconnect`: GetFileAttributesEx c:\\Users\\Usr\\Documents\\MiniAgente\\dataconnect: The system cannot find the file specified.\n"}}
[debug] [2026-05-12T14:30:25.647Z] E0512 11:30:25.637645    2496 watch.go:40] Failed to load config from "c:\\Users\\Usr\\Documents\\MiniAgente\\dataconnect": could not find dataconnect.yaml in `c:\Users\Usr\Documents\MiniAgente\dataconnect`
 {"metadata":{"emulator":{"name":"dataconnect"},"message":"E0512 11:30:25.637645    2496 watch.go:40] Failed to load config from \"c:\\\\Users\\\\Usr\\\\Documents\\\\MiniAgente\\\\dataconnect\": could not find dataconnect.yaml in `c:\\Users\\Usr\\Documents\\MiniAgente\\dataconnect`\n"}}
[debug] [2026-05-12T14:30:35.638Z] E0512 11:30:35.637588    2496 watch.go:40] Failed to load config from "c:\\Users\\Usr\\Documents\\MiniAgente\\dataconnect": could not find dataconnect.yaml in `c:\Users\Usr\Documents\MiniAgente\dataconnect`
 {"metadata":{"emulator":{"name":"dataconnect"},"message":"E0512 11:30:35.637588    2496 watch.go:40] Failed to load config from \"c:\\\\Users\\\\Usr\\\\Documents\\\\MiniAgente\\\\dataconnect\": could not find dataconnect.yaml in `c:\\Users\\Usr\\Documents\\MiniAgente\\dataconnect`\n"}}
[debug] [2026-05-12T14:30:45.637Z] E0512 11:30:45.637232    2496 watch.go:40] Failed to load config from "c:\\Users\\Usr\\Documents\\MiniAgente\\dataconnect": could not find dataconnect.yaml in `c:\Users\Usr\Documents\MiniAgente\dataconnect`
 {"metadata":{"emulator":{"name":"dataconnect"},"message":"E0512 11:30:45.637232    2496 watch.go:40] Failed to load config from \"c:\\\\Users\\\\Usr\\\\Documents\\\\MiniAgente\\\\dataconnect\": could not find dataconnect.yaml in `c:\\Users\\Usr\\Documents\\MiniAgente\\dataconnect`\n"}}
[debug] [2026-05-12T14:30:55.637Z] E0512 11:30:55.637112    2496 watch.go:40] Failed to load config from "c:\\Users\\Usr\\Documents\\MiniAgente\\dataconnect": could not find dataconnect.yaml in `c:\Users\Usr\Documents\MiniAgente\dataconnect`
 {"metadata":{"emulator":{"name":"dataconnect"},"message":"E0512 11:30:55.637112    2496 watch.go:40] Failed to load config from \"c:\\\\Users\\\\Usr\\\\Documents\\\\MiniAgente\\\\dataconnect\": could not find dataconnect.yaml in `c:\\Users\\Usr\\Documents\\MiniAgente\\dataconnect`\n"}}
[debug] [2026-05-12T14:31:05.690Z] E0512 11:31:05.690160    2496 watch.go:40] Failed to load config from "c:\\Users\\Usr\\Documents\\MiniAgente\\dataconnect": could not find dataconnect.yaml in `c:\Users\Usr\Documents\MiniAgente\dataconnect`
 {"metadata":{"emulator":{"name":"dataconnect"},"message":"E0512 11:31:05.690160    2496 watch.go:40] Failed to load config from \"c:\\\\Users\\\\Usr\\\\Documents\\\\MiniAgente\\\\dataconnect\": could not find dataconnect.yaml in `c:\\Users\\Usr\\Documents\\MiniAgente\\dataconnect`\n"}}
[debug] [2026-05-12T14:31:15.637Z] E0512 11:31:15.637233    2496 watch.go:40] Failed to load config from "c:\\Users\\Usr\\Documents\\MiniAgente\\dataconnect": could not find dataconnect.yaml in `c:\Users\Usr\Documents\MiniAgente\dataconnect`
 {"metadata":{"emulator":{"name":"dataconnect"},"message":"E0512 11:31:15.637233    2496 watch.go:40] Failed to load config from \"c:\\\\Users\\\\Usr\\\\Documents\\\\MiniAgente\\\\dataconnect\": could not find dataconnect.yaml in `c:\\Users\\Usr\\Documents\\MiniAgente\\dataconnect`\n"}}
[debug] [2026-05-12T14:31:25.637Z] E0512 11:31:25.637009    2496 watch.go:116] watchAllDir unable to walk dir `c:\Users\Usr\Documents\MiniAgente\dataconnect`: GetFileAttributesEx c:\Users\Usr\Documents\MiniAgente\dataconnect: The system cannot find the file specified.
E0512 11:31:25.637009    2496 watch.go:40] Failed to load config from "c:\\Users\\Usr\\Documents\\MiniAgente\\dataconnect": could not find dataconnect.yaml in `c:\Users\Usr\Documents\MiniAgente\dataconnect`
 {"metadata":{"emulator":{"name":"dataconnect"},"message":"E0512 11:31:25.637009    2496 watch.go:116] watchAllDir unable to walk dir `c:\\Users\\Usr\\Documents\\MiniAgente\\dataconnect`: GetFileAttributesEx c:\\Users\\Usr\\Documents\\MiniAgente\\dataconnect: The system cannot find the file specified.\nE0512 11:31:25.637009    2496 watch.go:40] Failed to load config from \"c:\\\\Users\\\\Usr\\\\Documents\\\\MiniAgente\\\\dataconnect\": could not find dataconnect.yaml in `c:\\Users\\Usr\\Documents\\MiniAgente\\dataconnect`\n"}}
[debug] [2026-05-12T14:31:35.637Z] E0512 11:31:35.636964    2496 watch.go:40] Failed to load config from "c:\\Users\\Usr\\Documents\\MiniAgente\\dataconnect": could not find dataconnect.yaml in `c:\Users\Usr\Documents\MiniAgente\dataconnect`
 {"metadata":{"emulator":{"name":"dataconnect"},"message":"E0512 11:31:35.636964    2496 watch.go:40] Failed to load config from \"c:\\\\Users\\\\Usr\\\\Documents\\\\MiniAgente\\\\dataconnect\": could not find dataconnect.yaml in `c:\\Users\\Usr\\Documents\\MiniAgente\\dataconnect`\n"}}
[debug] [2026-05-12T14:31:45.637Z] E0512 11:31:45.637048    2496 watch.go:40] Failed to load config from "c:\\Users\\Usr\\Documents\\MiniAgente\\dataconnect": could not find dataconnect.yaml in `c:\Users\Usr\Documents\MiniAgente\dataconnect`
 {"metadata":{"emulator":{"name":"dataconnect"},"message":"E0512 11:31:45.637048    2496 watch.go:40] Failed to load config from \"c:\\\\Users\\\\Usr\\\\Documents\\\\MiniAgente\\\\dataconnect\": could not find dataconnect.yaml in `c:\\Users\\Usr\\Documents\\MiniAgente\\dataconnect`\n"}}
[debug] [2026-05-12T14:31:55.637Z] E0512 11:31:55.637119    2496 watch.go:40] Failed to load config from "c:\\Users\\Usr\\Documents\\MiniAgente\\dataconnect": could not find dataconnect.yaml in `c:\Users\Usr\Documents\MiniAgente\dataconnect`
 {"metadata":{"emulator":{"name":"dataconnect"},"message":"E0512 11:31:55.637119    2496 watch.go:40] Failed to load config from \"c:\\\\Users\\\\Usr\\\\Documents\\\\MiniAgente\\\\dataconnect\": could not find dataconnect.yaml in `c:\\Users\\Usr\\Documents\\MiniAgente\\dataconnect`\n"}}
[debug] [2026-05-12T14:32:05.637Z] E0512 11:32:05.636867    2496 watch.go:40] Failed to load config from "c:\\Users\\Usr\\Documents\\MiniAgente\\dataconnect": could not find dataconnect.yaml in `c:\Users\Usr\Documents\MiniAgente\dataconnect`
 {"metadata":{"emulator":{"name":"dataconnect"},"message":"E0512 11:32:05.636867    2496 watch.go:40] Failed to load config from \"c:\\\\Users\\\\Usr\\\\Documents\\\\MiniAgente\\\\dataconnect\": could not find dataconnect.yaml in `c:\\Users\\Usr\\Documents\\MiniAgente\\dataconnect`\n"}}
[debug] [2026-05-12T14:32:15.637Z] E0512 11:32:15.637025    2496 watch.go:40] Failed to load config from "c:\\Users\\Usr\\Documents\\MiniAgente\\dataconnect": could not find dataconnect.yaml in `c:\Users\Usr\Documents\MiniAgente\dataconnect`
 {"metadata":{"emulator":{"name":"dataconnect"},"message":"E0512 11:32:15.637025    2496 watch.go:40] Failed to load config from \"c:\\\\Users\\\\Usr\\\\Documents\\\\MiniAgente\\\\dataconnect\": could not find dataconnect.yaml in `c:\\Users\\Usr\\Documents\\MiniAgente\\dataconnect`\n"}}
[debug] [2026-05-12T14:32:25.636Z] E0512 11:32:25.636541    2496 watch.go:116] watchAllDir unable to walk dir `c:\Users\Usr\Documents\MiniAgente\dataconnect`: GetFileAttributesEx c:\Users\Usr\Documents\MiniAgente\dataconnect: The system cannot find the file specified.
 {"metadata":{"emulator":{"name":"dataconnect"},"message":"E0512 11:32:25.636541    2496 watch.go:116] watchAllDir unable to walk dir `c:\\Users\\Usr\\Documents\\MiniAgente\\dataconnect`: GetFileAttributesEx c:\\Users\\Usr\\Documents\\MiniAgente\\dataconnect: The system cannot find the file specified.\n"}}
[debug] [2026-05-12T14:32:25.637Z] E0512 11:32:25.636541    2496 watch.go:40] Failed to load config from "c:\\Users\\Usr\\Documents\\MiniAgente\\dataconnect": could not find dataconnect.yaml in `c:\Users\Usr\Documents\MiniAgente\dataconnect`
 {"metadata":{"emulator":{"name":"dataconnect"},"message":"E0512 11:32:25.636541    2496 watch.go:40] Failed to load config from \"c:\\\\Users\\\\Usr\\\\Documents\\\\MiniAgente\\\\dataconnect\": could not find dataconnect.yaml in `c:\\Users\\Usr\\Documents\\MiniAgente\\dataconnect`\n"}}
[debug] [2026-05-12T14:32:35.637Z] E0512 11:32:35.636807    2496 watch.go:40] Failed to load config from "c:\\Users\\Usr\\Documents\\MiniAgente\\dataconnect": could not find dataconnect.yaml in `c:\Users\Usr\Documents\MiniAgente\dataconnect`
 {"metadata":{"emulator":{"name":"dataconnect"},"message":"E0512 11:32:35.636807    2496 watch.go:40] Failed to load config from \"c:\\\\Users\\\\Usr\\\\Documents\\\\MiniAgente\\\\dataconnect\": could not find dataconnect.yaml in `c:\\Users\\Usr\\Documents\\MiniAgente\\dataconnect`\n"}}
[debug] [2026-05-12T14:32:45.636Z] E0512 11:32:45.636558    2496 watch.go:40] Failed to load config from "c:\\Users\\Usr\\Documents\\MiniAgente\\dataconnect": could not find dataconnect.yaml in `c:\Users\Usr\Documents\MiniAgente\dataconnect`
 {"metadata":{"emulator":{"name":"dataconnect"},"message":"E0512 11:32:45.636558    2496 watch.go:40] Failed to load config from \"c:\\\\Users\\\\Usr\\\\Documents\\\\MiniAgente\\\\dataconnect\": could not find dataconnect.yaml in `c:\\Users\\Usr\\Documents\\MiniAgente\\dataconnect`\n"}}
[debug] [2026-05-12T14:32:55.637Z] E0512 11:32:55.636808    2496 watch.go:40] Failed to load config from "c:\\Users\\Usr\\Documents\\MiniAgente\\dataconnect": could not find dataconnect.yaml in `c:\Users\Usr\Documents\MiniAgente\dataconnect`
 {"metadata":{"emulator":{"name":"dataconnect"},"message":"E0512 11:32:55.636808    2496 watch.go:40] Failed to load config from \"c:\\\\Users\\\\Usr\\\\Documents\\\\MiniAgente\\\\dataconnect\": could not find dataconnect.yaml in `c:\\Users\\Usr\\Documents\\MiniAgente\\dataconnect`\n"}}
[debug] [2026-05-12T14:33:05.636Z] E0512 11:33:05.636584    2496 watch.go:40] Failed to load config from "c:\\Users\\Usr\\Documents\\MiniAgente\\dataconnect": could not find dataconnect.yaml in `c:\Users\Usr\Documents\MiniAgente\dataconnect`
 {"metadata":{"emulator":{"name":"dataconnect"},"message":"E0512 11:33:05.636584    2496 watch.go:40] Failed to load config from \"c:\\\\Users\\\\Usr\\\\Documents\\\\MiniAgente\\\\dataconnect\": could not find dataconnect.yaml in `c:\\Users\\Usr\\Documents\\MiniAgente\\dataconnect`\n"}}
[debug] [2026-05-12T14:33:15.637Z] E0512 11:33:15.636671    2496 watch.go:40] Failed to load config from "c:\\Users\\Usr\\Documents\\MiniAgente\\dataconnect": could not find dataconnect.yaml in `c:\Users\Usr\Documents\MiniAgente\dataconnect`
 {"metadata":{"emulator":{"name":"dataconnect"},"message":"E0512 11:33:15.636671    2496 watch.go:40] Failed to load config from \"c:\\\\Users\\\\Usr\\\\Documents\\\\MiniAgente\\\\dataconnect\": could not find dataconnect.yaml in `c:\\Users\\Usr\\Documents\\MiniAgente\\dataconnect`\n"}}
[debug] [2026-05-12T14:33:25.636Z] E0512 11:33:25.636192    2496 watch.go:116] watchAllDir unable to walk dir `c:\Users\Usr\Documents\MiniAgente\dataconnect`: GetFileAttributesEx c:\Users\Usr\Documents\MiniAgente\dataconnect: The system cannot find the file specified.
E0512 11:33:25.636192    2496 watch.go:40] Failed to load config from "c:\\Users\\Usr\\Documents\\MiniAgente\\dataconnect": could not find dataconnect.yaml in `c:\Users\Usr\Documents\MiniAgente\dataconnect`
 {"metadata":{"emulator":{"name":"dataconnect"},"message":"E0512 11:33:25.636192    2496 watch.go:116] watchAllDir unable to walk dir `c:\\Users\\Usr\\Documents\\MiniAgente\\dataconnect`: GetFileAttributesEx c:\\Users\\Usr\\Documents\\MiniAgente\\dataconnect: The system cannot find the file specified.\nE0512 11:33:25.636192    2496 watch.go:40] Failed to load config from \"c:\\\\Users\\\\Usr\\\\Documents\\\\MiniAgente\\\\dataconnect\": could not find dataconnect.yaml in `c:\\Users\\Usr\\Documents\\MiniAgente\\dataconnect`\n"}}
[debug] [2026-05-12T14:33:35.636Z] E0512 11:33:35.636499    2496 watch.go:40] Failed to load config from "c:\\Users\\Usr\\Documents\\MiniAgente\\dataconnect": could not find dataconnect.yaml in `c:\Users\Usr\Documents\MiniAgente\dataconnect`
 {"metadata":{"emulator":{"name":"dataconnect"},"message":"E0512 11:33:35.636499    2496 watch.go:40] Failed to load config from \"c:\\\\Users\\\\Usr\\\\Documents\\\\MiniAgente\\\\dataconnect\": could not find dataconnect.yaml in `c:\\Users\\Usr\\Documents\\MiniAgente\\dataconnect`\n"}}
[debug] [2026-05-12T14:33:45.636Z] E0512 11:33:45.636220    2496 watch.go:40] Failed to load config from "c:\\Users\\Usr\\Documents\\MiniAgente\\dataconnect": could not find dataconnect.yaml in `c:\Users\Usr\Documents\MiniAgente\dataconnect`
 {"metadata":{"emulator":{"name":"dataconnect"},"message":"E0512 11:33:45.636220    2496 watch.go:40] Failed to load config from \"c:\\\\Users\\\\Usr\\\\Documents\\\\MiniAgente\\\\dataconnect\": could not find dataconnect.yaml in `c:\\Users\\Usr\\Documents\\MiniAgente\\dataconnect`\n"}}
[debug] [2026-05-12T14:33:55.636Z] E0512 11:33:55.636252    2496 watch.go:40] Failed to load config from "c:\\Users\\Usr\\Documents\\MiniAgente\\dataconnect": could not find dataconnect.yaml in `c:\Users\Usr\Documents\MiniAgente\dataconnect`
 {"metadata":{"emulator":{"name":"dataconnect"},"message":"E0512 11:33:55.636252    2496 watch.go:40] Failed to load config from \"c:\\\\Users\\\\Usr\\\\Documents\\\\MiniAgente\\\\dataconnect\": could not find dataconnect.yaml in `c:\\Users\\Usr\\Documents\\MiniAgente\\dataconnect`\n"}}
[debug] [2026-05-12T14:34:05.636Z] E0512 11:34:05.636152    2496 watch.go:40] Failed to load config from "c:\\Users\\Usr\\Documents\\MiniAgente\\dataconnect": could not find dataconnect.yaml in `c:\Users\Usr\Documents\MiniAgente\dataconnect`
 {"metadata":{"emulator":{"name":"dataconnect"},"message":"E0512 11:34:05.636152    2496 watch.go:40] Failed to load config from \"c:\\\\Users\\\\Usr\\\\Documents\\\\MiniAgente\\\\dataconnect\": could not find dataconnect.yaml in `c:\\Users\\Usr\\Documents\\MiniAgente\\dataconnect`\n"}}
[debug] [2026-05-12T14:34:15.636Z] E0512 11:34:15.636081    2496 watch.go:40] Failed to load config from "c:\\Users\\Usr\\Documents\\MiniAgente\\dataconnect": could not find dataconnect.yaml in `c:\Users\Usr\Documents\MiniAgente\dataconnect`
 {"metadata":{"emulator":{"name":"dataconnect"},"message":"E0512 11:34:15.636081    2496 watch.go:40] Failed to load config from \"c:\\\\Users\\\\Usr\\\\Documents\\\\MiniAgente\\\\dataconnect\": could not find dataconnect.yaml in `c:\\Users\\Usr\\Documents\\MiniAgente\\dataconnect`\n"}}
[debug] [2026-05-12T14:34:25.636Z] E0512 11:34:25.636286    2496 watch.go:116] watchAllDir unable to walk dir `c:\Users\Usr\Documents\MiniAgente\dataconnect`: GetFileAttributesEx c:\Users\Usr\Documents\MiniAgente\dataconnect: The system cannot find the file specified.
 {"metadata":{"emulator":{"name":"dataconnect"},"message":"E0512 11:34:25.636286    2496 watch.go:116] watchAllDir unable to walk dir `c:\\Users\\Usr\\Documents\\MiniAgente\\dataconnect`: GetFileAttributesEx c:\\Users\\Usr\\Documents\\MiniAgente\\dataconnect: The system cannot find the file specified.\n"}}
[debug] [2026-05-12T14:34:25.637Z] E0512 11:34:25.636286    2496 watch.go:40] Failed to load config from "c:\\Users\\Usr\\Documents\\MiniAgente\\dataconnect": could not find dataconnect.yaml in `c:\Users\Usr\Documents\MiniAgente\dataconnect`
 {"metadata":{"emulator":{"name":"dataconnect"},"message":"E0512 11:34:25.636286    2496 watch.go:40] Failed to load config from \"c:\\\\Users\\\\Usr\\\\Documents\\\\MiniAgente\\\\dataconnect\": could not find dataconnect.yaml in `c:\\Users\\Usr\\Documents\\MiniAgente\\dataconnect`\n"}}
[debug] [2026-05-12T14:34:35.636Z] E0512 11:34:35.635772    2496 watch.go:40] Failed to load config from "c:\\Users\\Usr\\Documents\\MiniAgente\\dataconnect": could not find dataconnect.yaml in `c:\Users\Usr\Documents\MiniAgente\dataconnect`
 {"metadata":{"emulator":{"name":"dataconnect"},"message":"E0512 11:34:35.635772    2496 watch.go:40] Failed to load config from \"c:\\\\Users\\\\Usr\\\\Documents\\\\MiniAgente\\\\dataconnect\": could not find dataconnect.yaml in `c:\\Users\\Usr\\Documents\\MiniAgente\\dataconnect`\n"}}
[debug] [2026-05-12T14:34:45.636Z] E0512 11:34:45.636089    2496 watch.go:40] Failed to load config from "c:\\Users\\Usr\\Documents\\MiniAgente\\dataconnect": could not find dataconnect.yaml in `c:\Users\Usr\Documents\MiniAgente\dataconnect`
 {"metadata":{"emulator":{"name":"dataconnect"},"message":"E0512 11:34:45.636089    2496 watch.go:40] Failed to load config from \"c:\\\\Users\\\\Usr\\\\Documents\\\\MiniAgente\\\\dataconnect\": could not find dataconnect.yaml in `c:\\Users\\Usr\\Documents\\MiniAgente\\dataconnect`\n"}}
[debug] [2026-05-12T14:34:55.637Z] E0512 11:34:55.637372    2496 watch.go:40] Failed to load config from "c:\\Users\\Usr\\Documents\\MiniAgente\\dataconnect": could not find dataconnect.yaml in `c:\Users\Usr\Documents\MiniAgente\dataconnect`
 {"metadata":{"emulator":{"name":"dataconnect"},"message":"E0512 11:34:55.637372    2496 watch.go:40] Failed to load config from \"c:\\\\Users\\\\Usr\\\\Documents\\\\MiniAgente\\\\dataconnect\": could not find dataconnect.yaml in `c:\\Users\\Usr\\Documents\\MiniAgente\\dataconnect`\n"}}
[debug] [2026-05-12T14:35:05.636Z] E0512 11:35:05.636060    2496 watch.go:40] Failed to load config from "c:\\Users\\Usr\\Documents\\MiniAgente\\dataconnect": could not find dataconnect.yaml in `c:\Users\Usr\Documents\MiniAgente\dataconnect`
 {"metadata":{"emulator":{"name":"dataconnect"},"message":"E0512 11:35:05.636060    2496 watch.go:40] Failed to load config from \"c:\\\\Users\\\\Usr\\\\Documents\\\\MiniAgente\\\\dataconnect\": could not find dataconnect.yaml in `c:\\Users\\Usr\\Documents\\MiniAgente\\dataconnect`\n"}}
[debug] [2026-05-12T14:35:15.636Z] E0512 11:35:15.635988    2496 watch.go:40] Failed to load config from "c:\\Users\\Usr\\Documents\\MiniAgente\\dataconnect": could not find dataconnect.yaml in `c:\Users\Usr\Documents\MiniAgente\dataconnect`
 {"metadata":{"emulator":{"name":"dataconnect"},"message":"E0512 11:35:15.635988    2496 watch.go:40] Failed to load config from \"c:\\\\Users\\\\Usr\\\\Documents\\\\MiniAgente\\\\dataconnect\": could not find dataconnect.yaml in `c:\\Users\\Usr\\Documents\\MiniAgente\\dataconnect`\n"}}
[debug] [2026-05-12T14:35:25.636Z] E0512 11:35:25.635918    2496 watch.go:116] watchAllDir unable to walk dir `c:\Users\Usr\Documents\MiniAgente\dataconnect`: GetFileAttributesEx c:\Users\Usr\Documents\MiniAgente\dataconnect: The system cannot find the file specified.
 {"metadata":{"emulator":{"name":"dataconnect"},"message":"E0512 11:35:25.635918    2496 watch.go:116] watchAllDir unable to walk dir `c:\\Users\\Usr\\Documents\\MiniAgente\\dataconnect`: GetFileAttributesEx c:\\Users\\Usr\\Documents\\MiniAgente\\dataconnect: The system cannot find the file specified.\n"}}
[debug] [2026-05-12T14:35:25.636Z] E0512 11:35:25.635918    2496 watch.go:40] Failed to load config from "c:\\Users\\Usr\\Documents\\MiniAgente\\dataconnect": could not find dataconnect.yaml in `c:\Users\Usr\Documents\MiniAgente\dataconnect`
 {"metadata":{"emulator":{"name":"dataconnect"},"message":"E0512 11:35:25.635918    2496 watch.go:40] Failed to load config from \"c:\\\\Users\\\\Usr\\\\Documents\\\\MiniAgente\\\\dataconnect\": could not find dataconnect.yaml in `c:\\Users\\Usr\\Documents\\MiniAgente\\dataconnect`\n"}}
[debug] [2026-05-12T14:35:35.636Z] E0512 11:35:35.635697    2496 watch.go:40] Failed to load config from "c:\\Users\\Usr\\Documents\\MiniAgente\\dataconnect": could not find dataconnect.yaml in `c:\Users\Usr\Documents\MiniAgente\dataconnect`
 {"metadata":{"emulator":{"name":"dataconnect"},"message":"E0512 11:35:35.635697    2496 watch.go:40] Failed to load config from \"c:\\\\Users\\\\Usr\\\\Documents\\\\MiniAgente\\\\dataconnect\": could not find dataconnect.yaml in `c:\\Users\\Usr\\Documents\\MiniAgente\\dataconnect`\n"}}
[debug] [2026-05-12T14:35:45.636Z] E0512 11:35:45.635697    2496 watch.go:40] Failed to load config from "c:\\Users\\Usr\\Documents\\MiniAgente\\dataconnect": could not find dataconnect.yaml in `c:\Users\Usr\Documents\MiniAgente\dataconnect`
 {"metadata":{"emulator":{"name":"dataconnect"},"message":"E0512 11:35:45.635697    2496 watch.go:40] Failed to load config from \"c:\\\\Users\\\\Usr\\\\Documents\\\\MiniAgente\\\\dataconnect\": could not find dataconnect.yaml in `c:\\Users\\Usr\\Documents\\MiniAgente\\dataconnect`\n"}}
[debug] [2026-05-12T14:35:55.636Z] E0512 11:35:55.635655    2496 watch.go:40] Failed to load config from "c:\\Users\\Usr\\Documents\\MiniAgente\\dataconnect": could not find dataconnect.yaml in `c:\Users\Usr\Documents\MiniAgente\dataconnect`
 {"metadata":{"emulator":{"name":"dataconnect"},"message":"E0512 11:35:55.635655    2496 watch.go:40] Failed to load config from \"c:\\\\Users\\\\Usr\\\\Documents\\\\MiniAgente\\\\dataconnect\": could not find dataconnect.yaml in `c:\\Users\\Usr\\Documents\\MiniAgente\\dataconnect`\n"}}
[debug] [2026-05-12T14:36:05.636Z] E0512 11:36:05.635467    2496 watch.go:40] Failed to load config from "c:\\Users\\Usr\\Documents\\MiniAgente\\dataconnect": could not find dataconnect.yaml in `c:\Users\Usr\Documents\MiniAgente\dataconnect`
 {"metadata":{"emulator":{"name":"dataconnect"},"message":"E0512 11:36:05.635467    2496 watch.go:40] Failed to load config from \"c:\\\\Users\\\\Usr\\\\Documents\\\\MiniAgente\\\\dataconnect\": could not find dataconnect.yaml in `c:\\Users\\Usr\\Documents\\MiniAgente\\dataconnect`\n"}}
[debug] [2026-05-12T14:36:15.635Z] E0512 11:36:15.635417    2496 watch.go:40] Failed to load config from "c:\\Users\\Usr\\Documents\\MiniAgente\\dataconnect": could not find dataconnect.yaml in `c:\Users\Usr\Documents\MiniAgente\dataconnect`
 {"metadata":{"emulator":{"name":"dataconnect"},"message":"E0512 11:36:15.635417    2496 watch.go:40] Failed to load config from \"c:\\\\Users\\\\Usr\\\\Documents\\\\MiniAgente\\\\dataconnect\": could not find dataconnect.yaml in `c:\\Users\\Usr\\Documents\\MiniAgente\\dataconnect`\n"}}
[debug] [2026-05-12T14:36:25.635Z] E0512 11:36:25.635490    2496 watch.go:116] watchAllDir unable to walk dir `c:\Users\Usr\Documents\MiniAgente\dataconnect`: GetFileAttributesEx c:\Users\Usr\Documents\MiniAgente\dataconnect: The system cannot find the file specified.
 {"metadata":{"emulator":{"name":"dataconnect"},"message":"E0512 11:36:25.635490    2496 watch.go:116] watchAllDir unable to walk dir `c:\\Users\\Usr\\Documents\\MiniAgente\\dataconnect`: GetFileAttributesEx c:\\Users\\Usr\\Documents\\MiniAgente\\dataconnect: The system cannot find the file specified.\n"}}
[debug] [2026-05-12T14:36:25.636Z] E0512 11:36:25.635490    2496 watch.go:40] Failed to load config from "c:\\Users\\Usr\\Documents\\MiniAgente\\dataconnect": could not find dataconnect.yaml in `c:\Users\Usr\Documents\MiniAgente\dataconnect`
 {"metadata":{"emulator":{"name":"dataconnect"},"message":"E0512 11:36:25.635490    2496 watch.go:40] Failed to load config from \"c:\\\\Users\\\\Usr\\\\Documents\\\\MiniAgente\\\\dataconnect\": could not find dataconnect.yaml in `c:\\Users\\Usr\\Documents\\MiniAgente\\dataconnect`\n"}}
[debug] [2026-05-12T14:36:35.635Z] E0512 11:36:35.635542    2496 watch.go:40] Failed to load config from "c:\\Users\\Usr\\Documents\\MiniAgente\\dataconnect": could not find dataconnect.yaml in `c:\Users\Usr\Documents\MiniAgente\dataconnect`
 {"metadata":{"emulator":{"name":"dataconnect"},"message":"E0512 11:36:35.635542    2496 watch.go:40] Failed to load config from \"c:\\\\Users\\\\Usr\\\\Documents\\\\MiniAgente\\\\dataconnect\": could not find dataconnect.yaml in `c:\\Users\\Usr\\Documents\\MiniAgente\\dataconnect`\n"}}
[debug] [2026-05-12T14:36:45.635Z] E0512 11:36:45.635399    2496 watch.go:40] Failed to load config from "c:\\Users\\Usr\\Documents\\MiniAgente\\dataconnect": could not find dataconnect.yaml in `c:\Users\Usr\Documents\MiniAgente\dataconnect`
 {"metadata":{"emulator":{"name":"dataconnect"},"message":"E0512 11:36:45.635399    2496 watch.go:40] Failed to load config from \"c:\\\\Users\\\\Usr\\\\Documents\\\\MiniAgente\\\\dataconnect\": could not find dataconnect.yaml in `c:\\Users\\Usr\\Documents\\MiniAgente\\dataconnect`\n"}}
[debug] [2026-05-12T14:36:55.636Z] E0512 11:36:55.635457    2496 watch.go:40] Failed to load config from "c:\\Users\\Usr\\Documents\\MiniAgente\\dataconnect": could not find dataconnect.yaml in `c:\Users\Usr\Documents\MiniAgente\dataconnect`
 {"metadata":{"emulator":{"name":"dataconnect"},"message":"E0512 11:36:55.635457    2496 watch.go:40] Failed to load config from \"c:\\\\Users\\\\Usr\\\\Documents\\\\MiniAgente\\\\dataconnect\": could not find dataconnect.yaml in `c:\\Users\\Usr\\Documents\\MiniAgente\\dataconnect`\n"}}
[debug] [2026-05-12T14:37:05.635Z] E0512 11:37:05.635308    2496 watch.go:40] Failed to load config from "c:\\Users\\Usr\\Documents\\MiniAgente\\dataconnect": could not find dataconnect.yaml in `c:\Users\Usr\Documents\MiniAgente\dataconnect`
 {"metadata":{"emulator":{"name":"dataconnect"},"message":"E0512 11:37:05.635308    2496 watch.go:40] Failed to load config from \"c:\\\\Users\\\\Usr\\\\Documents\\\\MiniAgente\\\\dataconnect\": could not find dataconnect.yaml in `c:\\Users\\Usr\\Documents\\MiniAgente\\dataconnect`\n"}}
[debug] [2026-05-12T14:37:15.635Z] E0512 11:37:15.635165    2496 watch.go:40] Failed to load config from "c:\\Users\\Usr\\Documents\\MiniAgente\\dataconnect": could not find dataconnect.yaml in `c:\Users\Usr\Documents\MiniAgente\dataconnect`
 {"metadata":{"emulator":{"name":"dataconnect"},"message":"E0512 11:37:15.635165    2496 watch.go:40] Failed to load config from \"c:\\\\Users\\\\Usr\\\\Documents\\\\MiniAgente\\\\dataconnect\": could not find dataconnect.yaml in `c:\\Users\\Usr\\Documents\\MiniAgente\\dataconnect`\n"}}
[debug] [2026-05-12T14:37:25.635Z] E0512 11:37:25.634868    2496 watch.go:116] watchAllDir unable to walk dir `c:\Users\Usr\Documents\MiniAgente\dataconnect`: GetFileAttributesEx c:\Users\Usr\Documents\MiniAgente\dataconnect: The system cannot find the file specified.
 {"metadata":{"emulator":{"name":"dataconnect"},"message":"E0512 11:37:25.634868    2496 watch.go:116] watchAllDir unable to walk dir `c:\\Users\\Usr\\Documents\\MiniAgente\\dataconnect`: GetFileAttributesEx c:\\Users\\Usr\\Documents\\MiniAgente\\dataconnect: The system cannot find the file specified.\n"}}
[debug] [2026-05-12T14:37:25.635Z] E0512 11:37:25.634868    2496 watch.go:40] Failed to load config from "c:\\Users\\Usr\\Documents\\MiniAgente\\dataconnect": could not find dataconnect.yaml in `c:\Users\Usr\Documents\MiniAgente\dataconnect`
 {"metadata":{"emulator":{"name":"dataconnect"},"message":"E0512 11:37:25.634868    2496 watch.go:40] Failed to load config from \"c:\\\\Users\\\\Usr\\\\Documents\\\\MiniAgente\\\\dataconnect\": could not find dataconnect.yaml in `c:\\Users\\Usr\\Documents\\MiniAgente\\dataconnect`\n"}}
[debug] [2026-05-12T14:37:35.635Z] E0512 11:37:35.635087    2496 watch.go:40] Failed to load config from "c:\\Users\\Usr\\Documents\\MiniAgente\\dataconnect": could not find dataconnect.yaml in `c:\Users\Usr\Documents\MiniAgente\dataconnect`
 {"metadata":{"emulator":{"name":"dataconnect"},"message":"E0512 11:37:35.635087    2496 watch.go:40] Failed to load config from \"c:\\\\Users\\\\Usr\\\\Documents\\\\MiniAgente\\\\dataconnect\": could not find dataconnect.yaml in `c:\\Users\\Usr\\Documents\\MiniAgente\\dataconnect`\n"}}
[debug] [2026-05-12T14:37:45.635Z] E0512 11:37:45.634753    2496 watch.go:40] Failed to load config from "c:\\Users\\Usr\\Documents\\MiniAgente\\dataconnect": could not find dataconnect.yaml in `c:\Users\Usr\Documents\MiniAgente\dataconnect`
 {"metadata":{"emulator":{"name":"dataconnect"},"message":"E0512 11:37:45.634753    2496 watch.go:40] Failed to load config from \"c:\\\\Users\\\\Usr\\\\Documents\\\\MiniAgente\\\\dataconnect\": could not find dataconnect.yaml in `c:\\Users\\Usr\\Documents\\MiniAgente\\dataconnect`\n"}}
[debug] [2026-05-12T14:37:55.635Z] E0512 11:37:55.635066    2496 watch.go:40] Failed to load config from "c:\\Users\\Usr\\Documents\\MiniAgente\\dataconnect": could not find dataconnect.yaml in `c:\Users\Usr\Documents\MiniAgente\dataconnect`
 {"metadata":{"emulator":{"name":"dataconnect"},"message":"E0512 11:37:55.635066    2496 watch.go:40] Failed to load config from \"c:\\\\Users\\\\Usr\\\\Documents\\\\MiniAgente\\\\dataconnect\": could not find dataconnect.yaml in `c:\\Users\\Usr\\Documents\\MiniAgente\\dataconnect`\n"}}
[debug] [2026-05-12T14:38:05.635Z] E0512 11:38:05.634949    2496 watch.go:40] Failed to load config from "c:\\Users\\Usr\\Documents\\MiniAgente\\dataconnect": could not find dataconnect.yaml in `c:\Users\Usr\Documents\MiniAgente\dataconnect`
 {"metadata":{"emulator":{"name":"dataconnect"},"message":"E0512 11:38:05.634949    2496 watch.go:40] Failed to load config from \"c:\\\\Users\\\\Usr\\\\Documents\\\\MiniAgente\\\\dataconnect\": could not find dataconnect.yaml in `c:\\Users\\Usr\\Documents\\MiniAgente\\dataconnect`\n"}}
[debug] [2026-05-12T14:38:15.635Z] E0512 11:38:15.634789    2496 watch.go:40] Failed to load config from "c:\\Users\\Usr\\Documents\\MiniAgente\\dataconnect": could not find dataconnect.yaml in `c:\Users\Usr\Documents\MiniAgente\dataconnect`
 {"metadata":{"emulator":{"name":"dataconnect"},"message":"E0512 11:38:15.634789    2496 watch.go:40] Failed to load config from \"c:\\\\Users\\\\Usr\\\\Documents\\\\MiniAgente\\\\dataconnect\": could not find dataconnect.yaml in `c:\\Users\\Usr\\Documents\\MiniAgente\\dataconnect`\n"}}
[debug] [2026-05-12T14:38:25.634Z] E0512 11:38:25.634829    2496 watch.go:116] watchAllDir unable to walk dir `c:\Users\Usr\Documents\MiniAgente\dataconnect`: GetFileAttributesEx c:\Users\Usr\Documents\MiniAgente\dataconnect: The system cannot find the file specified.
 {"metadata":{"emulator":{"name":"dataconnect"},"message":"E0512 11:38:25.634829    2496 watch.go:116] watchAllDir unable to walk dir `c:\\Users\\Usr\\Documents\\MiniAgente\\dataconnect`: GetFileAttributesEx c:\\Users\\Usr\\Documents\\MiniAgente\\dataconnect: The system cannot find the file specified.\n"}}
[debug] [2026-05-12T14:38:25.644Z] E0512 11:38:25.634829    2496 watch.go:40] Failed to load config from "c:\\Users\\Usr\\Documents\\MiniAgente\\dataconnect": could not find dataconnect.yaml in `c:\Users\Usr\Documents\MiniAgente\dataconnect`
 {"metadata":{"emulator":{"name":"dataconnect"},"message":"E0512 11:38:25.634829    2496 watch.go:40] Failed to load config from \"c:\\\\Users\\\\Usr\\\\Documents\\\\MiniAgente\\\\dataconnect\": could not find dataconnect.yaml in `c:\\Users\\Usr\\Documents\\MiniAgente\\dataconnect`\n"}}
[debug] [2026-05-12T14:38:35.635Z] E0512 11:38:35.634832    2496 watch.go:40] Failed to load config from "c:\\Users\\Usr\\Documents\\MiniAgente\\dataconnect": could not find dataconnect.yaml in `c:\Users\Usr\Documents\MiniAgente\dataconnect`
 {"metadata":{"emulator":{"name":"dataconnect"},"message":"E0512 11:38:35.634832    2496 watch.go:40] Failed to load config from \"c:\\\\Users\\\\Usr\\\\Documents\\\\MiniAgente\\\\dataconnect\": could not find dataconnect.yaml in `c:\\Users\\Usr\\Documents\\MiniAgente\\dataconnect`\n"}}
[debug] [2026-05-12T14:38:45.634Z] E0512 11:38:45.634469    2496 watch.go:40] Failed to load config from "c:\\Users\\Usr\\Documents\\MiniAgente\\dataconnect": could not find dataconnect.yaml in `c:\Users\Usr\Documents\MiniAgente\dataconnect`
 {"metadata":{"emulator":{"name":"dataconnect"},"message":"E0512 11:38:45.634469    2496 watch.go:40] Failed to load config from \"c:\\\\Users\\\\Usr\\\\Documents\\\\MiniAgente\\\\dataconnect\": could not find dataconnect.yaml in `c:\\Users\\Usr\\Documents\\MiniAgente\\dataconnect`\n"}}
[debug] [2026-05-12T14:38:55.634Z] E0512 11:38:55.634552    2496 watch.go:40] Failed to load config from "c:\\Users\\Usr\\Documents\\MiniAgente\\dataconnect": could not find dataconnect.yaml in `c:\Users\Usr\Documents\MiniAgente\dataconnect`
 {"metadata":{"emulator":{"name":"dataconnect"},"message":"E0512 11:38:55.634552    2496 watch.go:40] Failed to load config from \"c:\\\\Users\\\\Usr\\\\Documents\\\\MiniAgente\\\\dataconnect\": could not find dataconnect.yaml in `c:\\Users\\Usr\\Documents\\MiniAgente\\dataconnect`\n"}}
[debug] [2026-05-12T14:39:05.635Z] E0512 11:39:05.634686    2496 watch.go:40] Failed to load config from "c:\\Users\\Usr\\Documents\\MiniAgente\\dataconnect": could not find dataconnect.yaml in `c:\Users\Usr\Documents\MiniAgente\dataconnect`
 {"metadata":{"emulator":{"name":"dataconnect"},"message":"E0512 11:39:05.634686    2496 watch.go:40] Failed to load config from \"c:\\\\Users\\\\Usr\\\\Documents\\\\MiniAgente\\\\dataconnect\": could not find dataconnect.yaml in `c:\\Users\\Usr\\Documents\\MiniAgente\\dataconnect`\n"}}
[debug] [2026-05-12T14:39:15.634Z] E0512 11:39:15.634211    2496 watch.go:40] Failed to load config from "c:\\Users\\Usr\\Documents\\MiniAgente\\dataconnect": could not find dataconnect.yaml in `c:\Users\Usr\Documents\MiniAgente\dataconnect`
 {"metadata":{"emulator":{"name":"dataconnect"},"message":"E0512 11:39:15.634211    2496 watch.go:40] Failed to load config from \"c:\\\\Users\\\\Usr\\\\Documents\\\\MiniAgente\\\\dataconnect\": could not find dataconnect.yaml in `c:\\Users\\Usr\\Documents\\MiniAgente\\dataconnect`\n"}}
[debug] [2026-05-12T14:39:25.634Z] E0512 11:39:25.634609    2496 watch.go:116] watchAllDir unable to walk dir `c:\Users\Usr\Documents\MiniAgente\dataconnect`: GetFileAttributesEx c:\Users\Usr\Documents\MiniAgente\dataconnect: The system cannot find the file specified.
 {"metadata":{"emulator":{"name":"dataconnect"},"message":"E0512 11:39:25.634609    2496 watch.go:116] watchAllDir unable to walk dir `c:\\Users\\Usr\\Documents\\MiniAgente\\dataconnect`: GetFileAttributesEx c:\\Users\\Usr\\Documents\\MiniAgente\\dataconnect: The system cannot find the file specified.\n"}}
[debug] [2026-05-12T14:39:25.635Z] E0512 11:39:25.634609    2496 watch.go:40] Failed to load config from "c:\\Users\\Usr\\Documents\\MiniAgente\\dataconnect": could not find dataconnect.yaml in `c:\Users\Usr\Documents\MiniAgente\dataconnect`
 {"metadata":{"emulator":{"name":"dataconnect"},"message":"E0512 11:39:25.634609    2496 watch.go:40] Failed to load config from \"c:\\\\Users\\\\Usr\\\\Documents\\\\MiniAgente\\\\dataconnect\": could not find dataconnect.yaml in `c:\\Users\\Usr\\Documents\\MiniAgente\\dataconnect`\n"}}
[debug] [2026-05-12T14:39:35.634Z] E0512 11:39:35.634141    2496 watch.go:40] Failed to load config from "c:\\Users\\Usr\\Documents\\MiniAgente\\dataconnect": could not find dataconnect.yaml in `c:\Users\Usr\Documents\MiniAgente\dataconnect`
 {"metadata":{"emulator":{"name":"dataconnect"},"message":"E0512 11:39:35.634141    2496 watch.go:40] Failed to load config from \"c:\\\\Users\\\\Usr\\\\Documents\\\\MiniAgente\\\\dataconnect\": could not find dataconnect.yaml in `c:\\Users\\Usr\\Documents\\MiniAgente\\dataconnect`\n"}}
[debug] [2026-05-12T14:39:45.634Z] E0512 11:39:45.634126    2496 watch.go:40] Failed to load config from "c:\\Users\\Usr\\Documents\\MiniAgente\\dataconnect": could not find dataconnect.yaml in `c:\Users\Usr\Documents\MiniAgente\dataconnect`
 {"metadata":{"emulator":{"name":"dataconnect"},"message":"E0512 11:39:45.634126    2496 watch.go:40] Failed to load config from \"c:\\\\Users\\\\Usr\\\\Documents\\\\MiniAgente\\\\dataconnect\": could not find dataconnect.yaml in `c:\\Users\\Usr\\Documents\\MiniAgente\\dataconnect`\n"}}
[debug] [2026-05-12T14:39:55.634Z] E0512 11:39:55.634349    2496 watch.go:40] Failed to load config from "c:\\Users\\Usr\\Documents\\MiniAgente\\dataconnect": could not find dataconnect.yaml in `c:\Users\Usr\Documents\MiniAgente\dataconnect`
 {"metadata":{"emulator":{"name":"dataconnect"},"message":"E0512 11:39:55.634349    2496 watch.go:40] Failed to load config from \"c:\\\\Users\\\\Usr\\\\Documents\\\\MiniAgente\\\\dataconnect\": could not find dataconnect.yaml in `c:\\Users\\Usr\\Documents\\MiniAgente\\dataconnect`\n"}}
[debug] [2026-05-12T14:40:05.634Z] E0512 11:40:05.634101    2496 watch.go:40] Failed to load config from "c:\\Users\\Usr\\Documents\\MiniAgente\\dataconnect": could not find dataconnect.yaml in `c:\Users\Usr\Documents\MiniAgente\dataconnect`
 {"metadata":{"emulator":{"name":"dataconnect"},"message":"E0512 11:40:05.634101    2496 watch.go:40] Failed to load config from \"c:\\\\Users\\\\Usr\\\\Documents\\\\MiniAgente\\\\dataconnect\": could not find dataconnect.yaml in `c:\\Users\\Usr\\Documents\\MiniAgente\\dataconnect`\n"}}
[debug] [2026-05-12T14:40:15.634Z] E0512 11:40:15.633916    2496 watch.go:40] Failed to load config from "c:\\Users\\Usr\\Documents\\MiniAgente\\dataconnect": could not find dataconnect.yaml in `c:\Users\Usr\Documents\MiniAgente\dataconnect`
 {"metadata":{"emulator":{"name":"dataconnect"},"message":"E0512 11:40:15.633916    2496 watch.go:40] Failed to load config from \"c:\\\\Users\\\\Usr\\\\Documents\\\\MiniAgente\\\\dataconnect\": could not find dataconnect.yaml in `c:\\Users\\Usr\\Documents\\MiniAgente\\dataconnect`\n"}}
[debug] [2026-05-12T14:40:25.634Z] E0512 11:40:25.633855    2496 watch.go:116] watchAllDir unable to walk dir `c:\Users\Usr\Documents\MiniAgente\dataconnect`: GetFileAttributesEx c:\Users\Usr\Documents\MiniAgente\dataconnect: The system cannot find the file specified.
 {"metadata":{"emulator":{"name":"dataconnect"},"message":"E0512 11:40:25.633855    2496 watch.go:116] watchAllDir unable to walk dir `c:\\Users\\Usr\\Documents\\MiniAgente\\dataconnect`: GetFileAttributesEx c:\\Users\\Usr\\Documents\\MiniAgente\\dataconnect: The system cannot find the file specified.\n"}}
[debug] [2026-05-12T14:40:25.634Z] E0512 11:40:25.633855    2496 watch.go:40] Failed to load config from "c:\\Users\\Usr\\Documents\\MiniAgente\\dataconnect": could not find dataconnect.yaml in `c:\Users\Usr\Documents\MiniAgente\dataconnect`
 {"metadata":{"emulator":{"name":"dataconnect"},"message":"E0512 11:40:25.633855    2496 watch.go:40] Failed to load config from \"c:\\\\Users\\\\Usr\\\\Documents\\\\MiniAgente\\\\dataconnect\": could not find dataconnect.yaml in `c:\\Users\\Usr\\Documents\\MiniAgente\\dataconnect`\n"}}
[debug] [2026-05-12T14:40:35.634Z] E0512 11:40:35.633914    2496 watch.go:40] Failed to load config from "c:\\Users\\Usr\\Documents\\MiniAgente\\dataconnect": could not find dataconnect.yaml in `c:\Users\Usr\Documents\MiniAgente\dataconnect`
 {"metadata":{"emulator":{"name":"dataconnect"},"message":"E0512 11:40:35.633914    2496 watch.go:40] Failed to load config from \"c:\\\\Users\\\\Usr\\\\Documents\\\\MiniAgente\\\\dataconnect\": could not find dataconnect.yaml in `c:\\Users\\Usr\\Documents\\MiniAgente\\dataconnect`\n"}}
[debug] [2026-05-12T14:40:45.633Z] E0512 11:40:45.633674    2496 watch.go:40] Failed to load config from "c:\\Users\\Usr\\Documents\\MiniAgente\\dataconnect": could not find dataconnect.yaml in `c:\Users\Usr\Documents\MiniAgente\dataconnect`
 {"metadata":{"emulator":{"name":"dataconnect"},"message":"E0512 11:40:45.633674    2496 watch.go:40] Failed to load config from \"c:\\\\Users\\\\Usr\\\\Documents\\\\MiniAgente\\\\dataconnect\": could not find dataconnect.yaml in `c:\\Users\\Usr\\Documents\\MiniAgente\\dataconnect`\n"}}
[debug] [2026-05-12T14:40:55.634Z] E0512 11:40:55.633674    2496 watch.go:40] Failed to load config from "c:\\Users\\Usr\\Documents\\MiniAgente\\dataconnect": could not find dataconnect.yaml in `c:\Users\Usr\Documents\MiniAgente\dataconnect`
 {"metadata":{"emulator":{"name":"dataconnect"},"message":"E0512 11:40:55.633674    2496 watch.go:40] Failed to load config from \"c:\\\\Users\\\\Usr\\\\Documents\\\\MiniAgente\\\\dataconnect\": could not find dataconnect.yaml in `c:\\Users\\Usr\\Documents\\MiniAgente\\dataconnect`\n"}}
[debug] [2026-05-12T14:41:05.634Z] E0512 11:41:05.633976    2496 watch.go:40] Failed to load config from "c:\\Users\\Usr\\Documents\\MiniAgente\\dataconnect": could not find dataconnect.yaml in `c:\Users\Usr\Documents\MiniAgente\dataconnect`
 {"metadata":{"emulator":{"name":"dataconnect"},"message":"E0512 11:41:05.633976    2496 watch.go:40] Failed to load config from \"c:\\\\Users\\\\Usr\\\\Documents\\\\MiniAgente\\\\dataconnect\": could not find dataconnect.yaml in `c:\\Users\\Usr\\Documents\\MiniAgente\\dataconnect`\n"}}
[debug] [2026-05-12T14:41:15.634Z] E0512 11:41:15.633784    2496 watch.go:40] Failed to load config from "c:\\Users\\Usr\\Documents\\MiniAgente\\dataconnect": could not find dataconnect.yaml in `c:\Users\Usr\Documents\MiniAgente\dataconnect`
 {"metadata":{"emulator":{"name":"dataconnect"},"message":"E0512 11:41:15.633784    2496 watch.go:40] Failed to load config from \"c:\\\\Users\\\\Usr\\\\Documents\\\\MiniAgente\\\\dataconnect\": could not find dataconnect.yaml in `c:\\Users\\Usr\\Documents\\MiniAgente\\dataconnect`\n"}}
[debug] [2026-05-12T14:41:25.633Z] E0512 11:41:25.633754    2496 watch.go:116] watchAllDir unable to walk dir `c:\Users\Usr\Documents\MiniAgente\dataconnect`: GetFileAttributesEx c:\Users\Usr\Documents\MiniAgente\dataconnect: The system cannot find the file specified.
E0512 11:41:25.633754    2496 watch.go:40] Failed to load config from "c:\\Users\\Usr\\Documents\\MiniAgente\\dataconnect": could not find dataconnect.yaml in `c:\Users\Usr\Documents\MiniAgente\dataconnect`
 {"metadata":{"emulator":{"name":"dataconnect"},"message":"E0512 11:41:25.633754    2496 watch.go:116] watchAllDir unable to walk dir `c:\\Users\\Usr\\Documents\\MiniAgente\\dataconnect`: GetFileAttributesEx c:\\Users\\Usr\\Documents\\MiniAgente\\dataconnect: The system cannot find the file specified.\nE0512 11:41:25.633754    2496 watch.go:40] Failed to load config from \"c:\\\\Users\\\\Usr\\\\Documents\\\\MiniAgente\\\\dataconnect\": could not find dataconnect.yaml in `c:\\Users\\Usr\\Documents\\MiniAgente\\dataconnect`\n"}}
[debug] [2026-05-12T14:41:35.634Z] E0512 11:41:35.633706    2496 watch.go:40] Failed to load config from "c:\\Users\\Usr\\Documents\\MiniAgente\\dataconnect": could not find dataconnect.yaml in `c:\Users\Usr\Documents\MiniAgente\dataconnect`
 {"metadata":{"emulator":{"name":"dataconnect"},"message":"E0512 11:41:35.633706    2496 watch.go:40] Failed to load config from \"c:\\\\Users\\\\Usr\\\\Documents\\\\MiniAgente\\\\dataconnect\": could not find dataconnect.yaml in `c:\\Users\\Usr\\Documents\\MiniAgente\\dataconnect`\n"}}
[debug] [2026-05-12T14:41:45.633Z] E0512 11:41:45.633575    2496 watch.go:40] Failed to load config from "c:\\Users\\Usr\\Documents\\MiniAgente\\dataconnect": could not find dataconnect.yaml in `c:\Users\Usr\Documents\MiniAgente\dataconnect`
 {"metadata":{"emulator":{"name":"dataconnect"},"message":"E0512 11:41:45.633575    2496 watch.go:40] Failed to load config from \"c:\\\\Users\\\\Usr\\\\Documents\\\\MiniAgente\\\\dataconnect\": could not find dataconnect.yaml in `c:\\Users\\Usr\\Documents\\MiniAgente\\dataconnect`\n"}}
[debug] [2026-05-12T14:41:55.633Z] E0512 11:41:55.633329    2496 watch.go:40] Failed to load config from "c:\\Users\\Usr\\Documents\\MiniAgente\\dataconnect": could not find dataconnect.yaml in `c:\Users\Usr\Documents\MiniAgente\dataconnect`
 {"metadata":{"emulator":{"name":"dataconnect"},"message":"E0512 11:41:55.633329    2496 watch.go:40] Failed to load config from \"c:\\\\Users\\\\Usr\\\\Documents\\\\MiniAgente\\\\dataconnect\": could not find dataconnect.yaml in `c:\\Users\\Usr\\Documents\\MiniAgente\\dataconnect`\n"}}
[debug] [2026-05-12T14:42:05.634Z] E0512 11:42:05.633548    2496 watch.go:40] Failed to load config from "c:\\Users\\Usr\\Documents\\MiniAgente\\dataconnect": could not find dataconnect.yaml in `c:\Users\Usr\Documents\MiniAgente\dataconnect`
 {"metadata":{"emulator":{"name":"dataconnect"},"message":"E0512 11:42:05.633548    2496 watch.go:40] Failed to load config from \"c:\\\\Users\\\\Usr\\\\Documents\\\\MiniAgente\\\\dataconnect\": could not find dataconnect.yaml in `c:\\Users\\Usr\\Documents\\MiniAgente\\dataconnect`\n"}}
[debug] [2026-05-12T14:42:15.633Z] E0512 11:42:15.633179    2496 watch.go:40] Failed to load config from "c:\\Users\\Usr\\Documents\\MiniAgente\\dataconnect": could not find dataconnect.yaml in `c:\Users\Usr\Documents\MiniAgente\dataconnect`
 {"metadata":{"emulator":{"name":"dataconnect"},"message":"E0512 11:42:15.633179    2496 watch.go:40] Failed to load config from \"c:\\\\Users\\\\Usr\\\\Documents\\\\MiniAgente\\\\dataconnect\": could not find dataconnect.yaml in `c:\\Users\\Usr\\Documents\\MiniAgente\\dataconnect`\n"}}
[debug] [2026-05-12T14:42:25.633Z] E0512 11:42:25.633301    2496 watch.go:116] watchAllDir unable to walk dir `c:\Users\Usr\Documents\MiniAgente\dataconnect`: GetFileAttributesEx c:\Users\Usr\Documents\MiniAgente\dataconnect: The system cannot find the file specified.
 {"metadata":{"emulator":{"name":"dataconnect"},"message":"E0512 11:42:25.633301    2496 watch.go:116] watchAllDir unable to walk dir `c:\\Users\\Usr\\Documents\\MiniAgente\\dataconnect`: GetFileAttributesEx c:\\Users\\Usr\\Documents\\MiniAgente\\dataconnect: The system cannot find the file specified.\n"}}
[debug] [2026-05-12T14:42:25.634Z] E0512 11:42:25.633301    2496 watch.go:40] Failed to load config from "c:\\Users\\Usr\\Documents\\MiniAgente\\dataconnect": could not find dataconnect.yaml in `c:\Users\Usr\Documents\MiniAgente\dataconnect`
 {"metadata":{"emulator":{"name":"dataconnect"},"message":"E0512 11:42:25.633301    2496 watch.go:40] Failed to load config from \"c:\\\\Users\\\\Usr\\\\Documents\\\\MiniAgente\\\\dataconnect\": could not find dataconnect.yaml in `c:\\Users\\Usr\\Documents\\MiniAgente\\dataconnect`\n"}}
[debug] [2026-05-12T14:42:35.633Z] E0512 11:42:35.633298    2496 watch.go:40] Failed to load config from "c:\\Users\\Usr\\Documents\\MiniAgente\\dataconnect": could not find dataconnect.yaml in `c:\Users\Usr\Documents\MiniAgente\dataconnect`
 {"metadata":{"emulator":{"name":"dataconnect"},"message":"E0512 11:42:35.633298    2496 watch.go:40] Failed to load config from \"c:\\\\Users\\\\Usr\\\\Documents\\\\MiniAgente\\\\dataconnect\": could not find dataconnect.yaml in `c:\\Users\\Usr\\Documents\\MiniAgente\\dataconnect`\n"}}
[debug] [2026-05-12T14:42:45.633Z] E0512 11:42:45.633408    2496 watch.go:40] Failed to load config from "c:\\Users\\Usr\\Documents\\MiniAgente\\dataconnect": could not find dataconnect.yaml in `c:\Users\Usr\Documents\MiniAgente\dataconnect`
 {"metadata":{"emulator":{"name":"dataconnect"},"message":"E0512 11:42:45.633408    2496 watch.go:40] Failed to load config from \"c:\\\\Users\\\\Usr\\\\Documents\\\\MiniAgente\\\\dataconnect\": could not find dataconnect.yaml in `c:\\Users\\Usr\\Documents\\MiniAgente\\dataconnect`\n"}}
[debug] [2026-05-12T14:42:55.633Z] E0512 11:42:55.633129    2496 watch.go:40] Failed to load config from "c:\\Users\\Usr\\Documents\\MiniAgente\\dataconnect": could not find dataconnect.yaml in `c:\Users\Usr\Documents\MiniAgente\dataconnect`
 {"metadata":{"emulator":{"name":"dataconnect"},"message":"E0512 11:42:55.633129    2496 watch.go:40] Failed to load config from \"c:\\\\Users\\\\Usr\\\\Documents\\\\MiniAgente\\\\dataconnect\": could not find dataconnect.yaml in `c:\\Users\\Usr\\Documents\\MiniAgente\\dataconnect`\n"}}
[debug] [2026-05-12T14:43:05.633Z] E0512 11:43:05.632871    2496 watch.go:40] Failed to load config from "c:\\Users\\Usr\\Documents\\MiniAgente\\dataconnect": could not find dataconnect.yaml in `c:\Users\Usr\Documents\MiniAgente\dataconnect`
 {"metadata":{"emulator":{"name":"dataconnect"},"message":"E0512 11:43:05.632871    2496 watch.go:40] Failed to load config from \"c:\\\\Users\\\\Usr\\\\Documents\\\\MiniAgente\\\\dataconnect\": could not find dataconnect.yaml in `c:\\Users\\Usr\\Documents\\MiniAgente\\dataconnect`\n"}}
[debug] [2026-05-12T14:43:15.633Z] E0512 11:43:15.632832    2496 watch.go:40] Failed to load config from "c:\\Users\\Usr\\Documents\\MiniAgente\\dataconnect": could not find dataconnect.yaml in `c:\Users\Usr\Documents\MiniAgente\dataconnect`
 {"metadata":{"emulator":{"name":"dataconnect"},"message":"E0512 11:43:15.632832    2496 watch.go:40] Failed to load config from \"c:\\\\Users\\\\Usr\\\\Documents\\\\MiniAgente\\\\dataconnect\": could not find dataconnect.yaml in `c:\\Users\\Usr\\Documents\\MiniAgente\\dataconnect`\n"}}
[debug] [2026-05-12T14:43:25.633Z] E0512 11:43:25.633040    2496 watch.go:116] watchAllDir unable to walk dir `c:\Users\Usr\Documents\MiniAgente\dataconnect`: GetFileAttributesEx c:\Users\Usr\Documents\MiniAgente\dataconnect: The system cannot find the file specified.
 {"metadata":{"emulator":{"name":"dataconnect"},"message":"E0512 11:43:25.633040    2496 watch.go:116] watchAllDir unable to walk dir `c:\\Users\\Usr\\Documents\\MiniAgente\\dataconnect`: GetFileAttributesEx c:\\Users\\Usr\\Documents\\MiniAgente\\dataconnect: The system cannot find the file specified.\n"}}
[debug] [2026-05-12T14:43:25.633Z] E0512 11:43:25.633040    2496 watch.go:40] Failed to load config from "c:\\Users\\Usr\\Documents\\MiniAgente\\dataconnect": could not find dataconnect.yaml in `c:\Users\Usr\Documents\MiniAgente\dataconnect`
 {"metadata":{"emulator":{"name":"dataconnect"},"message":"E0512 11:43:25.633040    2496 watch.go:40] Failed to load config from \"c:\\\\Users\\\\Usr\\\\Documents\\\\MiniAgente\\\\dataconnect\": could not find dataconnect.yaml in `c:\\Users\\Usr\\Documents\\MiniAgente\\dataconnect`\n"}}
[debug] [2026-05-12T14:43:35.633Z] E0512 11:43:35.632941    2496 watch.go:40] Failed to load config from "c:\\Users\\Usr\\Documents\\MiniAgente\\dataconnect": could not find dataconnect.yaml in `c:\Users\Usr\Documents\MiniAgente\dataconnect`
 {"metadata":{"emulator":{"name":"dataconnect"},"message":"E0512 11:43:35.632941    2496 watch.go:40] Failed to load config from \"c:\\\\Users\\\\Usr\\\\Documents\\\\MiniAgente\\\\dataconnect\": could not find dataconnect.yaml in `c:\\Users\\Usr\\Documents\\MiniAgente\\dataconnect`\n"}}
[debug] [2026-05-12T14:43:45.633Z] E0512 11:43:45.632659    2496 watch.go:40] Failed to load config from "c:\\Users\\Usr\\Documents\\MiniAgente\\dataconnect": could not find dataconnect.yaml in `c:\Users\Usr\Documents\MiniAgente\dataconnect`
 {"metadata":{"emulator":{"name":"dataconnect"},"message":"E0512 11:43:45.632659    2496 watch.go:40] Failed to load config from \"c:\\\\Users\\\\Usr\\\\Documents\\\\MiniAgente\\\\dataconnect\": could not find dataconnect.yaml in `c:\\Users\\Usr\\Documents\\MiniAgente\\dataconnect`\n"}}
[debug] [2026-05-12T14:43:55.633Z] E0512 11:43:55.632885    2496 watch.go:40] Failed to load config from "c:\\Users\\Usr\\Documents\\MiniAgente\\dataconnect": could not find dataconnect.yaml in `c:\Users\Usr\Documents\MiniAgente\dataconnect`
 {"metadata":{"emulator":{"name":"dataconnect"},"message":"E0512 11:43:55.632885    2496 watch.go:40] Failed to load config from \"c:\\\\Users\\\\Usr\\\\Documents\\\\MiniAgente\\\\dataconnect\": could not find dataconnect.yaml in `c:\\Users\\Usr\\Documents\\MiniAgente\\dataconnect`\n"}}
[debug] [2026-05-12T14:44:05.633Z] E0512 11:44:05.632545    2496 watch.go:40] Failed to load config from "c:\\Users\\Usr\\Documents\\MiniAgente\\dataconnect": could not find dataconnect.yaml in `c:\Users\Usr\Documents\MiniAgente\dataconnect`
 {"metadata":{"emulator":{"name":"dataconnect"},"message":"E0512 11:44:05.632545    2496 watch.go:40] Failed to load config from \"c:\\\\Users\\\\Usr\\\\Documents\\\\MiniAgente\\\\dataconnect\": could not find dataconnect.yaml in `c:\\Users\\Usr\\Documents\\MiniAgente\\dataconnect`\n"}}
[debug] [2026-05-12T14:44:15.633Z] E0512 11:44:15.632681    2496 watch.go:40] Failed to load config from "c:\\Users\\Usr\\Documents\\MiniAgente\\dataconnect": could not find dataconnect.yaml in `c:\Users\Usr\Documents\MiniAgente\dataconnect`
 {"metadata":{"emulator":{"name":"dataconnect"},"message":"E0512 11:44:15.632681    2496 watch.go:40] Failed to load config from \"c:\\\\Users\\\\Usr\\\\Documents\\\\MiniAgente\\\\dataconnect\": could not find dataconnect.yaml in `c:\\Users\\Usr\\Documents\\MiniAgente\\dataconnect`\n"}}
[debug] [2026-05-12T14:44:25.633Z] E0512 11:44:25.632559    2496 watch.go:116] watchAllDir unable to walk dir `c:\Users\Usr\Documents\MiniAgente\dataconnect`: GetFileAttributesEx c:\Users\Usr\Documents\MiniAgente\dataconnect: The system cannot find the file specified.
 {"metadata":{"emulator":{"name":"dataconnect"},"message":"E0512 11:44:25.632559    2496 watch.go:116] watchAllDir unable to walk dir `c:\\Users\\Usr\\Documents\\MiniAgente\\dataconnect`: GetFileAttributesEx c:\\Users\\Usr\\Documents\\MiniAgente\\dataconnect: The system cannot find the file specified.\n"}}
[debug] [2026-05-12T14:44:25.634Z] E0512 11:44:25.632559    2496 watch.go:40] Failed to load config from "c:\\Users\\Usr\\Documents\\MiniAgente\\dataconnect": could not find dataconnect.yaml in `c:\Users\Usr\Documents\MiniAgente\dataconnect`
 {"metadata":{"emulator":{"name":"dataconnect"},"message":"E0512 11:44:25.632559    2496 watch.go:40] Failed to load config from \"c:\\\\Users\\\\Usr\\\\Documents\\\\MiniAgente\\\\dataconnect\": could not find dataconnect.yaml in `c:\\Users\\Usr\\Documents\\MiniAgente\\dataconnect`\n"}}
[debug] [2026-05-12T14:44:35.633Z] E0512 11:44:35.633034    2496 watch.go:40] Failed to load config from "c:\\Users\\Usr\\Documents\\MiniAgente\\dataconnect": could not find dataconnect.yaml in `c:\Users\Usr\Documents\MiniAgente\dataconnect`
 {"metadata":{"emulator":{"name":"dataconnect"},"message":"E0512 11:44:35.633034    2496 watch.go:40] Failed to load config from \"c:\\\\Users\\\\Usr\\\\Documents\\\\MiniAgente\\\\dataconnect\": could not find dataconnect.yaml in `c:\\Users\\Usr\\Documents\\MiniAgente\\dataconnect`\n"}}
[debug] [2026-05-12T14:44:45.633Z] E0512 11:44:45.632748    2496 watch.go:40] Failed to load config from "c:\\Users\\Usr\\Documents\\MiniAgente\\dataconnect": could not find dataconnect.yaml in `c:\Users\Usr\Documents\MiniAgente\dataconnect`
 {"metadata":{"emulator":{"name":"dataconnect"},"message":"E0512 11:44:45.632748    2496 watch.go:40] Failed to load config from \"c:\\\\Users\\\\Usr\\\\Documents\\\\MiniAgente\\\\dataconnect\": could not find dataconnect.yaml in `c:\\Users\\Usr\\Documents\\MiniAgente\\dataconnect`\n"}}
[debug] [2026-05-12T14:44:55.633Z] E0512 11:44:55.632637    2496 watch.go:40] Failed to load config from "c:\\Users\\Usr\\Documents\\MiniAgente\\dataconnect": could not find dataconnect.yaml in `c:\Users\Usr\Documents\MiniAgente\dataconnect`
 {"metadata":{"emulator":{"name":"dataconnect"},"message":"E0512 11:44:55.632637    2496 watch.go:40] Failed to load config from \"c:\\\\Users\\\\Usr\\\\Documents\\\\MiniAgente\\\\dataconnect\": could not find dataconnect.yaml in `c:\\Users\\Usr\\Documents\\MiniAgente\\dataconnect`\n"}}
[debug] [2026-05-12T14:45:05.632Z] E0512 11:45:05.632377    2496 watch.go:40] Failed to load config from "c:\\Users\\Usr\\Documents\\MiniAgente\\dataconnect": could not find dataconnect.yaml in `c:\Users\Usr\Documents\MiniAgente\dataconnect`
 {"metadata":{"emulator":{"name":"dataconnect"},"message":"E0512 11:45:05.632377    2496 watch.go:40] Failed to load config from \"c:\\\\Users\\\\Usr\\\\Documents\\\\MiniAgente\\\\dataconnect\": could not find dataconnect.yaml in `c:\\Users\\Usr\\Documents\\MiniAgente\\dataconnect`\n"}}
[debug] [2026-05-12T14:45:15.634Z] E0512 11:45:15.632403    2496 watch.go:40] Failed to load config from "c:\\Users\\Usr\\Documents\\MiniAgente\\dataconnect": could not find dataconnect.yaml in `c:\Users\Usr\Documents\MiniAgente\dataconnect`
 {"metadata":{"emulator":{"name":"dataconnect"},"message":"E0512 11:45:15.632403    2496 watch.go:40] Failed to load config from \"c:\\\\Users\\\\Usr\\\\Documents\\\\MiniAgente\\\\dataconnect\": could not find dataconnect.yaml in `c:\\Users\\Usr\\Documents\\MiniAgente\\dataconnect`\n"}}
[debug] [2026-05-12T14:45:25.632Z] E0512 11:45:25.632427    2496 watch.go:116] watchAllDir unable to walk dir `c:\Users\Usr\Documents\MiniAgente\dataconnect`: GetFileAttributesEx c:\Users\Usr\Documents\MiniAgente\dataconnect: The system cannot find the file specified.
 {"metadata":{"emulator":{"name":"dataconnect"},"message":"E0512 11:45:25.632427    2496 watch.go:116] watchAllDir unable to walk dir `c:\\Users\\Usr\\Documents\\MiniAgente\\dataconnect`: GetFileAttributesEx c:\\Users\\Usr\\Documents\\MiniAgente\\dataconnect: The system cannot find the file specified.\n"}}
[debug] [2026-05-12T14:45:25.633Z] E0512 11:45:25.632427    2496 watch.go:40] Failed to load config from "c:\\Users\\Usr\\Documents\\MiniAgente\\dataconnect": could not find dataconnect.yaml in `c:\Users\Usr\Documents\MiniAgente\dataconnect`
 {"metadata":{"emulator":{"name":"dataconnect"},"message":"E0512 11:45:25.632427    2496 watch.go:40] Failed to load config from \"c:\\\\Users\\\\Usr\\\\Documents\\\\MiniAgente\\\\dataconnect\": could not find dataconnect.yaml in `c:\\Users\\Usr\\Documents\\MiniAgente\\dataconnect`\n"}}
[debug] [2026-05-12T14:45:35.632Z] E0512 11:45:35.632458    2496 watch.go:40] Failed to load config from "c:\\Users\\Usr\\Documents\\MiniAgente\\dataconnect": could not find dataconnect.yaml in `c:\Users\Usr\Documents\MiniAgente\dataconnect`
 {"metadata":{"emulator":{"name":"dataconnect"},"message":"E0512 11:45:35.632458    2496 watch.go:40] Failed to load config from \"c:\\\\Users\\\\Usr\\\\Documents\\\\MiniAgente\\\\dataconnect\": could not find dataconnect.yaml in `c:\\Users\\Usr\\Documents\\MiniAgente\\dataconnect`\n"}}
[debug] [2026-05-12T14:45:45.632Z] E0512 11:45:45.632246    2496 watch.go:40] Failed to load config from "c:\\Users\\Usr\\Documents\\MiniAgente\\dataconnect": could not find dataconnect.yaml in `c:\Users\Usr\Documents\MiniAgente\dataconnect`
 {"metadata":{"emulator":{"name":"dataconnect"},"message":"E0512 11:45:45.632246    2496 watch.go:40] Failed to load config from \"c:\\\\Users\\\\Usr\\\\Documents\\\\MiniAgente\\\\dataconnect\": could not find dataconnect.yaml in `c:\\Users\\Usr\\Documents\\MiniAgente\\dataconnect`\n"}}
[debug] [2026-05-12T14:45:55.633Z] E0512 11:45:55.632805    2496 watch.go:40] Failed to load config from "c:\\Users\\Usr\\Documents\\MiniAgente\\dataconnect": could not find dataconnect.yaml in `c:\Users\Usr\Documents\MiniAgente\dataconnect`
 {"metadata":{"emulator":{"name":"dataconnect"},"message":"E0512 11:45:55.632805    2496 watch.go:40] Failed to load config from \"c:\\\\Users\\\\Usr\\\\Documents\\\\MiniAgente\\\\dataconnect\": could not find dataconnect.yaml in `c:\\Users\\Usr\\Documents\\MiniAgente\\dataconnect`\n"}}
[debug] [2026-05-12T14:46:05.632Z] E0512 11:46:05.631964    2496 watch.go:40] Failed to load config from "c:\\Users\\Usr\\Documents\\MiniAgente\\dataconnect": could not find dataconnect.yaml in `c:\Users\Usr\Documents\MiniAgente\dataconnect`
 {"metadata":{"emulator":{"name":"dataconnect"},"message":"E0512 11:46:05.631964    2496 watch.go:40] Failed to load config from \"c:\\\\Users\\\\Usr\\\\Documents\\\\MiniAgente\\\\dataconnect\": could not find dataconnect.yaml in `c:\\Users\\Usr\\Documents\\MiniAgente\\dataconnect`\n"}}
[debug] [2026-05-12T14:46:15.632Z] E0512 11:46:15.632360    2496 watch.go:40] Failed to load config from "c:\\Users\\Usr\\Documents\\MiniAgente\\dataconnect": could not find dataconnect.yaml in `c:\Users\Usr\Documents\MiniAgente\dataconnect`
 {"metadata":{"emulator":{"name":"dataconnect"},"message":"E0512 11:46:15.632360    2496 watch.go:40] Failed to load config from \"c:\\\\Users\\\\Usr\\\\Documents\\\\MiniAgente\\\\dataconnect\": could not find dataconnect.yaml in `c:\\Users\\Usr\\Documents\\MiniAgente\\dataconnect`\n"}}
[debug] [2026-05-12T14:46:25.631Z] E0512 11:46:25.631725    2496 watch.go:116] watchAllDir unable to walk dir `c:\Users\Usr\Documents\MiniAgente\dataconnect`: GetFileAttributesEx c:\Users\Usr\Documents\MiniAgente\dataconnect: The system cannot find the file specified.
 {"metadata":{"emulator":{"name":"dataconnect"},"message":"E0512 11:46:25.631725    2496 watch.go:116] watchAllDir unable to walk dir `c:\\Users\\Usr\\Documents\\MiniAgente\\dataconnect`: GetFileAttributesEx c:\\Users\\Usr\\Documents\\MiniAgente\\dataconnect: The system cannot find the file specified.\n"}}
[debug] [2026-05-12T14:46:25.632Z] E0512 11:46:25.631725    2496 watch.go:40] Failed to load config from "c:\\Users\\Usr\\Documents\\MiniAgente\\dataconnect": could not find dataconnect.yaml in `c:\Users\Usr\Documents\MiniAgente\dataconnect`
 {"metadata":{"emulator":{"name":"dataconnect"},"message":"E0512 11:46:25.631725    2496 watch.go:40] Failed to load config from \"c:\\\\Users\\\\Usr\\\\Documents\\\\MiniAgente\\\\dataconnect\": could not find dataconnect.yaml in `c:\\Users\\Usr\\Documents\\MiniAgente\\dataconnect`\n"}}
[debug] [2026-05-12T14:46:35.632Z] E0512 11:46:35.631977    2496 watch.go:40] Failed to load config from "c:\\Users\\Usr\\Documents\\MiniAgente\\dataconnect": could not find dataconnect.yaml in `c:\Users\Usr\Documents\MiniAgente\dataconnect`
 {"metadata":{"emulator":{"name":"dataconnect"},"message":"E0512 11:46:35.631977    2496 watch.go:40] Failed to load config from \"c:\\\\Users\\\\Usr\\\\Documents\\\\MiniAgente\\\\dataconnect\": could not find dataconnect.yaml in `c:\\Users\\Usr\\Documents\\MiniAgente\\dataconnect`\n"}}
[debug] [2026-05-12T14:46:45.632Z] E0512 11:46:45.632032    2496 watch.go:40] Failed to load config from "c:\\Users\\Usr\\Documents\\MiniAgente\\dataconnect": could not find dataconnect.yaml in `c:\Users\Usr\Documents\MiniAgente\dataconnect`
 {"metadata":{"emulator":{"name":"dataconnect"},"message":"E0512 11:46:45.632032    2496 watch.go:40] Failed to load config from \"c:\\\\Users\\\\Usr\\\\Documents\\\\MiniAgente\\\\dataconnect\": could not find dataconnect.yaml in `c:\\Users\\Usr\\Documents\\MiniAgente\\dataconnect`\n"}}
[debug] [2026-05-12T14:46:55.632Z] E0512 11:46:55.632035    2496 watch.go:40] Failed to load config from "c:\\Users\\Usr\\Documents\\MiniAgente\\dataconnect": could not find dataconnect.yaml in `c:\Users\Usr\Documents\MiniAgente\dataconnect`
 {"metadata":{"emulator":{"name":"dataconnect"},"message":"E0512 11:46:55.632035    2496 watch.go:40] Failed to load config from \"c:\\\\Users\\\\Usr\\\\Documents\\\\MiniAgente\\\\dataconnect\": could not find dataconnect.yaml in `c:\\Users\\Usr\\Documents\\MiniAgente\\dataconnect`\n"}}
[debug] [2026-05-12T14:47:05.632Z] E0512 11:47:05.631966    2496 watch.go:40] Failed to load config from "c:\\Users\\Usr\\Documents\\MiniAgente\\dataconnect": could not find dataconnect.yaml in `c:\Users\Usr\Documents\MiniAgente\dataconnect`
 {"metadata":{"emulator":{"name":"dataconnect"},"message":"E0512 11:47:05.631966    2496 watch.go:40] Failed to load config from \"c:\\\\Users\\\\Usr\\\\Documents\\\\MiniAgente\\\\dataconnect\": could not find dataconnect.yaml in `c:\\Users\\Usr\\Documents\\MiniAgente\\dataconnect`\n"}}
[debug] [2026-05-12T14:47:15.632Z] E0512 11:47:15.631459    2496 watch.go:40] Failed to load config from "c:\\Users\\Usr\\Documents\\MiniAgente\\dataconnect": could not find dataconnect.yaml in `c:\Users\Usr\Documents\MiniAgente\dataconnect`
 {"metadata":{"emulator":{"name":"dataconnect"},"message":"E0512 11:47:15.631459    2496 watch.go:40] Failed to load config from \"c:\\\\Users\\\\Usr\\\\Documents\\\\MiniAgente\\\\dataconnect\": could not find dataconnect.yaml in `c:\\Users\\Usr\\Documents\\MiniAgente\\dataconnect`\n"}}
[debug] [2026-05-12T14:47:25.631Z] E0512 11:47:25.631482    2496 watch.go:116] watchAllDir unable to walk dir `c:\Users\Usr\Documents\MiniAgente\dataconnect`: GetFileAttributesEx c:\Users\Usr\Documents\MiniAgente\dataconnect: The system cannot find the file specified.
 {"metadata":{"emulator":{"name":"dataconnect"},"message":"E0512 11:47:25.631482    2496 watch.go:116] watchAllDir unable to walk dir `c:\\Users\\Usr\\Documents\\MiniAgente\\dataconnect`: GetFileAttributesEx c:\\Users\\Usr\\Documents\\MiniAgente\\dataconnect: The system cannot find the file specified.\n"}}
[debug] [2026-05-12T14:47:25.632Z] E0512 11:47:25.631482    2496 watch.go:40] Failed to load config from "c:\\Users\\Usr\\Documents\\MiniAgente\\dataconnect": could not find dataconnect.yaml in `c:\Users\Usr\Documents\MiniAgente\dataconnect`
 {"metadata":{"emulator":{"name":"dataconnect"},"message":"E0512 11:47:25.631482    2496 watch.go:40] Failed to load config from \"c:\\\\Users\\\\Usr\\\\Documents\\\\MiniAgente\\\\dataconnect\": could not find dataconnect.yaml in `c:\\Users\\Usr\\Documents\\MiniAgente\\dataconnect`\n"}}
[debug] [2026-05-12T14:47:35.631Z] E0512 11:47:35.631543    2496 watch.go:40] Failed to load config from "c:\\Users\\Usr\\Documents\\MiniAgente\\dataconnect": could not find dataconnect.yaml in `c:\Users\Usr\Documents\MiniAgente\dataconnect`
 {"metadata":{"emulator":{"name":"dataconnect"},"message":"E0512 11:47:35.631543    2496 watch.go:40] Failed to load config from \"c:\\\\Users\\\\Usr\\\\Documents\\\\MiniAgente\\\\dataconnect\": could not find dataconnect.yaml in `c:\\Users\\Usr\\Documents\\MiniAgente\\dataconnect`\n"}}
[debug] [2026-05-12T14:47:45.631Z] E0512 11:47:45.631380    2496 watch.go:40] Failed to load config from "c:\\Users\\Usr\\Documents\\MiniAgente\\dataconnect": could not find dataconnect.yaml in `c:\Users\Usr\Documents\MiniAgente\dataconnect`
 {"metadata":{"emulator":{"name":"dataconnect"},"message":"E0512 11:47:45.631380    2496 watch.go:40] Failed to load config from \"c:\\\\Users\\\\Usr\\\\Documents\\\\MiniAgente\\\\dataconnect\": could not find dataconnect.yaml in `c:\\Users\\Usr\\Documents\\MiniAgente\\dataconnect`\n"}}
[debug] [2026-05-12T14:47:55.631Z] E0512 11:47:55.631291    2496 watch.go:40] Failed to load config from "c:\\Users\\Usr\\Documents\\MiniAgente\\dataconnect": could not find dataconnect.yaml in `c:\Users\Usr\Documents\MiniAgente\dataconnect`
 {"metadata":{"emulator":{"name":"dataconnect"},"message":"E0512 11:47:55.631291    2496 watch.go:40] Failed to load config from \"c:\\\\Users\\\\Usr\\\\Documents\\\\MiniAgente\\\\dataconnect\": could not find dataconnect.yaml in `c:\\Users\\Usr\\Documents\\MiniAgente\\dataconnect`\n"}}
[debug] [2026-05-12T14:48:05.632Z] E0512 11:48:05.631589    2496 watch.go:40] Failed to load config from "c:\\Users\\Usr\\Documents\\MiniAgente\\dataconnect": could not find dataconnect.yaml in `c:\Users\Usr\Documents\MiniAgente\dataconnect`
 {"metadata":{"emulator":{"name":"dataconnect"},"message":"E0512 11:48:05.631589    2496 watch.go:40] Failed to load config from \"c:\\\\Users\\\\Usr\\\\Documents\\\\MiniAgente\\\\dataconnect\": could not find dataconnect.yaml in `c:\\Users\\Usr\\Documents\\MiniAgente\\dataconnect`\n"}}
[debug] [2026-05-12T14:48:15.631Z] E0512 11:48:15.631426    2496 watch.go:40] Failed to load config from "c:\\Users\\Usr\\Documents\\MiniAgente\\dataconnect": could not find dataconnect.yaml in `c:\Users\Usr\Documents\MiniAgente\dataconnect`
 {"metadata":{"emulator":{"name":"dataconnect"},"message":"E0512 11:48:15.631426    2496 watch.go:40] Failed to load config from \"c:\\\\Users\\\\Usr\\\\Documents\\\\MiniAgente\\\\dataconnect\": could not find dataconnect.yaml in `c:\\Users\\Usr\\Documents\\MiniAgente\\dataconnect`\n"}}
[debug] [2026-05-12T14:48:25.631Z] E0512 11:48:25.631256    2496 watch.go:116] watchAllDir unable to walk dir `c:\Users\Usr\Documents\MiniAgente\dataconnect`: GetFileAttributesEx c:\Users\Usr\Documents\MiniAgente\dataconnect: The system cannot find the file specified.
 {"metadata":{"emulator":{"name":"dataconnect"},"message":"E0512 11:48:25.631256    2496 watch.go:116] watchAllDir unable to walk dir `c:\\Users\\Usr\\Documents\\MiniAgente\\dataconnect`: GetFileAttributesEx c:\\Users\\Usr\\Documents\\MiniAgente\\dataconnect: The system cannot find the file specified.\n"}}
[debug] [2026-05-12T14:48:25.632Z] E0512 11:48:25.631256    2496 watch.go:40] Failed to load config from "c:\\Users\\Usr\\Documents\\MiniAgente\\dataconnect": could not find dataconnect.yaml in `c:\Users\Usr\Documents\MiniAgente\dataconnect`
 {"metadata":{"emulator":{"name":"dataconnect"},"message":"E0512 11:48:25.631256    2496 watch.go:40] Failed to load config from \"c:\\\\Users\\\\Usr\\\\Documents\\\\MiniAgente\\\\dataconnect\": could not find dataconnect.yaml in `c:\\Users\\Usr\\Documents\\MiniAgente\\dataconnect`\n"}}
[debug] [2026-05-12T14:48:35.631Z] E0512 11:48:35.631297    2496 watch.go:40] Failed to load config from "c:\\Users\\Usr\\Documents\\MiniAgente\\dataconnect": could not find dataconnect.yaml in `c:\Users\Usr\Documents\MiniAgente\dataconnect`
 {"metadata":{"emulator":{"name":"dataconnect"},"message":"E0512 11:48:35.631297    2496 watch.go:40] Failed to load config from \"c:\\\\Users\\\\Usr\\\\Documents\\\\MiniAgente\\\\dataconnect\": could not find dataconnect.yaml in `c:\\Users\\Usr\\Documents\\MiniAgente\\dataconnect`\n"}}
[debug] [2026-05-12T14:48:45.631Z] E0512 11:48:45.631365    2496 watch.go:40] Failed to load config from "c:\\Users\\Usr\\Documents\\MiniAgente\\dataconnect": could not find dataconnect.yaml in `c:\Users\Usr\Documents\MiniAgente\dataconnect`
 {"metadata":{"emulator":{"name":"dataconnect"},"message":"E0512 11:48:45.631365    2496 watch.go:40] Failed to load config from \"c:\\\\Users\\\\Usr\\\\Documents\\\\MiniAgente\\\\dataconnect\": could not find dataconnect.yaml in `c:\\Users\\Usr\\Documents\\MiniAgente\\dataconnect`\n"}}
[debug] [2026-05-12T14:48:55.631Z] E0512 11:48:55.631293    2496 watch.go:40] Failed to load config from "c:\\Users\\Usr\\Documents\\MiniAgente\\dataconnect": could not find dataconnect.yaml in `c:\Users\Usr\Documents\MiniAgente\dataconnect`
 {"metadata":{"emulator":{"name":"dataconnect"},"message":"E0512 11:48:55.631293    2496 watch.go:40] Failed to load config from \"c:\\\\Users\\\\Usr\\\\Documents\\\\MiniAgente\\\\dataconnect\": could not find dataconnect.yaml in `c:\\Users\\Usr\\Documents\\MiniAgente\\dataconnect`\n"}}
[debug] [2026-05-12T14:49:05.631Z] E0512 11:49:05.630812    2496 watch.go:40] Failed to load config from "c:\\Users\\Usr\\Documents\\MiniAgente\\dataconnect": could not find dataconnect.yaml in `c:\Users\Usr\Documents\MiniAgente\dataconnect`
 {"metadata":{"emulator":{"name":"dataconnect"},"message":"E0512 11:49:05.630812    2496 watch.go:40] Failed to load config from \"c:\\\\Users\\\\Usr\\\\Documents\\\\MiniAgente\\\\dataconnect\": could not find dataconnect.yaml in `c:\\Users\\Usr\\Documents\\MiniAgente\\dataconnect`\n"}}
[debug] [2026-05-12T14:49:15.631Z] E0512 11:49:15.631104    2496 watch.go:40] Failed to load config from "c:\\Users\\Usr\\Documents\\MiniAgente\\dataconnect": could not find dataconnect.yaml in `c:\Users\Usr\Documents\MiniAgente\dataconnect`
 {"metadata":{"emulator":{"name":"dataconnect"},"message":"E0512 11:49:15.631104    2496 watch.go:40] Failed to load config from \"c:\\\\Users\\\\Usr\\\\Documents\\\\MiniAgente\\\\dataconnect\": could not find dataconnect.yaml in `c:\\Users\\Usr\\Documents\\MiniAgente\\dataconnect`\n"}}
[debug] [2026-05-12T14:49:25.631Z] E0512 11:49:25.630913    2496 watch.go:116] watchAllDir unable to walk dir `c:\Users\Usr\Documents\MiniAgente\dataconnect`: GetFileAttributesEx c:\Users\Usr\Documents\MiniAgente\dataconnect: The system cannot find the file specified.
 {"metadata":{"emulator":{"name":"dataconnect"},"message":"E0512 11:49:25.630913    2496 watch.go:116] watchAllDir unable to walk dir `c:\\Users\\Usr\\Documents\\MiniAgente\\dataconnect`: GetFileAttributesEx c:\\Users\\Usr\\Documents\\MiniAgente\\dataconnect: The system cannot find the file specified.\n"}}
[debug] [2026-05-12T14:49:25.631Z] E0512 11:49:25.630913    2496 watch.go:40] Failed to load config from "c:\\Users\\Usr\\Documents\\MiniAgente\\dataconnect": could not find dataconnect.yaml in `c:\Users\Usr\Documents\MiniAgente\dataconnect`
 {"metadata":{"emulator":{"name":"dataconnect"},"message":"E0512 11:49:25.630913    2496 watch.go:40] Failed to load config from \"c:\\\\Users\\\\Usr\\\\Documents\\\\MiniAgente\\\\dataconnect\": could not find dataconnect.yaml in `c:\\Users\\Usr\\Documents\\MiniAgente\\dataconnect`\n"}}
[debug] [2026-05-12T14:49:35.631Z] E0512 11:49:35.631001    2496 watch.go:40] Failed to load config from "c:\\Users\\Usr\\Documents\\MiniAgente\\dataconnect": could not find dataconnect.yaml in `c:\Users\Usr\Documents\MiniAgente\dataconnect`
 {"metadata":{"emulator":{"name":"dataconnect"},"message":"E0512 11:49:35.631001    2496 watch.go:40] Failed to load config from \"c:\\\\Users\\\\Usr\\\\Documents\\\\MiniAgente\\\\dataconnect\": could not find dataconnect.yaml in `c:\\Users\\Usr\\Documents\\MiniAgente\\dataconnect`\n"}}
[debug] [2026-05-12T14:49:45.631Z] E0512 11:49:45.631071    2496 watch.go:40] Failed to load config from "c:\\Users\\Usr\\Documents\\MiniAgente\\dataconnect": could not find dataconnect.yaml in `c:\Users\Usr\Documents\MiniAgente\dataconnect`
 {"metadata":{"emulator":{"name":"dataconnect"},"message":"E0512 11:49:45.631071    2496 watch.go:40] Failed to load config from \"c:\\\\Users\\\\Usr\\\\Documents\\\\MiniAgente\\\\dataconnect\": could not find dataconnect.yaml in `c:\\Users\\Usr\\Documents\\MiniAgente\\dataconnect`\n"}}
[debug] [2026-05-12T14:49:55.630Z] E0512 11:49:55.630569    2496 watch.go:40] Failed to load config from "c:\\Users\\Usr\\Documents\\MiniAgente\\dataconnect": could not find dataconnect.yaml in `c:\Users\Usr\Documents\MiniAgente\dataconnect`
 {"metadata":{"emulator":{"name":"dataconnect"},"message":"E0512 11:49:55.630569    2496 watch.go:40] Failed to load config from \"c:\\\\Users\\\\Usr\\\\Documents\\\\MiniAgente\\\\dataconnect\": could not find dataconnect.yaml in `c:\\Users\\Usr\\Documents\\MiniAgente\\dataconnect`\n"}}
[debug] [2026-05-12T14:50:05.631Z] E0512 11:50:05.630936    2496 watch.go:40] Failed to load config from "c:\\Users\\Usr\\Documents\\MiniAgente\\dataconnect": could not find dataconnect.yaml in `c:\Users\Usr\Documents\MiniAgente\dataconnect`
 {"metadata":{"emulator":{"name":"dataconnect"},"message":"E0512 11:50:05.630936    2496 watch.go:40] Failed to load config from \"c:\\\\Users\\\\Usr\\\\Documents\\\\MiniAgente\\\\dataconnect\": could not find dataconnect.yaml in `c:\\Users\\Usr\\Documents\\MiniAgente\\dataconnect`\n"}}
[debug] [2026-05-12T14:50:15.631Z] E0512 11:50:15.630875    2496 watch.go:40] Failed to load config from "c:\\Users\\Usr\\Documents\\MiniAgente\\dataconnect": could not find dataconnect.yaml in `c:\Users\Usr\Documents\MiniAgente\dataconnect`
 {"metadata":{"emulator":{"name":"dataconnect"},"message":"E0512 11:50:15.630875    2496 watch.go:40] Failed to load config from \"c:\\\\Users\\\\Usr\\\\Documents\\\\MiniAgente\\\\dataconnect\": could not find dataconnect.yaml in `c:\\Users\\Usr\\Documents\\MiniAgente\\dataconnect`\n"}}
[debug] [2026-05-12T14:50:25.630Z] E0512 11:50:25.630520    2496 watch.go:116] watchAllDir unable to walk dir `c:\Users\Usr\Documents\MiniAgente\dataconnect`: GetFileAttributesEx c:\Users\Usr\Documents\MiniAgente\dataconnect: The system cannot find the file specified.
 {"metadata":{"emulator":{"name":"dataconnect"},"message":"E0512 11:50:25.630520    2496 watch.go:116] watchAllDir unable to walk dir `c:\\Users\\Usr\\Documents\\MiniAgente\\dataconnect`: GetFileAttributesEx c:\\Users\\Usr\\Documents\\MiniAgente\\dataconnect: The system cannot find the file specified.\n"}}
[debug] [2026-05-12T14:50:25.631Z] E0512 11:50:25.630520    2496 watch.go:40] Failed to load config from "c:\\Users\\Usr\\Documents\\MiniAgente\\dataconnect": could not find dataconnect.yaml in `c:\Users\Usr\Documents\MiniAgente\dataconnect`
 {"metadata":{"emulator":{"name":"dataconnect"},"message":"E0512 11:50:25.630520    2496 watch.go:40] Failed to load config from \"c:\\\\Users\\\\Usr\\\\Documents\\\\MiniAgente\\\\dataconnect\": could not find dataconnect.yaml in `c:\\Users\\Usr\\Documents\\MiniAgente\\dataconnect`\n"}}
[debug] [2026-05-12T14:50:35.631Z] E0512 11:50:35.630852    2496 watch.go:40] Failed to load config from "c:\\Users\\Usr\\Documents\\MiniAgente\\dataconnect": could not find dataconnect.yaml in `c:\Users\Usr\Documents\MiniAgente\dataconnect`
 {"metadata":{"emulator":{"name":"dataconnect"},"message":"E0512 11:50:35.630852    2496 watch.go:40] Failed to load config from \"c:\\\\Users\\\\Usr\\\\Documents\\\\MiniAgente\\\\dataconnect\": could not find dataconnect.yaml in `c:\\Users\\Usr\\Documents\\MiniAgente\\dataconnect`\n"}}
[debug] [2026-05-12T14:50:45.631Z] E0512 11:50:45.630700    2496 watch.go:40] Failed to load config from "c:\\Users\\Usr\\Documents\\MiniAgente\\dataconnect": could not find dataconnect.yaml in `c:\Users\Usr\Documents\MiniAgente\dataconnect`
 {"metadata":{"emulator":{"name":"dataconnect"},"message":"E0512 11:50:45.630700    2496 watch.go:40] Failed to load config from \"c:\\\\Users\\\\Usr\\\\Documents\\\\MiniAgente\\\\dataconnect\": could not find dataconnect.yaml in `c:\\Users\\Usr\\Documents\\MiniAgente\\dataconnect`\n"}}
[debug] [2026-05-12T14:50:55.630Z] E0512 11:50:55.630241    2496 watch.go:40] Failed to load config from "c:\\Users\\Usr\\Documents\\MiniAgente\\dataconnect": could not find dataconnect.yaml in `c:\Users\Usr\Documents\MiniAgente\dataconnect`
 {"metadata":{"emulator":{"name":"dataconnect"},"message":"E0512 11:50:55.630241    2496 watch.go:40] Failed to load config from \"c:\\\\Users\\\\Usr\\\\Documents\\\\MiniAgente\\\\dataconnect\": could not find dataconnect.yaml in `c:\\Users\\Usr\\Documents\\MiniAgente\\dataconnect`\n"}}
[debug] [2026-05-12T14:51:05.630Z] E0512 11:51:05.630344    2496 watch.go:40] Failed to load config from "c:\\Users\\Usr\\Documents\\MiniAgente\\dataconnect": could not find dataconnect.yaml in `c:\Users\Usr\Documents\MiniAgente\dataconnect`
 {"metadata":{"emulator":{"name":"dataconnect"},"message":"E0512 11:51:05.630344    2496 watch.go:40] Failed to load config from \"c:\\\\Users\\\\Usr\\\\Documents\\\\MiniAgente\\\\dataconnect\": could not find dataconnect.yaml in `c:\\Users\\Usr\\Documents\\MiniAgente\\dataconnect`\n"}}
[debug] [2026-05-12T14:51:15.630Z] E0512 11:51:15.630246    2496 watch.go:40] Failed to load config from "c:\\Users\\Usr\\Documents\\MiniAgente\\dataconnect": could not find dataconnect.yaml in `c:\Users\Usr\Documents\MiniAgente\dataconnect`
 {"metadata":{"emulator":{"name":"dataconnect"},"message":"E0512 11:51:15.630246    2496 watch.go:40] Failed to load config from \"c:\\\\Users\\\\Usr\\\\Documents\\\\MiniAgente\\\\dataconnect\": could not find dataconnect.yaml in `c:\\Users\\Usr\\Documents\\MiniAgente\\dataconnect`\n"}}
[debug] [2026-05-12T14:51:25.630Z] E0512 11:51:25.630044    2496 watch.go:116] watchAllDir unable to walk dir `c:\Users\Usr\Documents\MiniAgente\dataconnect`: GetFileAttributesEx c:\Users\Usr\Documents\MiniAgente\dataconnect: The system cannot find the file specified.
 {"metadata":{"emulator":{"name":"dataconnect"},"message":"E0512 11:51:25.630044    2496 watch.go:116] watchAllDir unable to walk dir `c:\\Users\\Usr\\Documents\\MiniAgente\\dataconnect`: GetFileAttributesEx c:\\Users\\Usr\\Documents\\MiniAgente\\dataconnect: The system cannot find the file specified.\n"}}
[debug] [2026-05-12T14:51:25.630Z] E0512 11:51:25.630044    2496 watch.go:40] Failed to load config from "c:\\Users\\Usr\\Documents\\MiniAgente\\dataconnect": could not find dataconnect.yaml in `c:\Users\Usr\Documents\MiniAgente\dataconnect`
 {"metadata":{"emulator":{"name":"dataconnect"},"message":"E0512 11:51:25.630044    2496 watch.go:40] Failed to load config from \"c:\\\\Users\\\\Usr\\\\Documents\\\\MiniAgente\\\\dataconnect\": could not find dataconnect.yaml in `c:\\Users\\Usr\\Documents\\MiniAgente\\dataconnect`\n"}}
[debug] [2026-05-12T14:51:35.630Z] E0512 11:51:35.630290    2496 watch.go:40] Failed to load config from "c:\\Users\\Usr\\Documents\\MiniAgente\\dataconnect": could not find dataconnect.yaml in `c:\Users\Usr\Documents\MiniAgente\dataconnect`
 {"metadata":{"emulator":{"name":"dataconnect"},"message":"E0512 11:51:35.630290    2496 watch.go:40] Failed to load config from \"c:\\\\Users\\\\Usr\\\\Documents\\\\MiniAgente\\\\dataconnect\": could not find dataconnect.yaml in `c:\\Users\\Usr\\Documents\\MiniAgente\\dataconnect`\n"}}
[debug] [2026-05-12T14:51:45.630Z] E0512 11:51:45.629934    2496 watch.go:40] Failed to load config from "c:\\Users\\Usr\\Documents\\MiniAgente\\dataconnect": could not find dataconnect.yaml in `c:\Users\Usr\Documents\MiniAgente\dataconnect`
 {"metadata":{"emulator":{"name":"dataconnect"},"message":"E0512 11:51:45.629934    2496 watch.go:40] Failed to load config from \"c:\\\\Users\\\\Usr\\\\Documents\\\\MiniAgente\\\\dataconnect\": could not find dataconnect.yaml in `c:\\Users\\Usr\\Documents\\MiniAgente\\dataconnect`\n"}}
[debug] [2026-05-12T14:51:55.630Z] E0512 11:51:55.630093    2496 watch.go:40] Failed to load config from "c:\\Users\\Usr\\Documents\\MiniAgente\\dataconnect": could not find dataconnect.yaml in `c:\Users\Usr\Documents\MiniAgente\dataconnect`
 {"metadata":{"emulator":{"name":"dataconnect"},"message":"E0512 11:51:55.630093    2496 watch.go:40] Failed to load config from \"c:\\\\Users\\\\Usr\\\\Documents\\\\MiniAgente\\\\dataconnect\": could not find dataconnect.yaml in `c:\\Users\\Usr\\Documents\\MiniAgente\\dataconnect`\n"}}
[debug] [2026-05-12T14:52:05.630Z] E0512 11:52:05.629794    2496 watch.go:40] Failed to load config from "c:\\Users\\Usr\\Documents\\MiniAgente\\dataconnect": could not find dataconnect.yaml in `c:\Users\Usr\Documents\MiniAgente\dataconnect`
 {"metadata":{"emulator":{"name":"dataconnect"},"message":"E0512 11:52:05.629794    2496 watch.go:40] Failed to load config from \"c:\\\\Users\\\\Usr\\\\Documents\\\\MiniAgente\\\\dataconnect\": could not find dataconnect.yaml in `c:\\Users\\Usr\\Documents\\MiniAgente\\dataconnect`\n"}}
[debug] [2026-05-12T14:52:15.630Z] E0512 11:52:15.629764    2496 watch.go:40] Failed to load config from "c:\\Users\\Usr\\Documents\\MiniAgente\\dataconnect": could not find dataconnect.yaml in `c:\Users\Usr\Documents\MiniAgente\dataconnect`
 {"metadata":{"emulator":{"name":"dataconnect"},"message":"E0512 11:52:15.629764    2496 watch.go:40] Failed to load config from \"c:\\\\Users\\\\Usr\\\\Documents\\\\MiniAgente\\\\dataconnect\": could not find dataconnect.yaml in `c:\\Users\\Usr\\Documents\\MiniAgente\\dataconnect`\n"}}
[debug] [2026-05-12T14:52:25.630Z] E0512 11:52:25.629737    2496 watch.go:116] watchAllDir unable to walk dir `c:\Users\Usr\Documents\MiniAgente\dataconnect`: GetFileAttributesEx c:\Users\Usr\Documents\MiniAgente\dataconnect: The system cannot find the file specified.
 {"metadata":{"emulator":{"name":"dataconnect"},"message":"E0512 11:52:25.629737    2496 watch.go:116] watchAllDir unable to walk dir `c:\\Users\\Usr\\Documents\\MiniAgente\\dataconnect`: GetFileAttributesEx c:\\Users\\Usr\\Documents\\MiniAgente\\dataconnect: The system cannot find the file specified.\n"}}
[debug] [2026-05-12T14:52:25.630Z] E0512 11:52:25.629737    2496 watch.go:40] Failed to load config from "c:\\Users\\Usr\\Documents\\MiniAgente\\dataconnect": could not find dataconnect.yaml in `c:\Users\Usr\Documents\MiniAgente\dataconnect`
 {"metadata":{"emulator":{"name":"dataconnect"},"message":"E0512 11:52:25.629737    2496 watch.go:40] Failed to load config from \"c:\\\\Users\\\\Usr\\\\Documents\\\\MiniAgente\\\\dataconnect\": could not find dataconnect.yaml in `c:\\Users\\Usr\\Documents\\MiniAgente\\dataconnect`\n"}}
[debug] [2026-05-12T14:52:35.629Z] E0512 11:52:35.629644    2496 watch.go:40] Failed to load config from "c:\\Users\\Usr\\Documents\\MiniAgente\\dataconnect": could not find dataconnect.yaml in `c:\Users\Usr\Documents\MiniAgente\dataconnect`
 {"metadata":{"emulator":{"name":"dataconnect"},"message":"E0512 11:52:35.629644    2496 watch.go:40] Failed to load config from \"c:\\\\Users\\\\Usr\\\\Documents\\\\MiniAgente\\\\dataconnect\": could not find dataconnect.yaml in `c:\\Users\\Usr\\Documents\\MiniAgente\\dataconnect`\n"}}
[debug] [2026-05-12T14:52:45.630Z] E0512 11:52:45.629876    2496 watch.go:40] Failed to load config from "c:\\Users\\Usr\\Documents\\MiniAgente\\dataconnect": could not find dataconnect.yaml in `c:\Users\Usr\Documents\MiniAgente\dataconnect`
 {"metadata":{"emulator":{"name":"dataconnect"},"message":"E0512 11:52:45.629876    2496 watch.go:40] Failed to load config from \"c:\\\\Users\\\\Usr\\\\Documents\\\\MiniAgente\\\\dataconnect\": could not find dataconnect.yaml in `c:\\Users\\Usr\\Documents\\MiniAgente\\dataconnect`\n"}}
[debug] [2026-05-12T14:52:55.630Z] E0512 11:52:55.629511    2496 watch.go:40] Failed to load config from "c:\\Users\\Usr\\Documents\\MiniAgente\\dataconnect": could not find dataconnect.yaml in `c:\Users\Usr\Documents\MiniAgente\dataconnect`
 {"metadata":{"emulator":{"name":"dataconnect"},"message":"E0512 11:52:55.629511    2496 watch.go:40] Failed to load config from \"c:\\\\Users\\\\Usr\\\\Documents\\\\MiniAgente\\\\dataconnect\": could not find dataconnect.yaml in `c:\\Users\\Usr\\Documents\\MiniAgente\\dataconnect`\n"}}
[debug] [2026-05-12T14:53:05.630Z] E0512 11:53:05.629498    2496 watch.go:40] Failed to load config from "c:\\Users\\Usr\\Documents\\MiniAgente\\dataconnect": could not find dataconnect.yaml in `c:\Users\Usr\Documents\MiniAgente\dataconnect`
 {"metadata":{"emulator":{"name":"dataconnect"},"message":"E0512 11:53:05.629498    2496 watch.go:40] Failed to load config from \"c:\\\\Users\\\\Usr\\\\Documents\\\\MiniAgente\\\\dataconnect\": could not find dataconnect.yaml in `c:\\Users\\Usr\\Documents\\MiniAgente\\dataconnect`\n"}}
[debug] [2026-05-12T14:53:15.630Z] E0512 11:53:15.629539    2496 watch.go:40] Failed to load config from "c:\\Users\\Usr\\Documents\\MiniAgente\\dataconnect": could not find dataconnect.yaml in `c:\Users\Usr\Documents\MiniAgente\dataconnect`
 {"metadata":{"emulator":{"name":"dataconnect"},"message":"E0512 11:53:15.629539    2496 watch.go:40] Failed to load config from \"c:\\\\Users\\\\Usr\\\\Documents\\\\MiniAgente\\\\dataconnect\": could not find dataconnect.yaml in `c:\\Users\\Usr\\Documents\\MiniAgente\\dataconnect`\n"}}
[debug] [2026-05-12T14:53:25.629Z] E0512 11:53:25.629628    2496 watch.go:116] watchAllDir unable to walk dir `c:\Users\Usr\Documents\MiniAgente\dataconnect`: GetFileAttributesEx c:\Users\Usr\Documents\MiniAgente\dataconnect: The system cannot find the file specified.
 {"metadata":{"emulator":{"name":"dataconnect"},"message":"E0512 11:53:25.629628    2496 watch.go:116] watchAllDir unable to walk dir `c:\\Users\\Usr\\Documents\\MiniAgente\\dataconnect`: GetFileAttributesEx c:\\Users\\Usr\\Documents\\MiniAgente\\dataconnect: The system cannot find the file specified.\n"}}
[debug] [2026-05-12T14:53:25.630Z] E0512 11:53:25.629628    2496 watch.go:40] Failed to load config from "c:\\Users\\Usr\\Documents\\MiniAgente\\dataconnect": could not find dataconnect.yaml in `c:\Users\Usr\Documents\MiniAgente\dataconnect`
 {"metadata":{"emulator":{"name":"dataconnect"},"message":"E0512 11:53:25.629628    2496 watch.go:40] Failed to load config from \"c:\\\\Users\\\\Usr\\\\Documents\\\\MiniAgente\\\\dataconnect\": could not find dataconnect.yaml in `c:\\Users\\Usr\\Documents\\MiniAgente\\dataconnect`\n"}}
[debug] [2026-05-12T14:53:35.629Z] E0512 11:53:35.629403    2496 watch.go:40] Failed to load config from "c:\\Users\\Usr\\Documents\\MiniAgente\\dataconnect": could not find dataconnect.yaml in `c:\Users\Usr\Documents\MiniAgente\dataconnect`
 {"metadata":{"emulator":{"name":"dataconnect"},"message":"E0512 11:53:35.629403    2496 watch.go:40] Failed to load config from \"c:\\\\Users\\\\Usr\\\\Documents\\\\MiniAgente\\\\dataconnect\": could not find dataconnect.yaml in `c:\\Users\\Usr\\Documents\\MiniAgente\\dataconnect`\n"}}
[debug] [2026-05-12T14:53:44.945Z] [Firebase Plugin] Received emulators shutdown notification.
[debug] [2026-05-12T14:53:45.629Z] E0512 11:53:45.629384    2496 watch.go:40] Failed to load config from "c:\\Users\\Usr\\Documents\\MiniAgente\\dataconnect": could not find dataconnect.yaml in `c:\Users\Usr\Documents\MiniAgente\dataconnect`
 {"metadata":{"emulator":{"name":"dataconnect"},"message":"E0512 11:53:45.629384    2496 watch.go:40] Failed to load config from \"c:\\\\Users\\\\Usr\\\\Documents\\\\MiniAgente\\\\dataconnect\": could not find dataconnect.yaml in `c:\\Users\\Usr\\Documents\\MiniAgente\\dataconnect`\n"}}
[info] [Firebase Plugin] Stopping SQL Connect toolkit
[warn] !  SQL Connect Emulator has exited upon receiving signal: SIGINT 
